:020000040800F2
:1000000000500020CD070008750500087D05000898
:10001000850500088D050008950500080000000012
:100020000000000000000000000000009D05000826
:10003000A905000800000000B5050008C10500087A
:10004000150800081508000815080008150800081C
:10005000150800081508000815080008150800080C
:1000600015080008150800081508000815080008FC
:1000700015080008150800081508000815080008EC
:1000800015080008150800081508000815080008DC
:1000900015080008150800081508000815080008CC
:1000A00015080008150800081508000815080008BC
:1000B0009106000815080008150800081508000832
:1000C000150800081508000815080008150800089C
:1000D000150800081508000815080008150800088C
:1000E00015080008150800081508000800000000A1
:1000F0000000000000000000000000000000000000
:0C01000000000000000000005FF808F1A3
:10010C0010B5054C237833B9044B13B10448AFF345
:10011C0000800123237010BD10000020000000009F
:10012C00F015000808B5034B1BB103490348AFF3A6
:10013C00008008BD0000000014000020F01500082D
:10014C0080B400AF2C4B9B692B4A43F0090393619D
:10015C00294BDB69284A43F00073D361274B5B685A
:10016C00264A43F480435360254B5B68244A23F0B2
:10017C000F035360224B5B68214A43F00403536026
:10018C001F4B5B681E4A23F0F00353601C4B5B68EB
:10019C001B4A43F0B00353601A4B1B68194A23F0F7
:1001AC000203136000BF174B5B6803F00203002BC4
:1001BC00F9D1144B1B68134A43F00103136000BFC1
:1001CC00104B5B6803F00103002BF9D00D4B0E4A6A
:1001DC00DA610C4B1B680B4A23F00103136000BF60
:1001EC00084B5B6803F00103002BF9D100BF00BF83
:1001FC00BD4680BC704700BF0010024000000140AB
:10020C00000C01400064004003001E0080B487B065
:10021C0000AFF8600B467A60FB72544B9B6803F09E
:10022C008063002B02D00023FB7513E04F4B9B68BF
:10023C0003F00063002B02D00123FB750AE04B4B4B
:10024C009B6803F08053002B02D00223FB7501E066
:10025C00002386E0454AFB7D18331B0113441B68C1
:10026C00424AFB7D18331B01134400221A60FB7AAF
:10027C00002B0FD13D4AFB7D18331B011344196829
:10028C00FB685A053948FB7D0A4318331B010344AC
:10029C001A601CE0354AFB7D18331B0113441A68A5
:1002AC003249FB7D42F0040218331B010B441A60E7
:1002BC002E4AFB7D18331B0113441968FB68DA00C6
:1002CC002A48FB7D0A4318331B0103441A60274A52
:1002DC00FB7D18331B011344043308221A607B681E
:1002EC0003331B781A067B6802331B781B041A43F2
:1002FC007B6801331B781B021A437B681B781846FA
:10030C001A49FB7D02431B010B4403F5C4731A60AD
:10031C007B6807331B781A067B6806331B781B0433
:10032C001A437B6805331B781B021A437B68043322
:10033C001B7818460D49FB7D02431B010B4403F54A
:10034C00C6731A60094AFB7D18331B0113441A68E3
:10035C000649FB7D42F0010218331B010B441A6065
:10036C00012318461C37BD4680BC70470064004012
:10037C0080B400AF0B4B45F255521A60094B042266
:10038C005A60084B40F252729A60064B4AF6AA2207
:10039C001A60044B4CF6CC421A6000BFBD4680BCC0
:1003AC00704700BF0030004080B500AF00F02EFA5F
:1003BC0000F01EF800F062F8002204210A4800F058
:1003CC00EFFCFFF7BDFE00F0B9F9FFF7D1FF00F02D
:1003DC0021F901220421044800F0E2FC034B4AF607
:1003EC00AA221A6000BFF4E7000C01400030004064
:1003FC0080B590B000AF07F11803282200211846F1
:10040C0001F0C4F83B1D00221A605A609A60DA6051
:10041C001A610123BB614FF48033FB6100233B6203
:10042C000123BB6202237B634FF48033BB634FF425
:10043C00E013FB6307F11803184600F0C9FC0346F0
:10044C00002B01D000F058F80F237B600223BB6017
:10045C000023FB604FF480633B6100237B613B1DF9
:10046C000221184600F036FF0346002B01D000F0A5
:10047C0043F800BF4037BD4680BD000080B586B054
:10048C0000AF07F1080300221A605A609A60DA6024
:10049C00174B9B69164A43F020039361144B9B69DD
:1004AC0003F020037B607B68114B9B69104A43F07F
:1004BC00080393610E4B9B6903F008033B603B6898
:1004CC00002204210B4800F06BFC0423BB600123C9
:1004DC00FB6000233B6102237B6107F10803194693
:1004EC00044800F0D9FA00BF1837BD4680BD00BFE4
:1004FC0000100240000C014080B400AF72B600BF87
:10050C0000BFFDE780B485B000AF154B9B69144A62
:10051C0043F001039361124B9B6903F00103BB6031
:10052C00BB680F4BDB690E4A43F08053D3610C4B15
:10053C00DB6903F080537B607B680A4B5B68FB6074
:10054C00FB6823F0E063FB60FB6843F08063FB60B7
:10055C00044AFB68536000BF1437BD4680BC70472B
:10056C00001002400000014080B400AF00BFFDE766
:10057C0080B400AF00BFFDE780B400AF00BFFDE763
:10058C0080B400AF00BFFDE780B400AF00BFFDE753
:10059C0080B400AF00BFBD4680BC704780B400AFD4
:1005AC0000BFBD4680BC704780B400AF00BFBD46E5
:1005BC0080BC704780B500AF00F06EF9034B1B6830
:1005CC000133024A136000BF80BD00BF2C00002025
:1005DC0080B400AF00BFBD4680BC704780B483B010
:1005EC0000AF0346FB7197F90730002B0BDBFB794F
:1005FC0003F01F02064997F907305B09012000FA46
:10060C0002F241F8232000BF0C37BD4680BC704776
:10061C0000E100E080B500AF184BDB69174A43F0EE
:10062C000103D3614FF0804347229A62144B1B683D
:10063C004FF08042013BD3624FF0804300225A625C
:10064C004FF080435B694FF0804243F001035361EC
:10065C004FF08043DB684FF0804243F00103D360DE
:10066C004FF080431B684FF0804243F0010313604E
:10067C001C20FFF7B3FF00BF80BD00BF001002407D
:10068C000816000880B500AF4FF080431B6903F0DB
:10069C000103002B4AD04FF080431B694FF080427E
:1006AC0023F001031361224B1A68224913461B01E4
:1006BC0013440B4458681E4B1A681E4913461B0101
:1006CC0013440B4408331978194B1A6813461B0151
:1006DC0013440833174A134401331A46FFF796FDA7
:1006EC00134B1B680133124A1360134B1B685A1EC1
:1006FC000F4B1B689A4202D80D4B00221A604FF028
:10070C00804347229A620A4B1A680A4913461B0116
:10071C0013440B441B68642202FB03F34FF080422A
:10072C00013BD3624FF0804300225A6200BF80BD70
:10073C0030000020081600080000002080B400AF34
:10074C001C4B9B691B4A43F004039361194B9B6937
:10075C00184A43F480439361174B5B68164A23F0A5
:10076C00C0035360144B5B68134A43F0800353601F
:10077C00114B5B68104A43F0300353600E4B5B68BF
:10078C000D4A23F4407353600B4B5B680A4A43F4E5
:10079C0080635360094B41F67E529A60074BDB68CD
:1007AC00064A43F4005343F00C03D36000BFBD462C
:1007BC0080BC704700100240000801400038014026
:1007CC00FFF706FF0B480C490C4A002302E0D458F3
:1007DC00C4500433C4188C42F9D3094A094C002381
:1007EC0001E013600432A242FBD300F0D7FEFFF706
:1007FC00DBFD70470000002010000020A4A40108BD
:10080C001000002038000020FEE7000080B500AF8B
:10081C00084B1B68074A43F010031360032000F0D9
:10082C0007F90F2000F008F8FFF76CFE00231846BC
:10083C0080BD00BF0020024080B582B000AF786060
:10084C00124B1A68124B1B7819464FF47A73B3FB90
:10085C00F1F3B2FBF3F3184600F011F90346002B49
:10086C0001D001230EE07B680F2B0AD80022796897
:10087C004FF0FF3000F0E7F8064A7B681360002366
:10088C0000E0012318460837BD4680BD0400002057
:10089C000C0000200800002080B400AF054B1B7832
:1008AC001A46054B1B681344034A136000BFBD4630
:1008BC0080BC70470C0000203400002080B400AFD6
:1008CC00024B1B681846BD4680BC704734000020A4
:1008DC0080B485B000AF78607B6803F00703FB60E1
:1008EC000C4BDB68BB60BA684FF6FF031340BB6070
:1008FC00FB681A02BB68134343F0BF6343F4003335
:10090C00BB60044ABB68D36000BF1437BD4680BCD3
:10091C00704700BF00ED00E080B400AF044BDB6813
:10092C001B0A03F007031846BD4680BC704700BF86
:10093C0000ED00E080B483B000AF03463960FB717A
:10094C0097F90730002B0ADB3B68DAB20C4997F9B0
:10095C0007301201D2B20B4483F800230AE03B6843
:10096C00DAB20849FB7903F00F03043B1201D2B24F
:10097C000B441A7600BF0C37BD4680BC704700BFD5
:10098C0000E100E000ED00E080B489B000AFF86059
:10099C00B9607A60FB6803F00703FB61FB69C3F184
:1009AC000703042B28BF0423BB61FB690433062B0C
:1009BC0002D9FB69033B00E000237B614FF0FF325F
:1009CC00BB6902FA03F3DA43BB681A407B699A40AD
:1009DC004FF0FF317B6901FA03F3D9437B680B407D
:1009EC00134318462437BD4680BC704780B582B08F
:1009FC0000AF78607B68013BB3F1807F01D30123AA
:100A0C000FE00A4A7B68013B53600F214FF0FF3027
:100A1C00FFF790FF054B00229A60044B07221A60E7
:100A2C00002318460837BD4680BD00BF10E000E02B
:100A3C0080B582B000AF78607868FFF749FF00BFDF
:100A4C000837BD4680BD80B586B000AF0346B9609F
:100A5C007A60FB7300237B61FFF75EFF78617A6835
:100A6C00B9687869FFF790FF024697F90F30114685
:100A7C001846FFF75FFF00BF1837BD4680BD80B535
:100A8C0082B000AF78607868FFF7B0FF0346184675
:100A9C000837BD4680BD000080B48BB000AF7860D5
:100AAC00396000237B6200233B6269E101227B6A8F
:100ABC0002FA03F3FB613B681B68FA691340BB61E4
:100ACC00BA69FB699A4240F058813B685B689A4A64
:100ADC0093425ED0984A934275D8984A934258D024
:100AEC00964A93426FD8964A934252D0944A934274
:100AFC0069D8944A93424CD0924A934263D8924A12
:100B0C00934246D0904A93425DD8122B2AD8122B8E
:100B1C0059D801A252F823F09F0B0008790B00085A
:100B2C008B0B0008CD0B0008D30B0008D30B00086F
:100B3C00D30B0008D30B0008D30B0008D30B000811
:100B4C00D30B0008D30B0008D30B0008D30B000801
:100B5C00D30B0008D30B0008D30B0008810B000843
:100B6C00950B0008794A934213D02CE03B68DB6864
:100B7C003B6229E03B68DB6804333B6224E03B6862
:100B8C00DB6808333B621FE03B68DB680C333B627D
:100B9C001AE03B689B68002B02D104233B6213E0F4
:100BAC003B689B68012B05D108233B627B68FA6983
:100BBC001A6109E008233B627B68FA695A6103E019
:100BCC0000233B6200E000BFBB69FF2B01D87B68B0
:100BDC0001E07B6804337B61BB69FF2B02D87B6A25
:100BEC009B0002E07B6A083B9B003B617B691A68B7
:100BFC000F213B6901FA03F3DB431A40396A3B6965
:100C0C0001FA03F31A437B691A603B685B6803F0D3
:100C1C008053002B00F0B1804D4B9B694C4A43F044
:100C2C00010393614A4B9B6903F00103BB60BB68F2
:100C3C00484A7B6A9B08023352F82330FB607B6A7C
:100C4C0003F003039B000F2202FA03F3DB43FA6861
:100C5C001340FB607B68404A934213D07B683F4A49
:100C6C0093420DD07B683E4A934207D07B683D4A45
:100C7C00934201D1032306E0042304E0022302E0A3
:100C8C00012300E000237A6A02F0030292009340F1
:100C9C00FA681343FB602F497B6A9B080233FA689E
:100CAC0041F823203B685B6803F48013002B06D0CB
:100CBC002D4B9A682C49BB6913438B6006E02A4B79
:100CCC009A68BB69DB43284913408B603B685B68BF
:100CDC0003F40013002B06D0234BDA682249BB69BE
:100CEC001343CB6006E0204BDA68BB69DB431E493B
:100CFC001340CB603B685B6803F40033002B06D0D9
:100D0C00194B5A681849BB6913434B6006E0164BE4
:100D1C005A68BB69DB43144913404B603B685B6802
:100D2C0003F48033002B21D00F4B1A680E49BB699A
:100D3C0013430B6021E000BF0000321000003110A3
:100D4C0000002210000021100000121000001110F1
:100D5C00001002400000014000080140000C01405E
:100D6C000010014000140140000401400B4B1A68B4
:100D7C00BB69DB43094913400B607B6A01337B621F
:100D8C003B681A687B6A22FA03F3002B7FF48EAE61
:100D9C0000BF00BF2C37BD4680BC7047000401402B
:100DAC0080B483B000AF78600B467B8013467B70B9
:100DBC007B78002B03D07A887B681A6103E07B88F0
:100DCC001A047B681A6100BF0C37BD4680BC7047A3
:100DDC0080B586B000AF78607B68002B01D1012311
:100DEC0072E27B681B6803F00103002B00F0878024
:100DFC00924B5B6803F00C03042B0CD08F4B5B689D
:100E0C0003F00C03082B12D18C4B5B6803F480337A
:100E1C00B3F5803F0BD1894B1B6803F40033002BD7
:100E2C006CD07B685B68002B68D101234CE27B683B
:100E3C005B68B3F5803F06D1804B1B687F4A43F457
:100E4C00803313602EE07B685B68002B0CD17B4BEE
:100E5C001B687A4A23F480331360784B1B68774AFB
:100E6C0023F4802313601DE07B685B68B3F5A02F2F
:100E7C000CD1724B1B68714A43F4802313606F4B87
:100E8C001B686E4A43F4803313600BE06B4B1B689A
:100E9C006A4A23F480331360684B1B68674A23F457
:100EAC00802313607B685B68002B13D0FFF706FD73
:100EBC00386108E0FFF702FD02463B69D31A642B48
:100ECC0001D9032300E25D4B1B6803F40033002BB4
:100EDC00F0D014E0FFF7F2FC386108E0FFF7EEFC0D
:100EEC0002463B69D31A642B01D90323ECE1534B23
:100EFC001B6803F40033002BF0D100E000BF7B68CB
:100F0C001B6803F00203002B63D04C4B5B6803F0AF
:100F1C000C03002B0BD0494B5B6803F00C03082B24
:100F2C001CD1464B5B6803F48033002B16D1434B2A
:100F3C001B6803F00203002B05D07B681B69012B97
:100F4C0001D00123C0E13D4B1B6823F0F8027B6804
:100F5C005B69DB00394913430B603AE07B681B6922
:100F6C00002B20D0364B01221A60FFF7A7FC38610A
:100F7C0008E0FFF7A3FC02463B69D31A022B01D908
:100F8C000323A1E12D4B1B6803F00203002BF0D0CF
:100F9C002A4B1B6823F0F8027B685B69DB0027494E
:100FAC0013430B6015E0264B00221A60FFF786FCFA
:100FBC00386108E0FFF782FC02463B69D31A022B2A
:100FCC0001D9032380E11D4B1B6803F00203002BA6
:100FDC00F0D17B681B6803F00803002B3AD07B68C8
:100FEC009B69002B19D0174B01221A60FFF766FC86
:100FFC00386108E0FFF762FC02463B69D31A022B0A
:10100C0001D9032360E10D4B5B6A03F00203002B53
:10101C00F0D0012000F09CFA1CE00A4B00221A6070
:10102C00FFF74CFC38610FE0FFF748FC02463B69C8
:10103C00D31A022B08D9032346E100BF001002404B
:10104C000000424280044242924B5B6A03F002036E
:10105C00002BE9D17B681B6803F00403002B00F024
:10106C00A6800023FB758B4BDB6903F08053002BB0
:10107C000DD1884BDB69874A43F08053D361854B94
:10108C00DB6903F08053BB60BB680123FB75824BAB
:10109C001B6803F48073002B18D17F4B1B687E4AAE
:1010AC0043F480731360FFF709FC386108E0FFF725
:1010BC0005FC02463B69D31A642B01D9032303E1D7
:1010CC00754B1B6803F48073002BF0D07B68DB68D6
:1010DC00012B06D16F4B1B6A6E4A43F0010313625E
:1010EC002DE07B68DB68002B0CD16A4B1B6A694ACC
:1010FC0023F001031362674B1B6A664A23F0040357
:10110C0013621CE07B68DB68052B0CD1614B1B6AFE
:10111C00604A43F0040313625E4B1B6A5D4A43F062
:10112C00010313620BE05B4B1B6A5A4A23F0010369
:10113C001362584B1B6A574A23F0040313627B68F3
:10114C00DB68002B15D0FFF7B9FB38610AE0FFF71D
:10115C00B5FB02463B69D31A41F28832934201D95E
:10116C000323B1E04B4B1B6A03F00203002BEED0C0
:10117C0014E0FFF7A3FB38610AE0FFF79FFB024680
:10118C003B69D31A41F28832934201D903239BE085
:10119C00404B1B6A03F00203002BEED1FB7D012BAD
:1011AC0005D13C4BDB693B4A23F08053D3617B6810
:1011BC00DB69002B00F08780364B5B6803F00C0377
:1011CC00082B61D07B68DB69022B46D1334B0022A4
:1011DC001A60FFF773FB386108E0FFF76FFB0246FC
:1011EC003B69D31A022B01D903236DE0294B1B68F1
:1011FC0003F00073002BF0D17B681B6AB3F5803FC2
:10120C0008D1244B5B6823F400327B689B6821492E
:10121C0013434B601F4B5B6823F474127B68196A91
:10122C007B685B6A0B431B4913434B601B4B0122CE
:10123C001A60FFF743FB386108E0FFF73FFB0246FB
:10124C003B69D31A022B01D903233DE0114B1B68D8
:10125C0003F00073002BF0D035E0104B00221A6025
:10126C00FFF72CFB386108E0FFF728FB02463B69CF
:10127C00D31A022B01D9032326E0064B1B6803F07B
:10128C000073002BF0D11EE07B68DB69012B07D1CA
:10129C00012319E00010024000700040600042423F
:1012AC000B4B5B68FB60FB6803F480327B681B6A4A
:1012BC009A4206D1FB6803F470127B685B6A9A420F
:1012CC0001D0012300E0002318461837BD4680BD2D
:1012DC000010024080B584B000AF786039607B6844
:1012EC00002B01D10123D0E06A4B1B6803F00703EC
:1012FC003A689A4210D9674B1B6823F0070265497C
:10130C003B6813430B60634B1B6803F007033A689D
:10131C009A4201D00123B8E07B681B6803F00203FA
:10132C00002B20D07B681B6803F00403002B05D036
:10133C00594B5B68584A43F4E06353607B681B6805
:10134C0003F00803002B05D0534B5B68524A43F45F
:10135C0060535360504B5B6823F0F0027B689B68D2
:10136C004D4913434B607B681B6803F00103002B52
:10137C0040D07B685B68012B07D1474B1B6803F49B
:10138C000033002B15D101237FE07B685B68022BB7
:10139C0007D1414B1B6803F00073002B09D10123CB
:1013AC0073E03D4B1B6803F00203002B01D10123BA
:1013BC006BE0394B5B6823F003027B685B68364952
:1013CC0013434B60FFF77AFAF8600AE0FFF776FAFE
:1013DC000246FB68D31A41F28832934201D90323A7
:1013EC0053E02D4B5B6803F00C027B685B689B0041
:1013FC009A42EBD1274B1B6803F007033A689A42D9
:10140C0010D2244B1B6823F0070222493B6813437C
:10141C000B60204B1B6803F007033A689A4201D01B
:10142C00012332E07B681B6803F00403002B08D017
:10143C00194B5B6823F4E0627B68DB681649134345
:10144C004B607B681B6803F00803002B09D0124B20
:10145C005B6823F460527B681B69DB000E49134305
:10146C004B6000F021F802460B4B5B681B0903F044
:10147C000F030A49CB5C22FA03F3094A1360094BA8
:10148C001B681846FFF7D8F9002318461037BD46DD
:10149C0080BD00BF002002400010024078A401086B
:1014AC00040000200800002080B487B000AF0023A7
:1014BC00FB600023BB6000237B6100237B60002367
:1014CC003B611E4B5B68FB60FB6803F00C03042B59
:1014DC0002D0082B03D027E0194B3B6127E0FB68B7
:1014EC009B0C03F00F03174AD35C7B60FB6803F47F
:1014FC008033002B10D0114B5B685B0C03F00103A5
:10150C00114AD35CBB607B680D4A03FB02F2BB68DB
:10151C00B2FBF3F37B6104E07B680C4A02FB03F340
:10152C007B617B693B6102E0054B3B6100BF3B6922
:10153C0018461C37BD4680BC704700BF00100240E7
:10154C0000127A0088A4010898A4010800093D0043
:10155C0080B485B000AF78600A4B1B680A4AA2FBC6
:10156C0003235B0A7A6802FB03F3FB6000BFFB6892
:10157C005A1EFA60002BF9D100BF00BF1437BD46CC
:10158C0080BC704704000020D34D62100346024417
:10159C00934200D1704703F8011BF9E770B50026A0
:1015AC000C4D0D4C641BA410A64209D100F01AF886
:1015BC0000260A4D0A4C641BA410A64205D170BD2E
:1015CC0055F8043B98470136EEE755F8043B98472D
:1015DC000136F2E79CA401089CA401089CA4010814
:1015EC00A0A40108F8B500BFF8BC08BC9E46704723
:0C15FC00F8B500BFF8BC08BC9E46704764
:101608000A0000002101000000FA0A004036627E4C
:10161800FE04000000A800000000EAD4BF078964A7
:101628005C0F02000000A700000000EFD45F7FFD00
:10163800F5573E5D000000A70000000094D55F7FCD
:10164800FDF5573E02000000A800000000C7D5BF06
:10165800078964600F5E0000002101000000510B43
:10166800004036627EFE03000000A700000000086C
:10167800D65F7FFDF5673E02000000A8000000006D
:10168800EBD6BF078964620F64000000A700000062
:101698000081D75F7FFDF5673E03000000A80000CA
:1016A8000000FED7BF078964620F600000002101B7
:1016B800000000940C004036627EFE03000000BE6D
:1016C800030000001C150701A8C0088002000000E4
:1016D800A700000000CCD85F7FFDF5673E02000040
:1016E80000A800000000F8D8BF078964640F5D00F7
:1016F8000000A7000000001CD95F7FFDF5673E03CE
:10170800000000A800000000C2D9BF078964680F64
:101718005E0000002101000000870D004036627E57
:10172800FE02000000A7000000001ADA5F7FFDF546
:10173800673E02000000A80000000081DABF0789A8
:10174800646A0F62000000A70000000074DB5F7F7E
:10175800FDF5673E02000000A80000000074DBBF32
:101768000789646E0F630000002101000000140E59
:10177800004036627EFE06000000A700000000CB95
:10178800DC5F7FFDF5673E02000000A80000000056
:1017980076DCBF0789646C0F5C000000A7000000BE
:1017A800003BDD5F7FFDF5673E03000000A80000F9
:1017B800000065DDBF0789646C0F5E000000210131
:1017C800000000A20F004036627EFE02000000A763
:1017D80000000000B0DE5F7FFDF5673E03000000FB
:1017E800A800000000D7DEBF0789646C0F64000002
:1017F80000A7000000006EDF5F7FFDF5673E020076
:101808000000A80000000044DFBF0789646E0F6372
:1018180000000021010000006C00004036627EFEDE
:1018280004000000A80000000084D0BF078964728B
:101838000F02000000A700000000A7D05F7FFDF5A1
:10184800673E5F000000A7000000002FD15F7FFD0A
:10185800F5673E03000000A800000000FED1BF07A6
:101868008964720F5D000000210100000000010082
:101878004036627EFE02000000BE03000000011632
:101888000701A8C0088002000000A700000000426D
:10189800D21F7FFDF5673E03000000A8000000008E
:1018A80012D2BF078964720F430000007600001B44
:1018B8000176000401010000001C000000A70000E0
:1018C8000000C3D31F7FFDF5673E02000000A8009B
:1018D80000000055D3BF0789646E0F630000002124
:1018E800010000008F02004036627EFE0500000005
:1018F800A700000000F9D41F7FFDF5673E02000035
:1019080000A800000000E5D4BF0789646C0F5C00E4
:101918000000A70000000082D51F7FFDF5673E028A
:10192800000000A800000000B7D5BF078964680F51
:101938005F00000021010000007D03004036627E48
:10194800FE03000000A70000000011D61F7FFDF570
:10195800673E02000000A800000000D3D6BF078938
:1019680064660F61000000A70000000098D71F7F81
:10197800FDF5673E03000000A800000000FED7BF89
:10198800078964620F630000002101000000C004A1
:10199800004036627EFE04000000A8000000009BA4
:1019A800D8BF0789645E0F02000000A7000000008E
:1019B800D5D81F7FFDF5673E5C000000A70000003A
:1019C8000005D91F7FFDF5673E03000000A8000051
:1019D8000000D1D9BF0789645A0F5F0000002101B8
:1019E800000000F705004036627EFE02000000A7F6
:1019F800000000001ADA5F7FFDF5673E0200000074
:101A0800A800000000DADABF078964540F640000F8
:101A180000A70000000074DB5F7FFDF5673E030050
:101A28000000A80000000033DBBF078964520F6084
:101A38000000002101000000F006004036627EFE32
:101A480002000000BE030000008D170701A8C008AF
:101A58008003000000A80000000031DCBF07896493
:101A6800500F02000000A700000000CBDC5F7FFDE4
:101A7800F5673E5D000000A7000000003BDD5F7FCA
:101A8800FDF5673E02000000A8000000001ADDBF57
:101A9800078964540F5F0000002101000000A307BC
:101AA800004036627EFE03000000A700000000B080
:101AB800DE5F7FFDF5673E02000000A80000000021
:101AC800B4DEBF078964560F61000000A70000005C
:101AD800006EDF5F7FFDF5673E02000000A8000092
:101AE80000006FDFBF078964580F63000000210101
:101AF8000000006008004036627EFE06000000A775
:101B080000000000A7D05F7FFDF5673E02000000DF
:101B1800A8000000001BD0BF0789645A0F5C0000B2
:101B280000A7000000002FD15F7FFDF5673E02008F
:101B38000000A80000000035D1BF078964540F5F7A
:101B480000000021010000009F09004036627EFE6F
:101B580003000000A7000000005BD25F7FFDF5676F
:101B68003E02000000A800000000FDD2BF07896403
:101B7800520F61000000A700000000DAD35F7FFD6C
:101B8800F5673E02000000A8000000000ED3BF0762
:101B98008964500F620000002101000000FA0A0069
:101BA8004036627EFE04000000A80000000016D443
:101BB800BF0789644E0F02000000A700000000E084
:101BC800D45F7FFDF5673E19000000410600000064
:101BD8006411214F130A559248000000A700000025
:101BE800009BD55F7FFDF5673E02000000A800005E
:101BF80000007CD5BF0789644E0F5D0000002101FD
:101C0800000000510B004036627EFE02000000BE5C
:101C18000300000077180701A8C008800200000030
:101C2800A70000000008D65F7FFDF5673E030000AF
:101C380000A800000000F8D6BF078964500F4300D1
:101C480000007600001B0176000401010000001C62
:101C5800000000A70000000081D75F7FFDF5673E08
:101C680002000000A800000000F1D7BF07896452F5
:101C78000F610000002101000000940C0040366252
:101C88007EFE06000000A800000000F7D8BF078904
:101C980064540F03000000A700000000CCD85F7F49
:101CA800FDF5673E5C000000A7000000001CD95F3E
:101CB8007FFDF5673E03000000A800000000BDD9C5
:101CC800BF078964500F60000000210100000087F1
:101CD8000D004036627EFE02000000A700000000F2
:101CE8001ADA5F7FFDF5673E02000000A8000000D9
:101CF8000072DABF078964480F65000000A700007A
:101D0800000074DB5F7FFDF5673E03000000A8005C
:101D1800000000CFDBBF078964400F5C0000002192
:101D280001000000140E004036627EFE0200000032
:101D3800A80000000043DCBF0789643A0F030000D5
:101D480000A700000000CBDC5F7FFDF5673E620066
:101D58000000A7000000003BDD5F7FFDF5673E0344
:101D6800000000A8000000004CDDBF078964380FA0
:101D78005F0000002101000000A20F004036627ED3
:101D8800FE02000000A700000000B0DE5F7FFDF546
:101D9800673E02000000A800000000FEDEBF0789C1
:101DA80064380F0E000000400600000002816FB783
:101DB8007620032859000000A7000000006EDF5FAE
:101DC8007FFDF5673E02000000A80000000071DFFB
:101DD800BF078964380F5900000021010000006C1A
:101DE80000004036627EFE03000000BE03000000D3
:101DF80054190701A8C0088002000000A7000000CD
:101E08000016D05F7FFDF9673E02000000A80000C1
:101E1800000051D0BF078964340F63000000A70099
:101E28000000009ED15F7FFDF9673E02000000A818
:101E3800000000000FD1BF078964320F5E00000068
:101E480021010000000001004036627EFE02000011
:101E580000A700000000EAD25F7FFDF9673E03009B
:101E68000000A800000000C7D2BF078964340F63D0
:101E7800000000A7000000006BD35F7FFDF9673EFC
:101E880003000000A80000000034D3BF07896436AF
:101E98000F5B00000021010000008F020040366245
:101EA8007EFE05000000A70000000051D45F7FFD02
:101EB800F9673E03000000A800000000CCD4BF076B
:101EC8008964380F63000000A7000000002AD55F6E
:101ED8007FFDF9673E02000000A8000000009ED5C3
:101EE800BF0789643C0F5D00000021010000007DF0
:101EF80003004036627EFE02000000A700000000DA
:101F0800B9D65F7FFDF9673E03000000A800000016
:101F180000B2D6BF0789643E0F64000000A7000026
:101F2800000030D75F7FFDF9673E02000000A8007F
:101F38000000000DD7BF078964400F5A0000002138
:101F480001000000C004004036627EFE040000006C
:101F5800A8000000002FD8BF078964400F020000C6
:101F680000A700000000CCD85F7FFDF5673E670042
:101F78000000A7000000001CD95F7FFDF5673E0345
:101F8800000000A8000000005DD9BF078964400F69
:101F9800590000002101000000F705004036627E6C
:101FA800FE02000000BE030000009F1A0701A8C03F
:101FB800088002000000A7000000001ADA5F7FFD19
:101FC800F5673E03000000A8000000001EDABF0706
:101FD8008964420F430000007600001B017600046C
:101FE80001010000001C000000A70000000074DBD5
:101FF8005F7FFDF5673E02000000A800000000D3E7
:10200800DBBF078964420F60000000210100000067
:10201800F006004036627EFE05000000A8000000C1
:1020280000CDDCBF078964420F03000000A7000051
:102038000000CBDC5F7FFDF5673E61000000A70074
:102048000000003BDD5F7FFDF5673E03000000A850
:1020580000000000DEDDBF078964420F5C0000005D
:102068002101000000A307004036627EFE02000046
:1020780000A700000000B0DE5F7FFDF5673E0300AB
:102088000000A80000000048DEBF078964440F6113
:10209800000000A7000000006EDF5F7FFDF5673ECF
:1020A80002000000A800000000DBDFBF07896446CB
:1020B8000F60000000210100000060080040366247
:1020C8007EFE03000000A800000000DFD0BF0789E3
:1020D800644C0F02000000A700000000A7D05F7F3B
:1020E800FDF5673E65000000A7000000002FD15FE6
:1020F8007FFDF5673E02000000A8000000000DD13A
:10210800BF078964500F5C00000021010000009F98
:1021180009004036627EFE04000000A700000000AF
:102128005BD25F7FFDF5673E03000000A80000005A
:1021380000D9D2BF078964540F61000000A70000CE
:102148000000DAD35F7FFDF5673E02000000A800BB
:102158000000002AD3BF078964560F5E00000021E3
:1021680001000000FA0A004036627EFE020000000C
:10217800BE03000000E91B0701A8C0088003000097
:1021880000A700000000E0D45F7FFDF5673E020075
:102198000000A80000000086D4BF078964560F63BA
:1021A800000000A7000000009BD55F7FFDF5673E9B
:1021B80003000000A800000000B8D5BF07896458D4
:1021C8000F5B0000002101000000510B0040366247
:1021D8007EFE02000000A70000000008D65F7FFD19
:1021E800F5673E03000000A800000000C0D6BF0746
:1021F8008964540F60000000A70000000081D75FC9
:102208007FFDF5673E03000000A800000000D5D759
:10221800BF078964540F600000002101000000948A
:102228000C004036627EFE05000000A7000000009A
:10223800CCD85F7FFDF5673E02000000A8000000D3
:1022480000CFD8BF078964500F63000000A70000C3
:1022580000001CD95F7FFDF5673E02000000A80062
:1022680000000015D9BF0789644C0F5C00000021ED
:1022780001000000870D004036627EFE0500000068
:10228800A7000000001ADA5F7FFDF5673E02000034
:1022980000A80000000072DABF078964480F5F00D9
:1022A8000000A70000000074DB5F7FFDF5673E02B9
:1022B800000000A800000000F7DBBF078964440F96
:1022C8005F0000002101000000140E004036627E0D
:1022D800FE03000000A800000000CDDCBF078964F1
:1022E800420F02000000A700000000CBDC5F7FFD6A
:1022F800F5673E68000000A7000000003BDD5F7F37
:10230800FDF5673E02000000A800000000C2DDBF26
:10231800078964400F5A0000002101000000A20F45
:10232800004036627EFE02000000BE030000006C22
:102338001C0701A8C0088003000000A700000000D7
:10234800B0DE5F7FFDF5673E02000000A8000000D8
:10235800006CDEBF078964420F430000007600006E
:102368001B0176000401010000001B000000A7000B
:102378000000006EDF5F7FFDF5673E03000000A8E8
:1023880000000000E3DFBF078964420F600000001F
:1023980021010000006C00004036627EFE0500004E
:1023A80000A8000000008BD0BF078964420F02001C
:1023B8000000A700000000A7D05F7FFDF5673E6220
:1023C800000000A7000000002FD15F7FFDF5673EE9
:1023D80002000000A800000000EDD1BF078964409A
:1023E8000F5D00000021010000000001004036627E
:1023F8007EFE02000000A7000000005BD25F7FFDA8
:10240800F5673E02000000A8000000001DD2BF07CB
:102418008964420F62000000A700000000DAD35F61
:102428007FFDF5673E02000000A800000000D6D33B
:10243800BF078964440F6000000021010000008F7D
:1024480002004036627EFE03000000A80000000083
:1024580032D4BF078964480F02000000A7000000BB
:1024680000E0D45F7FFDF5673E63000000A7000031
:1024780000009BD55F7FFDF5673E02000000A800C5
:1024880000000058D5BF078964480F5F000000218D
:10249800010000007D03004036627EFE020000005D
:1024A800A70000000008D65F7FFDF5673E03000027
:1024B80000A8000000003CD6BF078964460F6400EE
:1024C8000000A70000000081D75F7FFDF5673E028E
:1024D800000000A80000000035D7BF078964440F3A
:1024E800600000002101000000C004004036627E48
:1024F800FE03000000BE03000000D71D0701A8C0AE
:10250800088002000000A700000000CCD85F7FFD13
:10251800F5673E03000000A8000000000BD8BF07C5
:102528008964460F5C000000A7000000001CD95F0A
:102538007FFDF5673E02000000A80000000079D981
:10254800BF078964460F600000002101000000F702
:1025580005004036627EFE03000000A70000000070
:102568001ADA5F7FFDF5673E02000000A800000050
:10257800006EDABF0789644A0F60000000A70000F8
:10258800000074DB5F7FFDF5673E02000000A800D5
:10259800000000A3DBBF0789644A0F630000002125
:1025A80001000000F006004036627EFE06000000D2
:1025B800A800000000A1DCBF078964480F030000E1
:1025C80000A700000000CBDC5F7FFDF5673E5A00E6
:1025D8000000A7000000003BDD5F7FFDF5673E02BD
:1025E800000000A800000000E6DDBF078964460F70
:1025F800620000002101000000A307004036627E4F
:10260800FE02000000A700000000B0DE5F7FFDF5BD
:10261800673E03000000A80000000048DEBF0789ED
:1026280064440F60000000A7000000006EDF5F7FB9
:10263800FDF5673E02000000A800000000DBDFBFD8
:10264800078964460F63000000210100000060084C
:10265800004036627EFE03000000A800000000B3C0
:10266800D0BF078964460F02000000A700000000E1
:10267800A7D05F7FFDF5673E100000004006000010
:102688000002816FB7762003284F000000A70000E2
:1026980000002FD15F7FFDF5673E02000000A80013
:1026A8000000009DD1BF078964480F610000002128
:1026B800010000009F09004036627EFE0200000013
:1026C800BE03000000C81E0701A8C0088002000061
:1026D80000A7000000005BD25F7FFDF5673E0300A6
:1026E8000000A80000000025D2BF078964460F40FB
:1026F8000000007600001B017600040101000000C4
:102708001D000000A700000000DAD35F7FFDF56719
:102718003E03000000A800000000EED3BF07896454
:10272800400F5D0000002101000000FA0A00403659
:10273800627EFE0A000000A800000000F4D4BF0773
:1027480089643C0F03000000A700000000E0D45F8C
:102758007FFDF5673E59000000A7000000009BD5EB
:102768005F7FFDF5673E03000000A800000000BA87
:10277800D5BF0789643A0F620000002101000000FC
:10278800510B004036627EFE02000000A7000000E8
:102798000008D65F7FFDF5673E03000000A8000033
:1027A800000096D6BF078964380F5E000000A700B6
:1027B80000000081D75F7FFDF5673E02000000A89A
:1027C80000000000A7D7BF0789643E0F6000000023
:1027D8002101000000940C004036627EFE030000D8
:1027E80000A8000000002FD8BF078964400F02002E
:1027F8000000A700000000CCD85F7FFDF5673E62AF
:10280800000000A7000000001CD95F7FFDF5673EAF
:1028180002000000A800000000F7D9BF0789643E45
:102828000F620000002101000000870D00403662A1
:102838007EFE02000000A7000000001ADA5F7FFD9C
:10284800F5673E03000000A800000000A8DABF07F3
:1028580089643E0F60000000A70000000074DB5F81
:102868007FFDF5673E02000000A8000000005DDB68
:10287800BF0789643A0F5E000000210100000014C0
:102888000E004036627EFE03000000BE030000001A
:10289800C51F0701A8C0088002000000A8000000AA
:1028A800005FDCBF078964380F02000000A7000042
:1028B8000000CBDC5F7FFDF5673E5F000000A700EE
:1028C8000000003BDD5F7FFDF5673E03000000A8C8
:1028D8000000000004DDBF078964340F62000000B7
:1028E8002101000000A20F004036627EFE030000B6
:1028F80000A70000000001DE5F7FFDF9673E0200CF
:102908000000A8000000008EDEBF078964300F5E5B
:10291800000000A700000000DFDF5F7FFDF9673ED1
:1029280002000000A800000000B5DFBF0789642E80
:102938000F6000000021010000006C0000403662BA
:102948007EFE05000000A70000000016D05F7FFD96
:10295800F9673E02000000A800000000DDD0BF07B4
:1029680089642E0F60000000A7000000009ED15F60
:102978007FFDF9673E02000000A800000000A7D113
:10298800BF0789642E0F63000000210100000000CA
:1029980001004036627EFE02000000A70000000031
:1029A800EAD25F7FFDF9673E02000000A800000040
:1029B800004BD2BF0789642E0F5E000000A70000FD
:1029C80000006BD35F7FFDF9673E02000000A8009E
:1029D8000000009CD3BF0789642A0F5F0000002114
:1029E800010000008F02004036627EFE03000000F6
:1029F800A80000000078D4BF078964260F030000F0
:102A080000A70000000051D45F7FFDF9673E640015
:102A18000000A7000000002AD55F7FFDF9673E038C
:102A2800000000A8000000002AD5BF078964220F13
:102A38005E00000021010000007D03004036627E38
:102A4800FE02000000BE030000007C100701A8C0C1
:102A5800088003000000A700000000B9D65F7FFDD2
:102A6800F9673E02000000A8000000005DD6BF071D
:102A780089641E0F410000007600001B01760004E7
:102A880001010000001C000000A70000000030D772
:102A98005F7FFDF9673E02000000A80000000013F8
:102AA800D7BF078964200F600000002101000000E3
:102AB800C004004036627EFE05000000A800000049
:102AC8000009D8BF078964240F02000000A700008E
:102AD80000007DD85F7FFDF9673E5F000000A7001A
:102AE800000000ADD95F7FFDF9673E03000000A834
:102AF8000000000067D9BF078964260F6000000046
:102B08002101000000F705004036627EFE02000049
:102B180000A70000000062EA5F7FFDF9673E03003E
:102B28000000A80000000038DABF078964260F6398
:102B3800000000A7000000000CEB5F7FFDF9673E76
:102B480002000000A800000000F5DBBF078964262A
:102B58000F5F0000002101000000F006004036620F
:102B68007EFE03000000A800000000EBDCBF078920
:102B780064260F02000000A70000000098EC9F7F69
:102B8800FDF9673E63000000A70000000068ED9FA4
:102B98007FFDF9673E05000000A800000000ACDDDD
:102BA800BF078964280F590000002101000000A315
:102BB80007004036627EFE02000000A70000000009
:102BC800E3EE9F7FFDF9673E02000000A8000000C9
:102BD8000002DEBF0789642A0F67000000A7000013
:102BE80000003DEF9F7FFDF9673E03000000A8004D
:102BF800000000A9DFBF0789642C0F5C00000021DA
:102C0800010000006008004036627EFE02000000FD
:102C1800BE0300000008110701A8C00880020000D8
:102C280000A800000000C1D0BF0789642C0F030072
:102C38000000A700000000DFE05F7FFDF9673E634A
:102C4800000000A70000000057E15F7FFDF9673E24
:102C580002000000A800000000BBD1BF0789642C57
:102C68000F5A00000021010000009F090040366251
:102C78007EFE02000000A70000000023E25F7FFD47
:102C8800F9673E03000000A80000000057D2BF0704
:102C980089642C0F64000000A700000000A2E35F15
:102CA8007FFDF9673E02000000A800000000B8D3CD
:102CB800BF0789642C0F5F0000002101000000FAA3
:102CC8000A004036627EFE05000000A700000000F2
:102CD80098E45F7FFDF9673E02000000A80000004D
:102CE8000014D4BF0789642C0F62000000A70000FD
:102CF8000000E3E55F7FFDF9673E03000000A800E0
:102D08000000007ED5BF0789642C0F5A00000021FF
:102D180001000000510B004036627EFE03000000F7
:102D2800A70000000070E65F7FFDF9673E02000023
:102D380000A8000000004ED6BF0789642C0F65006C
:102D48000000A700000000F9E75F7FFDF9673E0576
:102D5800000000A80000000063D7BF078964280F9F
:102D6800590000002101000000940C004036627EEA
:102D7800FE02000000A80000000009D8BF0789640F
:102D8800240F02000000A700000000B4E85F7FFDE8
:102D9800F9673E1A0000004106000000C812214FE2
:102DA800130A55924B000000A70000000064E95F79
:102DB8007FFDF9673E02000000A80000000043D92B
:102DC800BF078964200F5D00000021010000008713
:102DD8000D004036627EFE02000000BE03000000C7
:102DE80067120701A8C0088003000000A7000000C0
:102DF8000062EA5F7FFDF9673E02000000A800005C
:102E0800000047DABF0789641E0F440000007600FF
:102E1800001B0176000401010000001E000000A74D
:102E2800000000000CEB5F7FFDF9673E0300000027
:102E3800A8000000008ADBBF0789641E0F5C000041
:102E4800002101000000140E004036627EFE0500DD
:102E58000000A800000000F7DCBF078964240F0207
:102E6800000000A700000000B3EC5F7FFDF9673E9B
:102E78005F000000A70000000068ED9F7FFDF96774
:102E88003E03000000A800000000F8DDBF078964C9
:102E9800260F5E0000002101000000A20F0040364E
:102EA800627EFE02000000A700000000E3EE9F7FA4
:102EB800FDF9673E03000000A8000000004ADEBFDD
:102EC800078964260F66000000A7000000003DEF98
:102ED8009F7FFDF9673E03000000A800000000D9AD
:102EE800DFBF078964240F5C000000210100000097
:102EF8006C00004036627EFE02000000A800000060
:102F08000089D0BF078964200F02000000A70000D5
:102F18000000F4E09F7FFDF9673E62000000A70013
:102F280000000058E15F7FFDF9573E02000000A84D
:102F380000000000F3D1BF078964200F5E00000085
:102F480021010000000001004036627EFE030000FF
:102F580000A7000000002CE25F7FFDF9573E020049
:102F68000000A80000000044D2BF0789641E0F0FAC
:102F7800000000400600000002816FB77620032899
:102F880058000000A700000000ADE35F7FFDF9577F
:102F98003E03000000A800000000B7D3BF07896403
:102FA8001C0F5A00000021010000008F020040366B
:102FB800627EFE03000000BE0300000094130701B8
:102FC800A8C0088002000000A70000000097E45F86
:102FD8007FFDF9573E02000000A80000000040D421
:102FE800BF078964220F60000000A700000000C826
:102FF800E59F7FFDF9673E02000000A80000000081
:1030080012D5BF078964260F5F0000002101000068
:10301800007D03004036627EFE03000000A700002A
:1030280000005BE69F7FFDF9673E02000000A800F4
:103038000000004ED6BF0789642C0F63000000A76C
:1030480000000000F6E75F7FFDF9573E0200000030
:10305800A800000000F3D7BF078964300F5E0000A6
:10306800002101000000C004004036627EFE050019
:103078000000A800000000CDD8BF078964320F0205
:10308800000000A700000000BBE85F7FFDF9573E85
:1030980060000000A70000000040E99F7FFDF9578D
:1030A8003E02000000A800000000BFD9BF078964E5
:1030B800320F5F0000002101000000F705004036D4
:1030C800627EFE05000000A70000000046EA9F7F20
:1030D800FDF9573E03000000A800000000E0DABF39
:1030E800078964320F60000000A70000000028EB89
:1030F8009F7FFDF9573E02000000A8000000001560
:10310800DBBF078964360F5E000000210100000064
:10311800F006004036627EFE03000000A8000000B2
:103128000017DCBF078964340F02000000A7000005
:10313800000097EC9F7FFDF9573E65000000A7004F
:103148000000004CED5F7FFDF9573E03000000A82A
:10315800000000003CDDBF078964300F5F000000FD
:103168002101000000A307004036627EFE03000034
:1031780000BE0300000063140701A8C00880020015
:103188000000A700000000C7EE5F7FFDF9573E036F
:10319800000000A8000000008EDEBF078964300F21
:1031A8003E0000007600001B0176000401010000CB
:1031B800001D000000A70000000019EF5F7FFDF967
:1031C800573E02000000A800000000A9DFBF0789E1
:1031D800642C0F610000002101000000600800401D
:1031E80036627EFE05000000A800000000C1D0BFC6
:1031F8000789642C0F02000000A700000000D0E03F
:103208005F7FFDF9573E5F000000A70000000058EF
:10321800E15F7FFDF9573E02000000A800000000B2
:1032280013D1BF078964300F63000000210100003B
:10323800009F09004036627EFE02000000A70000E1
:1032480000002CE25F7FFDF9573E02000000A80055
:10325800000000E3D2BF078964320F5E000000A7B8
:1032680000000000ADE35F7FFDF9573E020000005B
:10327800A80000000034D3BF078964360F6200003D
:10328800002101000000FA0A004036627EFE0300B9
:103298000000A800000000D0D4BF0789643A0F02DC
:1032A800000000A70000000097E45F7FFDF9573E8B
:1032B80060000000A700000000ECE55F7FFDF95703
:1032C8003E03000000A80000000082D5BF07896403
:1032D8003E0F620000002101000000510B00403643
:1032E800627EFE02000000A70000000054E69F7FF7
:1032F800FDF9573E02000000A80000000018D6BFE4
:10330800078964400F5F000000A7000000006CE719
:103318009F7FFDF5573E03000000A8000000001144
:10332800D7BF078964420F61000000210100000037
:10333800940C004036627EFE02000000BE030000CE
:10334800001C150701A8C0088003000000A70000A2
:10335800000021E89F7FFDF5573E02000000A8000D
:103368000000000BD8BF078964460F5D000000A766
:1033780000000000F1E99F7FFDF5573E02000000C4
:10338800A80000000079D9BF078964460F650000CE
:10339800002101000000870D004036627EFE020019
:1033A8000000A700000000DCEA5F7FFDF5573E0241
:1033B800000000A8000000006EDABF0789644A0F09
:1033C8005B000000A700000000B2EB5F7FFDF5572F
:1033D8003E02000000A80000000087DBBF078964E8
:1033E8004C0F630000002101000000140E0040365D
:1033F800627EFE07000000A80000000099DCBF07FD
:1034080089644C0F03000000A7000000000DEC5F6A
:103418007FFDF5573E59000000A700000000FDEDB4
:103428005F7FFDF5573E03000000A80000000096EE
:10343800DDBF0789644E0F5F000000210100000016
:10344800A20F004036627EFE03000000A7000000C5
:103458000076EE5F7FFDF5573E02000000A80000F1
:10346800000024DEBF0789644E0F61000000A7003A
:10347800000000A8EF5F7FFDF5573E03000000A89D
:103488000000000003DFBF078964520F62000000DC
:1034980021010000006C00004036627EFE0300003F
:1034A80000A80000000053D0BF078964560F03002E
:1034B8000000A700000000A8D05F7FFDF5573E6020
:1034C800000000A70000000020D15F7FFDF5573EF7
:1034D80002000000A8000000007DD1BF07896458E1
:1034E8000F5D00000021010000000001004036626D
:1034F8007EFE02000000BE0300000001160701A8BE
:10350800C0088003000000A70000000054D25F7FBD
:10351800FDF5573E02000000A80000000091D2BF50
:10352800078964580F430000007600001B017600ED
:103538000401010000001C000000A700000000D5E5
:10354800D35F7FFDF5573E02000000A80000000091
:103558007ED3BF078964580F630000002101000073
:10356800008F02004036627EFE05000000A80000C1
:103578000000CED4BF0789645A0F02000000A700DC
:10358800000000EFD45F7FFDF5573E5C000000A708
:103598000000000094D55F7FFDF5573E0200000053
:1035A800A800000000B8D5BF078964580F5F000065
:1035B8000021010000007D03004036627EFE02000B
:1035C8000000A70000000007D65F7FFDF5573E0208
:1035D800000000A800000000DCD6BF078964560F71
:1035E80063000000A7000000008ED75F7FFDF5573D
:1035F8003E03000000A800000000D5D7BF0789647B
:10360800540F620000002101000000C00400403691
:10361800627EFE04000000A800000000D3D8BF07A7
:103628008964520F03000000A700000000C3D85FA0
:103638007FFDF5573E5D000000A70000000013D98C
:103648005F7FFDF5573E02000000A800000000A1C2
:10365800D9BF078964520F5F0000002101000000F4
:10366800F705004036627EFE02000000A700000059
:10367800001ADA5F7FFDF5673E03000000A800002E
:103688000000FEDABF078964520F60000000A7003F
:1036980000000074DB5F7FFDF5673E03000000A8B3
:1036A8000000000017DBBF078964540F60000000AA
:1036B8002101000000F006004036627EFE03000093
:1036C80000BE030000008D170701A8C00880020093
:1036D8000000A700000000CBDC5F7FFDF5673E031C
:1036E800000000A80000000041DCBF078964580FF3
:1036F8005D000000A7000000003BDD5F7FFDF5676F
:103708003E02000000A8000000001ADDBF0789641F
:10371800540F5E0000002101000000A3070040369E
:10372800627EFE02000000A700000000B0DE5F7F9E
:10373800FDF5673E03000000A80000000024DEBF7E
:103748000789644E0F61000000A7000000006EDFCB
:103758005F7FFDF5673E02000000A80000000093AF
:10376800DFBF0789644A0F640000002101000000E0
:103778006008004036627EFE06000000A7000000D8
:1037880000A7D05F7FFDF5673E02000000A800009B
:103798000000B3D0BF078964460F5B000000A70094
:1037A8000000002FD15F7FFDF5673E03000000A8F1
:1037B80000000000C9D1BF078964460F5E00000001
:1037C80021010000009F09004036627EFE020000D1
:1037D80000A7000000005BD25F7FFDF5673E030095
:1037E8000000A80000000071D2BF078964480F627A
:1037F800000000A700000000DAD35F7FFDF5673EF8
:1038080002000000A80000000082D3BF0789644AB4
:103818000F610000002101000000FA0A0040366232
:103828007EFE04000000A80000000032D4BF078913
:1038380064480F02000000A700000000E0D45F7F8A
:10384800FDF5673E15000000400600000002816F8C
:10385800B7762003284C000000A7000000009BD585
:103868005F7FFDF5673E03000000A8000000001020
:10387800D5BF078964440F5D0000002101000000E6
:10388800510B004036627EFE02000000BE030000BD
:103898000077180701A8C0088002000000A70000F0
:1038A800000008D65F7FFDF5673E03000000A80012
:1038B80000000004D6BF078964420F430000007669
:1038C80000001B0176000401010000001C0000003C
:1038D800A70000000081D75F7FFDF5673E03000069
:1038E80000A80000000035D7BF078964440F6000B6
:1038F80000002101000000940C004036627EFE04A6
:10390800000000A700000000CCD85F7FFDF5673EEF
:1039180003000000A8000000000BD8BF0789644618
:103928000F5E000000A7000000001CD95F7FFDF5B6
:10393800673E03000000A80000000031D9BF0789D6
:10394800644A0F5E0000002101000000870D00405E
:1039580036627EFE02000000A7000000001ADA5F4F
:103968007FFDF5673E02000000A80000000056DA5F
:10397800BF0789644E0F65000000A70000000074AF
:10398800DB5F7FFDF5673E02000000A80000000035
:103998009BDBBF0789644E0F5E0000002101000019
:1039A80000140E004036627EFE04000000A80000ED
:1039B800000031DCBF078964500F02000000A70037
:1039C800000000CBDC5F7FFDF5673E62000000A7CA
:1039D800000000003BDD5F7FFDF5673E0200000050
:1039E800A80000000022DDBF078964500F5F0000B7
:1039F800002101000000A20F004036627EFE020096
:103A08000000A700000000B0DE5F7FFDF5673E0202
:103A1800000000A8000000008CDEBF078964520F78
:103A280068000000A7000000006EDF5F7FFDF567FB
:103A38003E03000000A80000000027DFBF078964DC
:103A4800540F5700000021010000006C00004036B0
:103A5800627EFE03000000BE030000005419070147
:103A6800A8C0088002000000A700000000A7D05FDF
:103A78007FFDF5673E02000000A80000000053D05B
:103A8800BF078964560F63000000A7000000002FDD
:103A9800D15F7FFDF5673E02000000A8000000002E
:103AA80029D1BF078964560F5E000000210100007C
:103AB800000001004036627EFE03000000A70000FF
:103AC80000005BD25F7FFDF5673E02000000A800A2
:103AD800000000C5D2BF078964560F64000000A724
:103AE80000000000DAD35F7FFDF5673E03000000A9
:103AF800A8000000007ED3BF078964580F5A000051
:103B08000021010000008F02004036627EFE0600A0
:103B18000000A800000000EAD4BF0789645C0F0217
:103B2800000000A700000000E0D45F7FFDF5673EBD
:103B380063000000A7000000009BD55F7FFDF567CC
:103B48003E02000000A8000000009CD5BF07896461
:103B58005E0F5E00000021010000007D030040367A
:103B6800627EFE02000000A70000000008D65F7F0A
:103B7800FDF5673E03000000A80000000094D6BFD2
:103B88000789645A0F62000000A70000000081D76F
:103B98005F7FFDF5673E05000000A800000000C932
:103BA800D7BF078964560F590000002101000000A3
:103BB800C004004036627EFE04000000A800000039
:103BC80000D3D8BF078964520F02000000A7000085
:103BD8000000CCD85F7FFDF5673E68000000A700B5
:103BE8000000001CD95F7FFDF5673E02000000A8B9
:103BF80000000000BDD9BF078964500F5A000000BB
:103C08002101000000F705004036627EFE02000038
:103C180000BE030000009F1A0701A8C00880020028
:103C28000000A7000000001ADA5F7FFDF5673E0379
:103C3800000000A800000000FEDABF078964520FE8
:103C4800420000007600001B01760004010100001C
:103C58000021000000A70000000074DB5F7FFDF575
:103C6800673E02000000A80000000033DBBF0789A0
:103C780064520F5B0000002101000000F0060040C4
:103C880036627EFE05000000A700000000CBDC5F66
:103C98007FFDF5673E02000000A8000000002DDC53
:103CA800BF078964520F62000000A7000000003BB4
:103CB800DD5F7FFDF5673E03000000A800000000FF
:103CC80096DDBF0789644E0F5B00000021010000EC
:103CD80000A307004036627EFE02000000A7000035
:103CE8000000B0DE5F7FFDF5673E03000000A8001E
:103CF80000000038DEBF0789644C0F62000000A78F
:103D0800000000006EDF5F7FFDF5673E02000000E7
:103D1800A80000000093DFBF0789644A0F5F000016
:103D28000021010000006008004036627EFE0400A9
:103D38000000A800000000DFD0BF0789644C0F0214
:103D4800000000A700000000A7D05F7FFDF5673ED8
:103D580066000000A7000000002FD15F7FFDF56717
:103D68003E02000000A800000000B9D1BF07896426
:103D78004E0F5A00000021010000009F0900403644
:103D8800627EFE02000000A7000000005BD25F7F99
:103D9800FDF5673E03000000A80000000049D2BFFF
:103DA8000789644C0F63000000A700000000DAD305
:103DB8005F7FFDF5673E03000000A8000000008259
:103DC800D3BF0789644A0F5D00000021010000008D
:103DD800FA0A004036627EFE03000000BE030000BF
:103DE80000E91B0701A8C0088002000000A7000026
:103DF8000000E0D45F7FFDF5673E02000000A800E8
:103E080000000066D4BF078964460F64000000A75D
:103E1800000000009BD55F7FFDF5673E02000000B3
:103E2800A80000000028D5BF078964400F5B000088
:103E3800002101000000510B004036627EFE0200A6
:103E48000000A70000000008D65F7FFDF5673E036D
:103E5800000000A800000000AED6BF0789643C0F30
:103E680062000000A70000000081D75F7FFDF567B2
:103E78003E02000000A80000000083D7BF07896445
:103E8800380F5F0000002101000000940C0040364C
:103E9800627EFE06000000A800000000F5D8BF07FB
:103EA8008964360F02000000A7000000007DD85F7B
:103EB8007FFDF9673E63000000A700000000ADD950
:103EC8005F7FFDF9673E02000000A800000000A324
:103ED800D9BF078964300F5C000000210100000091
:103EE800870D004036627EFE02000000A700000039
:103EF80000ABDA5F7FFDF9673E03000000A8000011
:103F0800000054DABF0789642C0F61000000A70085
:103F1800000000C5DB5F7FFDF9673E02000000A8D6
:103F280000000000BDDBBF0789642A0F5F000000A6
:103F38002101000000140E004036627EFE030000DE
:103F480000A800000000EBDCBF078964260F020010
:103F58000000A7000000007ADC5F7FFDF9673E1BC8
:103F68000000004106000000AC13214F130A5592CF
:103F78004A000000A7000000008ADD5F7FFDF967A6
:103F88003E05000000A800000000E4DDBF078964CA
:103F9800240F590000002101000000A20F00403644
:103FA800627EFE02000000BE030000006C1C0701D8
:103FB800A8C0088003000000A70000000001DE5F21
:103FC8007FFDF9673E02000000A8000000001EDE29
:103FD800BF078964280F440000007600001B0176A3
:103FE800000401010000001C000000A70000000000
:103FF800F4DF9F7FFDF9673E02000000A800000083
:10400800008DDFBF0789642A0F5F000000210100CF
:1040180000006C00004036627EFE05000000A7002C
:104028000000003DD09F7FFDF9673E03000000A817
:1040380000000000E5D0BF0789642A0F6200000075
:10404800A700000000B5D19F7FFDF9673E02000080
:1040580000A800000000BBD1BF0789642C0F5C00DA
:10406800000021010000000001004036627EFE03CE
:10407800000000A700000000C1D29F7FFDF9673E45
:1040880002000000A8000000006FD2BF0789642862
:104098000F62000000A7000000006BD35F7FFDF9EE
:1040A800673E02000000A80000000080D3BF078917
:1040B80064280F6000000021010000008F0200400A
:1040C80036627EFE03000000A8000000002CD4BF6A
:1040D800078964280F02000000A70000000051D4DF
:1040E8005F7FFDF9673E62000000A7000000002A1C
:1040F800D55F7FFDF9673E03000000A800000000BF
:1041080012D5BF078964260F5F0000002101000057
:10411800007D03004036627EFE02000000A700001A
:10412800000070E65F7FFDF9673E02000000A8000E
:1041380000000022D6BF078964260F120000004045
:104148000600000002816FB77620032853000000A4
:10415800A700000000F9E75F7FFDF9673E02000055
:1041680000A80000000037D7BF078964260F610048
:1041780000002101000000C004004036627EFE02FB
:10418800000000BE03000000D71D0701A8C008807A
:1041980003000000A80000000015D8BF07896426A6
:1041A8000F02000000A700000000B4E85F7FFDF9DF
:1041B800673E5B000000A70000000064E95F7FFD28
:1041C800F9673E02000000A80000000033D9BF07CD
:1041D8008964280F610000002101000000F7050034
:1041E8004036627EFE03000000A70000000062EA7D
:1041F8005F7FFDF9673E02000000A8000000007024
:10420800DABF0789642A0F60000000A700000000D9
:104218000CEB5F7FFDF9673E02000000A80000007C
:104228000085DBBF0789642E0F65000000210100AF
:104238000000F006004036627EFE05000000A8007F
:104248000000009BDCBF0789642E0F02000000A756
:1042580000000000B3EC5F7FFDF9673E5A000000E4
:10426800A70000000043ED5F7FFDF9673E030000F3
:1042780000A80000000088DDBF0789642E0F6200D7
:1042880000002101000000A307004036627EFE0303
:10429800000000A700000000C8EE5F7FFDF9673E40
:1042A80002000000A8000000003ADEBF0789642E63
:1042B8000F5E000000A70000000016EF5F7FFDF909
:1042C800673E05000000A800000000A9DFBF0789BD
:1042D800642C0F5B00000021010000006008004012
:1042E80036627EFE08000000A800000000C1D0BFB2
:1042F8000789642C0F03000000A700000000DFE01E
:104308005F7FFDF9673E60000000A70000000057CE
:10431800E15F7FFDF9673E02000000A80000000091
:10432800BBD1BF0789642C0F600000002101000089
:10433800009F09004036627EFE02000000BE0300B6
:104348000000C81E0701A8C0088002000000A700DE
:1043580000000023E25F7FFDF9673E03000000A82C
:10436800000000006FD2BF078964280F3F000000DB
:104378007600001B0176000401010000001C00000B
:1043880000A700000000A2E35F7FFDF9673E02007E
:104398000000A8000000009CD3BF0789642A0F5FB3
:1043A8000000002101000000FA0A004036627EFE8B
:1043B80005000000A70000000098E45F7FFDF96792
:1043C8003E02000000A80000000014D4BF07896462
:1043D8002C0F61000000A700000000E3E55F7FFDEF
:1043E800F9673E02000000A80000000062D5BF0780
:1043F80089642E0F610000002101000000510B00AC
:104408004036627EFE03000000A70000000070E650
:104418005F7FFDF9673E02000000A800000000E68B
:10442800D6BF078964300F60000000A700000000B5
:10443800F9E75F7FFDF9673E02000000A800000071
:10444800005BD7BF0789642C0F5F000000210100C3
:104458000000940C004036627EFE03000000A800B5
:104468000000005DD8BF0789642A0F02000000A77A
:1044780000000000B4E85F7FFDF9673E62000000BD
:10448800A70000000064E95F7FFDF9673E020000B5
:1044980000A80000000033D9BF078964280F620014
:1044A80000002101000000870D004036627EFE02F8
:1044B800000000A70000000062EA5F7FFDF9673E88
:1044C80003000000A80000000038DABF078964264E
:1044D8000F61000000A7000000000CEB5F7FFDF9F2
:1044E800673E02000000A800000000E9DBBF078962
:1044F80064240F5D0000002101000000140E00403C
:1045080036627EFE02000000BE03000000C51F07E1
:1045180001A8C0088002000000A700000000B3EC5A
:104528005F7FFDF9673E02000000A800000000D38D
:10453800DCBF078964220F61000000A700000000AB
:1045480043ED5F7FFDF9673E02000000A800000010
:1045580000DCDDBF078964200F6400000021010032
:104568000000A20F004036627EFE02000000A70095
:10457800000000C7EE5F7FFDF9573E03000000A86A
:10458800000000000DDEBF0789641A0F5C00000000
:10459800A70000000019EF5F7FFDF9573E030000F8
:1045A80000A800000000A6DFBF0789641C0F5E009A
:1045B800000021010000006C00004036627EFE060B
:1045C800000000A800000000D2D0BF0789641E0FB9
:1045D80002000000A700000000FBE09F7FFDF957E4
:1045E8003E60000000A7000000007CE19F7FFDF90D
:1045F800673E03000000A800000000F3D1BF078950
:1046080064200F610000002101000000000100404B
:1046180036627EFE02000000A70000000008E29F4C
:104628007FFDF9673E03000000A80000000027D2C4
:10463800BF078964240F61000000A70000000089FB
:10464800E39F7FFDF9673E02000000A8000000001C
:104658009CD3BF0789642A0F5D0000002101000078
:10466800008F02004036627EFE03000000A80000B2
:10467800000014D4BF0789642C0F02000000A700B3
:10468800000000B3E49F7FFDF9673E64000000A7C7
:1046980000000000C8E59F7FFDF9673E02000000AA
:1046A800A80000000062D5BF0789642E0F5D0000D6
:1046B8000021010000007D03004036627EFE0200FA
:1046C8000000BE030000007C100701A8C00880039A
:1046D800000000A70000000054E69F7FFDF9573E48
:1046E80002000000A800000000FAD6BF0789643263
:1046F8000F450000007600001B0176000401010050
:1047080000001C000000A700000000DDE79F7FFDFF
:10471800F9573E02000000A800000000F3D7BF07C9
:104728008964300F600000002101000000C004000F
:104738004036627EFE05000000A80000000065D833
:10474800BF0789642E0F02000000A700000000BB0D
:10475800E85F7FFDF9573E62000000A700000000F7
:104768006BE95F7FFDF9573E03000000A8000000D9
:104778000017D9BF0789642E0F59000000210100D6
:104788000000F705004036627EFE03000000A70027
:104798000000006DEA5F7FFDF9573E02000000A8A7
:1047A8000000000054DABF0789642C0F6500000080
:1047B800A70000000003EB5F7FFDF9573E020000F1
:1047C80000A800000000A1DBBF078964280F600073
:1047D80000002101000000F006004036627EFE0263
:1047E800000000A800000000F7DCBF078964240F60
:1047F80002000000A700000000BCEC5F7FFDF95735
:104808003E65000000A7000000004CED5F7FFDF949
:10481800573E02000000A800000000C0DDBF078965
:1048280064220F590000002101000000A307004086
:1048380036627EFE03000000A700000000C7EE5F9E
:104848007FFDF9573E02000000A80000000072DE5C
:10485800BF078964220F68000000A7000000001944
:10486800EF5F7FFDF9573E03000000A8000000003D
:10487800FDDFBF078964220F5900000021010000F5
:10488800006008004036627EFE02000000BE0300A1
:10489800000008110701A8C0088003000000A80054
:1048A80000000095D0BF078964220F02000000A70E
:1048B80000000000D0E05F7FFDF9573E6500000072
:1048C800A70000000058E15F7FFDF9573E02000095
:1048D80000A800000000A8D1BF0789641E0F5A0075
:1048E800000021010000009F09004036627EFE02A0
:1048F800000000A7000000002CE25F7FFDF9573E92
:1049080003000000A8000000007CD2BF0789641AD9
:104918000F65000000A700000000ADE35F7FFDF910
:10492800573E02000000A80000000014D39F07892A
:1049380064180F5C0000002101000000FA0A004022
:1049480036627EFE05000000A70000000097E45FC5
:104958007FFDF9573E03000000A8000000009CD42A
:104968009F0789641E0F5F000000A700000000C7B2
:10497800E59F7FFDF9573E02000000A800000000F7
:10498800B1D59F078964220F5F0000002101000054
:1049980000510B004036627EFE03000000A70000B5
:1049A800000054E69F7FFDF9573E02000000A80072
:1049B800000000A5D69F078964240F66000000A7A1
:1049C80000000000DDE79F7FFDF9573E0200000070
:1049D800A800000000ACD79F078964260F5B000081
:1049E800002101000000940C004036627EFE0300A6
:1049F8000000A80000000092D89F078964240F02D5
:104A0800000000A70000000090E89F7FFDF9573ED6
:104A180012000000400600000002816FB7762003F4
:104A28002852000000A70000000040E99F7FFDF920
:104A3800573E03000000A800000000C4D99F078962
:104A480064220F5C0000002101000000870D004077
:104A580036627EFE02000000BE03000000671207F7
:104A680001A8C0088002000000A70000000046EA74
:104A78009F7FFDF9573E03000000A8000000009B3F
:104A8800DA9F078964220F430000007600001B01AB
:104A9800760004010100000020000000A7000000CB
:104AA8000028EB9F7FFDF9573E02000000A8000098
:104AB8000000F5DBBF078964260F5C0000002101B8
:104AC800000000140E004036627EFE05000000A7BC
:104AD8000000000097EC9F7FFDF9573E02000000A0
:104AE800A8000000009BDCBF0789642E0F6000004F
:104AF80000A70000000067ED9F7FFDF9573E020008
:104B08000000A80000000020DDBF078964320F5FA5
:104B18000000002101000000A20F004036627EFE66
:104B280002000000A700000000ECEE9F7FFDF9578F
:104B38003E02000000A800000000AADEBF0789644A
:104B4800360F67000000A70000000032EF9F7FFDCE
:104B5800F9573E02000000A8000000006DDFBF0703
:104B680089643A0F5B00000021010000006C00001E
:104B78004036627EFE03000000A800000000BAD0A4
:104B88009F0789643C0F03000000A700000000FB9A
:104B9800E09F7FFDF9573E60000000A7000000007D
:104BA80058E15F7FFDF9573E04000000A8000000AF
:104BB8000076D19F078964400F5E00000021010044
:104BC80000000001004036627EFE02000000A700DF
:104BD8000000002CE25F7FFDF9573E03000000A8AB
:104BE80000000000BED29F078964460F67000000DE
:104BF800A700000000ADE35F7FFDF9573E0200000B
:104C080000A80000000019D39F0789644A0F5A00C2
:104C1800000021010000008F02004036627EFE0283
:104C2800000000BE0300000094130701A8C008801C
:104C380002000000A70000000097E45F7FFDF9571D
:104C48003E03000000A80000000091D49F0789647B
:104C58004C0F60000000A700000000ECE55F7FFD3E
:104C6800F9573E03000000A80000000053D59F0735
:104C78008964500F5E00000021010000007D0300E0
:104C88004036627EFE02000000A700000000CEE66B
:104C98005F7FFDF5573E03000000A8000000005BA1
:104CA800D69F078964540F64000000A70000000025
:104CB80047E75F7FFDF5573E02000000A8000000AF
:104CC8000081D7BF0789645A0F5D000000210100E9
:104CD8000000C004004036627EFE06000000A70007
:104CE8000000000AE85F7FFDF5573E02000000A8BB
:104CF80000000000C0D8BF078964600F5F00000093
:104D0800A700000000DAE95F7FFDF5573E020000CA
:104D180000A800000000AED9BF078964620F5F00D9
:104D280000002101000000F705004036627EFE0306
:104D3800000000A700000000DCEA5F7FFDF5573E99
:104D480002000000A800000000D5DABF07896464EB
:104D58000F64000000A700000000B2EB5F7FFDF5C4
:104D6800573E02000000A80000000050DBBF078982
:104D780064680F5D0000002101000000F00600409B
:104D880036627EFE03000000A8000000004EDCBF73
:104D9800078964680F02000000A7000000000DECFE
:104DA8005F7FFDF5573E64000000A700000000FD8E
:104DB800ED5F7FFDF5573E03000000A800000000EE
:104DC8005DDDBF078964680F5D00000021010000F8
:104DD80000A307004036627EFE02000000BE03000A
:104DE800000063140701A8C0088003000000A700A2
:104DF800000000BFDE5F7FFDF5573E02000000A8FF
:104E080000000000F3DEBF0789646A0F420000005B
:104E18007600001B0176000401010000001E00005E
:104E280000A70000000061DF5F7FFDF5573E02002C
:104E38000000A8000000007CDFBF0789646A0F61DA
:104E480000000021010000006008004036627EFE7C
:104E580003000000A700000000A8D05F7FFDF55701
:104E68003E02000000A8000000005CD0BF07896473
:104E7800660F61000000A70000000020D15F7FFDE1
:104E8800F5573E02000000A8000000001ED1BF0731
:104E98008964620F6200000021010000009F090080
:104EA8004036627EFE02000000A70000000054D2D7
:104EB8005F7FFDF5573E03000000A800000000B525
:104EC800D2BF0789645E0F5D000000A700000000E4
:104ED800D5D35F7FFDF5573E02000000A800000013
:104EE800005AD3BF0789645E0F63000000210100E8
:104EF8000000FA0A004036627EFE02000000A800A8
:104F0800000000B1D4BF078964620F02000000A747
:104F180000000000EFD45F7FFDF5573E6100000000
:104F2800A70000000094D55F7FFDF5573E02000002
:104F380000A800000000B7D5BF078964680F6200A9
:104F480000002101000000510B004036627EFE0384
:104F5800000000A70000000007D65F7FFDF5573E60
:104F680002000000A80000000087D6BF0789646817
:104F78000F5F000000A7000000008ED75F7FFDF5DF
:104F8800573E02000000A8000000008ED7BF078926
:104F9800646A0F600000002101000000940C0040CA
:104FA80036627EFE02000000BE030000001C1507EA
:104FB80001A8C0088003000000A800000000B0D8C5
:104FC800BF078964680F02000000A700000000C343
:104FD800D85F7FFDF5573E5F000000A70000000086
:104FE8001CD95F7FFDF5673E02000000A8000000A5
:104FF800008AD9BF078964640F630000002101009B
:105008000000870D004036627EFE02000000A70007
:105018000000001ADA5F7FFDF5673E02000000A875
:1050280000000000D5DABF078964640F5C00000047
:10503800A70000000074DB5F7FFDF5673E030000FA
:1050480000A8000000003CDBBF078964620F630012
:1050580000002101000000140E004036627EFE04AC
:10506800000000A700000000CBDC5F7FFDF5673E75
:1050780003000000A80000000022DCBF078964626A
:105088000F5E000000A7000000003BDD5F7FFDF51C
:10509800673E03000000A80000000009DDBF078983
:1050A80064660F620000002101000000A20F0040AA
:1050B80036627EFE02000000A700000000B0DE5F3E
:1050C8007FFDF5673E03000000A800000000F3DE46
:1050D800BF0789646A0F5C000000A7000000006E2B
:1050E800DF5F7FFDF5673E02000000A800000000BA
:1050F80044DFBF0789646E0F6300000021010000D0
:10510800006C00004036627EFE03000000A800002C
:10511800000098D0BF078964700F02000000A70044
:10512800000000A7D05F7FFDF5673E1A0000004130
:1051380006000000BF14214F130A559248000000D2
:10514800A7000000002FD15F7FFDF5673E02000039
:1051580000A800000000E2D1BF078964700F60005A
:10516800000021010000000001004036627EFE03BD
:10517800000000BE0300000001160701A8C0088057
:1051880002000000A7000000005BD25F7FFDF5670A
:105198003E02000000A800000000BAD2BF078964E0
:1051A8006E0F3E0000007600001B0176000401012E
:1051B8000000001D000000A700000000DAD35F7F98
:1051C800FDF5673E02000000A80000000055D3BFAF
:1051D8000789646E0F6300000021010000008F0240
:1051E800004036627EFE05000000A8000000004D69
:1051F800D4BF078964700F02000000A700000000F8
:10520800E0D45F7FFDF5673E5E000000A700000068
:10521800009BD55F7FFDF5673E02000000A80000F7
:10522800000003D5BF078964760F5D0000002101E7
:105238000000007D03004036627EFE08000000A7E3
:105248000000000008D65F7FFDF5673E0200000001
:10525800A8000000005FD6BF0789647C0F5F0000CC
:1052680000A70000000081D75F7FFDF5673E0200C0
:105278000000A80000000056D7BF0789647E0F61B0
:105288000000002101000000C004004036627EFEDC
:1052980004000000A80000000068D8BF0789647CEB
:1052A8000F02000000A700000000CCD85F7FFDF5CA
:1052B800673E5D000000A7000000001CD95F7FFD6D
:1052C800F5673E02000000A80000000076D9BF077D
:1052D8008964760F5F0000002101000000F70500D7
:1052E8004036627EFE02000000A70000000003DADC
:1052F8001F7FFDF5673E02000000A80000000011B6
:10530800DABF078964720F1600000040060000002B
:1053180002816FB7762003284F000000A700000025
:10532800006DDB1F7FFDF5673E03000000A800004D
:105338000000DCDBBF078964720F600000002101F8
:10534800000000F006004036627EFE02000000BE4B
:10535800030000008D170701A8C0088003000000A3
:10536800A700000000D2DC1F7FFDF5673E020000A9
:1053780000A800000000E6DCBF078964740F5C0029
:105388000000A70000000022DD1F7FFDF5673E0337
:10539800000000A800000000A1DDBF0789647A0FA3
:1053A800600000002101000000A307004036627E73
:1053B800FE03000000A700000000A9DE1F7FFDF526
:1053C800673E02000000A80000000013DEBF078946
:1053D800647A0F5F000000A70000000077DF1F7FDE
:1053E800FDF5673E03000000A8000000009CDFBF39
:1053F8000789647A0F650000002101000000600839
:10540800004036627EFE07000000A700000000BED4
:10541800D01F7FFDF5673E02000000A800000000D5
:10542800BCD0BF078964760F58000000A7000000B1
:105438000036D11F7FFDF5673E02000000A800007E
:105448000000E2D1BF078964700F620000002101EB
:105458000000009F09004036627EFE05000000A79C
:105468000000000042D21F7FFDF5673E02000000E9
:10547800A800000000A6D2BF0789646C0F5F000077
:1054880000A700000000C3D31F7FFDF5673E03009F
:105498000000A80000000025D3BF078964660F62DA
:1054A8000000002101000000FA0A004036627EFE7A
:1054B80002000000A800000000ADD4BF07896460A6
:1054C8000F03000000A700000000F9D41F7FFDF5BE
:1054D800673E61000000A70000000082D51F7FFD25
:1054E800F5673E02000000A800000000C7D5BF070E
:1054F8008964600F5C0000002101000000510B006E
:105508004036627EFE03000000BE030000007718EC
:105518000701A8C0088002000000A70000000008DA
:10552800D65F7FFDF5673E03000000A8000000007D
:10553800F7D6BF078964600F430000007600001BA0
:105548000176000401010000001C000000A7000013
:10555800000081D75F7FFDF5673E02000000A800CC
:10556800000000FED7BF078964620F6300000021B6
:1055780001000000940C004036627EFE0700000027
:10558800A800000000DCD8BF078964620F02000091
:1055980000A700000000CCD85F7FFDF5673E5900EA
:1055A8000000A7000000001CD95F7FFDF5673E03DF
:1055B800000000A800000000E9D9BF0789645E0F59
:1055C8005F0000002101000000870D004036627E68
:1055D800FE02000000A70000000003DA1F7FFDF5AF
:1055E800673E02000000A8000000008EDABF0789AD
:1055F800645A0F63000000A7000000006DDB1F7FE6
:10560800FDF5673E02000000A80000000017DBBFA0
:10561800078964540F630000002101000000140E84
:10562800004036627EFE04000000A8000000003141
:10563800DCBF078964500F02000000A700000000CB
:10564800D2DC1F7FFDF5673E5D000000A70000006B
:105658000022DD1F7FFDF5673E02000000A8000064
:10566800000022DDBF078964500F5F0000002101A0
:10567800000000A20F004036627EFE02000000A774
:1056880000000000B0DE5F7FFDF5673E030000000C
:10569800A8000000008CDEBF078964520F63000079
:1056A80000A7000000006EDF5F7FFDF5673E030086
:1056B8000000A8000000001FDFBF078964500F60CA
:1056C80000000021010000006C00004036627EFEF0
:1056D80003000000BE0300000054190701A8C00819
:1056E8008002000000A700000000A7D05F7FFDF542
:1056F800673E02000000A800000000C3D0BF078971
:10570800644E0F5D000000A7000000002FD15F7FEE
:10571800FDF5673E02000000A8000000000DD1BFA3
:10572800078964500F5F000000210100000000019C
:10573800004036627EFE03000000A7000000005B08
:10574800D25F7FFDF5673E02000000A80000000060
:10575800FDD2BF078964520F61000000A700000056
:1057680000DAD35F7FFDF5673E02000000A8000065
:10577800000036D3BF078964540F6300000021017D
:105788000000008F02004036627EFE07000000A77E
:1057980000000000E0D45F7FFDF5673E03000000D5
:1057A800A800000000D2D4BF078964580F5A00002F
:1057B80000A7000000009BD55F7FFDF5673E020053
:1057C8000000A800000000B8D5BF078964580F5F23
:1057D80000000021010000007D03004036627EFECB
:1057E80002000000A70000000008D65F7FFDF567F3
:1057F8003E03000000A80000000094D6BF0789649B
:105808005A0F62000000A70000000081D75F7FFDEB
:10581800F5673E02000000A8000000009DD7BF0702
:105828008964580F610000002101000000C00400D5
:105838004036627EFE04000000A800000000A3D8E5
:10584800BF0789645A0F02000000A700000000CCBF
:10585800D85F7FFDF5673E61000000A700000000EB
:105868001CD95F7FFDF5673E02000000A80000001C
:105878000099D9BF078964560F5D00000021010017
:105888000000F705004036627EFE02000000BE03FD
:105898000000009F1A0701A8C0088003000000A7A5
:1058A800000000001ADA5F7FFDF5673E0200000085
:1058B800A800000000E2DABF078964500F43000027
:1058C800007600001B0176000401010000001C00A6
:1058D8000000A70000000074DB5F7FFDF5673E0253
:1058E800000000A800000000A3DBBF0789644A0F7E
:1058F800620000002101000000F006004036627ED0
:10590800FE05000000A800000000CDDCBF07896488
:10591800420F03000000A700000000CBDC5F7FFD02
:10592800F5673E5C000000A7000000003BDD5F7FDC
:10593800FDF5673E03000000A80000000068DDBF19
:105948000789643E0F5F0000002101000000A307E3
:10595800004036627EFE02000000A700000000B092
:10596800DE5F7FFDF5673E03000000A80000000031
:10597800C6DEBF0789643C0F65000000A700000071
:10598800006EDF5F7FFDF5673E03000000A80000A2
:10599800000049DFBF0789643C0F5C00000021015B
:1059A8000000006008004036627EFE03000000A888
:1059B8000000000005D0BF0789643A0F020000000C
:1059C800A700000000A7D05F7FFDF5673E620000DA
:1059D80000A7000000002FD15F7FFDF5673E0300A0
:1059E8000000A8000000005BD1BF0789643C0F5E7F
:1059F80000000021010000009F09004036627EFE81
:105A080003000000A7000000005BD25F7FFDF56780
:105A18003E02000000A80000000093D2BF0789647E
:105A28003A0F67000000A700000000DAD35F7FFD8F
:105A3800F5673E02000000A80000000060D3BF0721
:105A48008964380F590000002101000000FA0A009B
:105A58004036627EFE02000000BE03000000E91B23
:105A68000701A8C0088002000000A700000000E0AD
:105A7800D45F7FFDF5673E03000000A8000000002A
:105A880098D4BF078964360F63000000A7000000A0
:105A9800009BD55F7FFDF5673E02000000A800006F
:105AA8000000A6D5BF078964380F5E0000002101F9
:105AB800000000510B004036627EFE02000000A785
:105AC8000000000008D65F7FFDF5673E0200000079
:105AD800A8000000008AD6BF0789643A0F65000055
:105AE80000A70000000081D75F7FFDF5673E020038
:105AF8000000A800000000A7D7BF0789643E0F5B1D
:105B08000000002101000000940C004036627EFE77
:105B180005000000A700000000CCD85F7FFDF567F6
:105B28003E03000000A80000000085D8BF07896474
:105B38003E0F63000000A7000000001CD95F7FFD36
:105B4800F5673E02000000A800000000EBD9BF077F
:105B580089643C0F5D0000002101000000870D00F2
:105B68004036627EFE05000000A7000000001ADA39
:105B78005F7FFDF5673E02000000A800000000B44A
:105B8800DABF0789643C0F62000000A7000000002C
:105B980074DB5F7FFDF5673E02000000A80000008F
:105BA8000079DBBF0789643C0F5B0000002101001E
:105BB8000000140E004036627EFE03000000A800BC
:105BC8000000007BDCBF0789643E0F02000000A7CD
:105BD80000000000CBDC5F7FFDF5673E1000000091
:105BE800400600000002816FB776200328570000A6
:105BF80000A7000000003BDD5F7FFDF5673E030066
:105C08000000A800000000FADDBF078964440F59AE
:105C18000000002101000000A20F004036627EFE55
:105C280002000000BE030000006C1C0701A8C008A9
:105C38008003000000A700000000B0DE5F7FFDF5D4
:105C4800673E02000000A80000000048DEBF078988
:105C580064440F440000007600001B017600040134
:105C6800010000001B000000A7000000006EDF5FBD
:105C78007FFDF5673E02000000A800000000C7DFB6
:105C8800BF078964440F6000000021010000006C18
:105C980000004036627EFE05000000A800000000FB
:105CA800AFD0BF078964440F03000000A7000000BD
:105CB80000A7D05F7FFDF5673E62000000A70000E7
:105CC80000002FD15F7FFDF5673E02000000A800AD
:105CD800000000F1D1BF078964420F5C0000002179
:105CE800010000000001004036627EFE0200000054
:105CF800A7000000005BD25F7FFDF5673E03000050
:105D080000A80000000001D2BF078964400F6100AD
:105D18000000A700000000DAD35F7FFDF5673E02B0
:105D2800000000A800000000EED3BF078964400F00
:105D38006000000021010000008F02004036627EF2
:105D4800FE03000000A800000000E8D4BF07896433
:105D58003E0F02000000A700000000E0D45F7FFDB6
:105D6800F5673E65000000A7000000009BD55F7F37
:105D7800FDF5673E03000000A8000000009ED5BFA7
:105D88000789643C0F5B00000021010000007D03CF
:105D9800004036627EFE02000000A700000000B945
:105DA800D65F7FFDF9673E03000000A800000000F1
:105DB800B2D6BF0789643E0F63000000A700000049
:105DC8000030D75F7FFDF9673E03000000A80000A0
:105DD8000000A7D7BF0789643E0F5D0000002101BE
:105DE800000000C004004036627EFE02000000BED3
:105DF80003000000D71D0701A8C0088003000000A9
:105E0800A700000000CCD85F7FFDF5673E020000C8
:105E180000A80000000033D8BF078964420F630060
:105E28000000A7000000001CD95F7FFDF5673E0257
:105E3800000000A80000000079D9BF078964460F58
:105E48005C0000002101000000F705004036627E7A
:105E5800FE05000000A7000000001ADA5F7FFDF5CC
:105E6800673E02000000A80000000072DABF078940
:105E780064480F5F000000A70000000074DB5F7F2C
:105E8800FDF5673E02000000A800000000BFDBBF70
:105E9800078964480F600000002101000000F00637
:105EA800004036627EFE04000000A700000000CB20
:105EB800DC5F7FFDF5673E03000000A800000000DE
:105EC800BDDCBF0789644A0F64000000A70000001A
:105ED800003BDD5F7FFDF5673E02000000A8000083
:105EE80000008ADDBF0789644C0F5C0000002101B7
:105EF800000000A307004036627EFE02000000A7F3
:105F080000000000B0DE5F7FFDF5673E0200000084
:105F1800A80000000000DEBF078964480F61000088
:105F280000A7000000006EDF5F7FFDF5673E0200FE
:105F38000000A800000000DBDFBF078964460F608F
:105F480000000021010000006008004036627EFE6B
:105F580003000000A800000000B3D0BF0789644612
:105F68000F02000000A700000000A7D05F7FFDF52A
:105F7800673E67000000A7000000002FD15F7FFD8B
:105F8800F5673E02000000A800000000F1D1BF073D
:105F98008964420F5A00000021010000009F090097
:105FA8004036627EFE02000000BE03000000C81EEC
:105FB8000701A8C0088003000000A7000000005BDC
:105FC800D25F7FFDF5673E02000000A800000000D8
:105FD80001D2BF078964400F430000007600001B10
:105FE8000176000401010000001C000000A7000069
:105FF8000000DAD35F7FFDF5673E02000000A800CD
:1060080000000044D3BF0789643E0F6000000021F0
:1060180001000000FA0A004036627EFE050000001A
:10602800A800000000E8D4BF0789643E0F02000002
:1060380000A700000000E0D45F7FFDF5673E610027
:106048000000A7000000009BD55F7FFDF5673E02BA
:10605800000000A80000000028D5BF078964400F91
:106068005E0000002101000000510B004036627EF6
:10607800FE02000000A70000000008D65F7FFDF5C3
:10608800673E03000000A8000000003CD6BF078957
:1060980064460F61000000A70000000081D75F7F01
:1060A800FDF5673E03000000A8000000007DD7BF93
:1060B800078964480F600000002101000000940C6B
:1060C800004036627EFE03000000A8000000004386
:1060D800D8BF0789644A0F02000000A7000000002B
:1060E800CCD85F7FFDF5673E61000000A700000087
:1060F800001CD95F7FFDF5673E03000000A8000083
:10610800000015D9BF0789644C0F5F00000021010A
:10611800000000870D004036627EFE05000000A7E3
:10612800000000001ADA5F7FFDF5673E03000000FB
:10613800A8000000006EDABF0789644A0F610000FA
:1061480000A70000000074DB5F7FFDF5673E0200DA
:106158000000A800000000A3DBBF0789644A0F60A5
:106168000000002101000000140E004036627EFE8F
:1061780003000000BE03000000C51F0701A8C008F7
:106188008002000000A700000000CBDC5F7FFDF567
:10619800673E03000000A800000000BDDCBF0789BF
:1061A800644A0F5B000000A7000000003BDD5F7F32
:1061B800FDF5673E03000000A800000000AEDDBF4B
:1061C8000789644A0F600000002101000000A20F47
:1061D800004036627EFE03000000A700000000B009
:1061E800DE5F7FFDF5673E02000000A800000000AA
:1061F8001CDEBF0789644A0F61000000A700000089
:10620800006EDF5F7FFDF5673E02000000A800001A
:106218000000B7DFBF0789644C0F6300000021014D
:106228000000006C00004036627EFE06000000A7F9
:1062380000000000A7D05F7FFDF5673E0200000068
:10624800A800000000C3D0BF0789644E0F5A0000A1
:1062580000A7000000002FD15F7FFDF5673E020018
:106268000000A8000000000DD1BF078964500F622C
:1062780000000021010000000001004036627EFE9F
:1062880003000000A7000000005BD25F7FFDF567F8
:106298003E02000000A800000000D9D2BF078964B0
:1062A800540F60000000A700000000DAD35F7FFDF4
:1062B800F5673E02000000A8000000002AD3BF07CF
:1062C8008964560F6200000021010000008F02005F
:1062D8004036627EFE04000000A80000000086D45C
:1062E800BF078964560F02000000A700000000E005
:1062F800D45F7FFDF5673E1C0000004106000000EA
:10630800DB15214F130A559243000000A700000037
:10631800009BD55F7FFDF5673E02000000A80000E6
:106328000000B8D5BF078964580F6100000021013B
:106338000000007D03004036627EFE02000000BEC1
:10634800030000007C100701A8C0088003000000BB
:10635800A70000000008D65F7FFDF5673E02000039
:1063680000A80000000088D6BF078964580F3F00C6
:1063780000007600001B0176000401010000001EE9
:10638800000000A70000000081D75F7FFDF5673E91
:1063980002000000A800000000C9D7BF07896456A2
:1063A8000F630000002101000000C00400403662B5
:1063B8007EFE05000000A800000000BFD8BF0789C6
:1063C80064580F03000000A700000000CCD85F7FCE
:1063D800FDF5673E5A000000A7000000001CD95FC9
:1063E8007FFDF5673E02000000A800000000CDD93F
:1063F800BF078964580F620000002101000000F700
:1064080005004036627EFE02000000A70000000082
:106418001ADA5F7FFDF5673E03000000A800000060
:1064280000C6DABF078964560F5E000000A70000A7
:10643800000074DB5F7FFDF5673E02000000A800E6
:106448000000009BDBBF0789644E0F60000000213D
:1064580001000000F006004036627EFE03000000E6
:10646800A800000000F5DCBF078964460F020000A1
:1064780000A700000000CBDC5F7FFDF5673E6200EF
:106488000000A7000000003BDD5F7FFDF5673E02CE
:10649800000000A800000000C2DDBF078964400FAB
:1064A800620000002101000000A307004036627E60
:1064B800FE02000000A700000000B0DE5F7FFDF5CF
:1064C800673E03000000A800000000DADEBF07896D
:1064D800643E0F10000000400600000002816FB704
:1064E8007620032850000000A7000000006EDF5F40
:1064F8007FFDF5673E02000000A800000000E3DF12
:10650800BF078964420F5D000000210100000060A0
:1065180008004036627EFE02000000BE0300000054
:1065280008110701A8C0088003000000A7000000A8
:1065380000A7D05F7FFDF5673E02000000A80000BD
:106548000000AFD0BF078964440F60000000A700B7
:106558000000002FD15F7FFDF5673E03000000A813
:1065680000000000D5D1BF078964440F6200000015
:1065780021010000009F09004036627EFE030000F2
:1065880000A7000000005BD25F7FFDF5673E0200B8
:106598000000A8000000001DD2BF078964420F5EFA
:1065A800000000A700000000DAD35F7FFDF5673E1A
:1065B80002000000A80000000044D3BF0789643E21
:1065C8000F600000002101000000FA0A0040366256
:1065D8007EFE05000000A700000000E0D45F7FFDFC
:1065E800F5673E02000000A800000000D0D4BF07F5
:1065F80089643A0F60000000A7000000009BD55F87
:106608007FFDF5673E02000000A800000000A6D547
:10661800BF078964380F62000000210100000051A3
:106628000B004036627EFE02000000A7000000005A
:1066380008D65F7FFDF5673E03000000A800000054
:1066480000DED6BF078964340F5E000000A7000093
:10665800000081D75F7FFDF5673E02000000A800BB
:10666800000000CBD7BF078964340F600000002109
:1066780001000000940C004036627EFE020000001B
:10668800A800000000F5D8BF078964360F03000092
:1066980000A700000000CCD85F7FFDF5673E6300CF
:1066A8000000A7000000001CD95F7FFDF5673E03CE
:1066B800000000A800000000D3D9BF078964380F84
:1066C800600000002101000000870D004036627E56
:1066D800FE02000000BE0300000067120701A8C008
:1066E800088002000000A7000000001ADA5F7FFDA2
:1066F800F5673E02000000A8000000008CDABF0722
:106708008964380F430000007600001B01760004FE
:1067180001010000001A000000A70000000074DB5F
:106728005F7FFDF5673E03000000A800000000152C
:10673800DBBF078964360F5F0000002101000000FD
:10674800140E004036627EFE05000000A80000001E
:106758000017DCBF078964340F02000000A700009F
:106768000000CBDC5F7FFDF5673E5F000000A700FF
:106778000000003BDD5F7FFDF5673E03000000A8D9
:10678800000000003CDDBF078964300F6100000095
:106798002101000000A20F004036627EFE020000C8
:1067A80000A700000000B0DE5F7FFDF5673E030034
:1067B8000000A8000000003ADEBF0789642E0F5FC2
:1067C800000000A7000000006EDF5F7FFDF5673E58
:1067D80002000000A800000000B5DFBF0789642E92
:1067E8000F6000000021010000006C0000403662CC
:1067F8007EFE02000000A80000000069D0BF0789E3
:1068080064300F03000000A700000000A7D05F7FDE
:10681800FDF5673E62000000A7000000009ED15F02
:106828007FFDF9673E02000000A80000000013D1B8
:10683800BF078964300F5F000000210100000000DD
:1068480001004036627EFE03000000A70000000041
:10685800EAD25F7FFDF9673E02000000A800000051
:10686800004BD2BF0789642E0F64000000A7000008
:1068780000006BD35F7FFDF9673E03000000A800AE
:10688800000000A4D3BF0789642E0F5E000000211A
:10689800010000008F02004036627EFE0200000008
:1068A800BE0300000094130701A8C008800300007D
:1068B80000A70000000051D45F7FFDF9673E020089
:1068C8000000A80000000008D4BF0789642E0F62EA
:1068D800000000A7000000002AD55F7FFDF9673E91
:1068E80003000000A800000000D6D5BF0789643067
:1068F8000F5A00000021010000007D0300403662AD
:106908007EFE02000000A70000000008D65F7FFDA1
:10691800F5673E02000000A800000000DED6BF07B1
:106928008964340F64000000A70000000081D75F6D
:106938007FFDF5673E02000000A80000000083D735
:10694800BF078964380F600000002101000000C003
:1069580004004036627EFE04000000A8000000002B
:1069680099D8BF0789643C0F03000000A700000006
:1069780000CCD85F7FFDF5673E62000000A70000ED
:1069880000001CD95F7FFDF5673E03000000A800EA
:10699800000000F7D9BF0789643E0F5A00000021A4
:1069A80001000000F705004036627EFE030000008B
:1069B800A7000000001ADA5F7FFDF5673E020000BD
:1069C80000A80000000002DABF078964400F6400D5
:1069D8000000A70000000074DB5F7FFDF5673E0242
:1069E800000000A800000000D3DBBF078964420F45
:1069F8005E0000002101000000F006004036627EC3
:106A0800FE03000000A800000000D1DCBF07896475
:106A1800400F02000000A700000000CBDC5F7FFDF4
:106A2800F5673E68000000A7000000003BDD5F7FBF
:106A3800FDF5673E02000000A800000000DEDDBF93
:106A4800078964420F570000002101000000A307D6
:106A5800004036627EFE03000000BE0300000063B3
:106A6800140701A8C0088002000000A70000000069
:106A7800B0DE5F7FFDF5673E03000000A800000060
:106A8800006CDEBF078964420F44000000760000F6
:106A98001B0176000401010000001F000000A70090
:106AA8000000006EDF5F7FFDF5673E02000000A872
:106AB80000000000FFDFBF078964400F5C00000092
:106AC80021010000006008004036627EFE070000D9
:106AD80000A80000000097D0BF078964400F02009B
:106AE8000000A700000000A7D05F7FFDF5673E62A9
:106AF800000000A7000000002FD15F7FFDF5673E72
:106B080003000000A800000000F1D1BF078964421B
:106B18000F5A00000021010000009F090040366262
:106B28007EFE02000000A7000000005BD25F7FFD30
:106B3800F5673E02000000A80000000039D2BF0738
:106B48008964440F65000000A700000000DAD35FE5
:106B58007FFDF5673E03000000A8000000009ED3FB
:106B6800BF078964480F5C0000002101000000FA9B
:106B78000A004036627EFE02000000A80000000005
:106B88007AD4BF078964440F03000000A7000000FF
:106B980000E0D45F7FFDF5673E61000000A70000BC
:106BA80000009BD55F7FFDF5673E03000000A8004D
:106BB80000000028D5BF078964400F5F000000214E
:106BC80001000000510B004036627EFE020000000A
:106BD800A70000000008D65F7FFDF5673E020000B1
:106BE80000A800000000AED6BF0789643C0F68000B
:106BF8000000A70000000081D75F7FFDF5673E0217
:106C0800000000A800000000D7D7BF078964360F2E
:106C18005A0000002101000000940C004036627EFA
:106C2800FE02000000BE030000001C150701A8C0FA
:106C3800088003000000A800000000F5D8BF0789FD
:106C480064360F02000000A700000000CCD85F7F68
:106C5800FDF5673E5F000000A7000000001CD95F3B
:106C68007FFDF5673E03000000A80000000087D9FB
:106C7800BF078964360F5F0000002101000000870C
:106C88000D004036627EFE02000000A700000000F2
:106C98001ADA5F7FFDF5673E02000000A8000000D9
:106CA80000E0DABF078964320F65000000A7000022
:106CB800000074DB5F7FFDF5673E02000000A8005E
:106CC80000000099DBBF0789642C0F5D00000021DC
:106CD80001000000140E004036627EFE0500000030
:106CE800A700000000CBDC5F7FFDF5673E020000D7
:106CF80000A80000000087DCBF0789642C0F5F0034
:106D08000000A7000000003BDD5F7FFDF5673E0344
:106D1800000000A800000000B0DDBF0789642A0F4A
:106D28005F0000002101000000A20F004036627ED3
:106D3800FE02000000A70000000001DE5F7FFDF9F1
:106D4800673E03000000A80000000026DEBF078998
:106D5800642C0F65000000A700000000DFDF5F7FE4
:106D6800FDF9673E02000000A800000000B5DFBF83
:106D78000789642E0F5C00000021010000006C00F0
:106D8800004036627EFE02000000A800000000DD20
:106D9800D0BF0789642E0F03000000A70000000081
:106DA800DFE05F7FFDF9673E10000000400600004D
:106DB8000002816FB77620032853000000A7000067
:106DC800000057E15F7FFDF9673E03000000A8005F
:106DD800000000BBD1BF0789642C0F5C00000021B4
:106DE800010000000001004036627EFE0300000042
:106DF800BE0300000001160701A8C00880020000B9
:106E080000A70000000023E25F7FFDF9673E030052
:106E18000000A8000000006FD2BF078964280F4354
:106E28000000007600001B0176000401010000004C
:106E38001E000000A700000000A2E35F7FFDF967C5
:106E48003E02000000A800000000C8D3BF07896404
:106E5800240F5E00000021010000008F0200403670
:106E6800627EFE05000000A8000000005CD4BF0799
:106E78008964200F02000000A70000000051D45FC1
:106E88007FFDF9673E5F000000A7000000002AD5DB
:106E98005F7FFDF9673E02000000A8000000007156
:106EA800D5BF0789641C0F600000002101000000A5
:106EB8007D03004036627EFE02000000A70000004D
:106EC8000070E65F7FFDF9673E02000000A8000041
:106ED800000065D6BF0789641A0F64000000A70088
:106EE800000000F9E75F7FFDF9673E02000000A897
:106EF8000000000038D7BF078964160F6000000043
:106F08002101000000C004004036627EFE0200003D
:106F180000A80000000022D8BF078964120F0300F0
:106F28000000A700000000B4E85F7FFDF9673E613C
:106F3800000000A7000000004FE99F7FFDF9673EB1
:106F480002000000A80000000050D9BF07896412A1
:106F58000F620000002101000000F70500403662C2
:106F68007EFE03000000A70000000049EA9F7FFDA5
:106F7800F9673E02000000A8000000000FDABF0712
:106F88008964120F5F000000A70000000027EB9F34
:106F98007FFDF9673E02000000A800000000C2DB88
:106FA800BF078964120F600000002101000000F093
:106FB80006004036627EFE02000000BE03000000AC
:106FC8008D170701A8C0088003000000A800000072
:106FD80000E4DCBF078964160F02000000A7000068
:106FE800000098EC9F7FFDF9673E5F000000A70056
:106FF80000000068ED9F7FFDF9673E02000000A8D1
:10700800000000009BDDBF0789641C0F63000000BF
:107018002101000000A307004036627EFE02000046
:1070280000A700000000E3EE9F7FFDF9673E020025
:107038000000A80000000035DEBF0789641E0F5D50
:10704800000000A7000000003DEF9F7FFDF9673EAC
:1070580002000000A800000000E1DFBF07896420EB
:107068000F63000000210100000060080040366244
:107078007EFE05000000A800000000B1D0BF07890F
:1070880064240F03000000A700000000F4E09F7FC5
:10709800FDF9673E5D000000A7000000007CE19F4D
:1070A8007FFDF9673E03000000A80000000083D1BF
:1070B800BF078964280F5D00000021010000009FC0
:1070C80009004036627EFE07000000A700000000AD
:1070D80008E29F7FFDF9673E03000000A80000005A
:1070E8000057D2BF0789642C0F5C000000A700007E
:1070F800000089E39F7FFDF9673E02000000A800B9
:1071080000000010D3BF078964300F63000000211E
:1071180001000000FA0A004036627EFE020000000C
:10712800A800000000A0D4BF078964320F03000044
:1071380000A700000000B3E49F7FFDF9673E6000F0
:107148000000A700000000C8E59F7FFDF9673E0327
:10715800000000A800000000EED5BF078964340FC6
:107168005C0000002101000000510B004036627EE7
:10717800FE02000000BE0300000077180701A8C047
:10718800088002000000A7000000005BE69F7FFD6A
:10719800F9673E03000000A800000000C2D6BF0740
:1071A8008964360F440000007600001B0176000455
:1071B80001010000001C000000A700000000D2E749
:1071C8009F7FFDF9673E02000000A8000000009FB5
:1071D800D7BF0789643A0F62000000210100000050
:1071E800940C004036627EFE06000000A8000000F5
:1071F8000085D8BF0789643E0F02000000A7000081
:1072080000009FE89F7FFDF9673E5A000000A70035
:107218000000004FE99F7FFDF9673E02000000A8CB
:107228000000000065D9BF078964440F61000000B1
:107238002101000000870D004036627EFE0200003A
:1072480000A70000000062EA5F7FFDF9673E0300C7
:107258000000A80000000072DABF078964480F62C6
:10726800000000A700000000BDEB5F7FFDF5673E52
:1072780002000000A800000000A3DBBF0789644AE1
:107288000F630000002101000000140E0040366268
:107298007EFE03000000A80000000085DCBF07890F
:1072A800644E0F02000000A70000000002EC5F7FA0
:1072B800FDF5673E5C000000A700000000F2ED5FEE
:1072C8007FFDF5673E03000000A8000000008ADD8E
:1072D800BF0789644C0F5E0000002101000000A276
:1072E8000F004036627EFE02000000A7000000008A
:1072F80079EE5F7FFDF5673E02000000A800000000
:107308000038DEBF0789644C0F64000000A7000046
:107318000000A7EF5F7FFDF5673E02000000A800B0
:10732800000000ABDFBF0789644E0F610000002139
:10733800010000006C00004036627EFE0300000081
:10734800BE0300000054190701A8C008800200000D
:1073580000A700000000A7D05F7FFDF5673E020090
:107368000000A800000000FBD0BF0789644A0F5D39
:10737800000000A7000000002FD15F7FFDF5673EE9
:1073880002000000A80000000081D1BF0789644AFC
:107398000F5F00000021010000000001004036627C
:1073A8007EFE02000000A7000000005BD25F7FFDA8
:1073B800F5673E02000000A80000000049D2BF07A0
:1073C80089644C0F62000000A700000000DAD35F58
:1073D8007FFDF5673E02000000A800000000A6D36C
:1073E800BF0789644C0F6300000021010000008F73
:1073F80002004036627EFE06000000A70000000082
:10740800E0D45F7FFDF5673E02000000A8000000A1
:107418000016D4BF0789644E0F5C000000A7000067
:1074280000009BD55F7FFDF5673E03000000A800C4
:10743800000000D4D5BF078964520F5E0000002108
:10744800010000007D03004036627EFE030000005C
:10745800A70000000008D65F7FFDF5673E02000028
:1074680000A800000000C0D6BF078964540F61005F
:107478000000A70000000081D75F7FFDF5673E038D
:10748800000000A800000000D5D7BF078964540F8A
:10749800600000002101000000C004004036627E48
:1074A800FE05000000A800000000EBD8BF078964B3
:1074B800560F02000000A700000000CCD85F7FFD37
:1074C800F5673E2300000041060000007716214FB3
:1074D800130A55923E000000A7000000001CD95F67
:1074E8007FFDF5673E03000000A800000000CDD92D
:1074F800BF078964580F5B0000002101000000F7F6
:1075080005004036627EFE03000000BE0300000056
:107518009F1A0701A8C0088002000000A700000009
:10752800001ADA5F7FFDF5673E03000000A800003F
:1075380000008EDABF0789645A0F43000000760006
:10754800001B0176000401010000001C000000A7D8
:107558000000000074DB5F7FFDF5673E030000005C
:10756800A8000000007BDBBF0789645E0F61000094
:10757800002101000000F006004036627EFE060091
:107588000000A8000000003EDCBF078964600F030C
:10759800000000A700000000CBDC5F7FFDF5673E20
:1075A8005C000000A7000000003BDD5F7FFDF56781
:1075B8003E02000000A8000000002DDDBF0789641E
:1075C800600F5F0000002101000000A307004036A3
:1075D800627EFE02000000A700000000B0DE5F7FB0
:1075E800FDF5673E02000000A80000000083DEBF32
:1075F800078964620F62000000A7000000006EDFC8
:107608005F7FFDF5673E03000000A800000000282A
:10761800DFBF078964640F600000002101000000DB
:107628006008004036627EFE04000000A8000000EA
:107638000008D0BF078964680F02000000A7000097
:107648000000A7D05F7FFDF5673E60000000A7003F
:107658000000002FD15F7FFDF5673E02000000A803
:10766800000000004AD1BF0789646C0F5F0000006A
:1076780021010000009F09004036627EFE020000E2
:1076880000A7000000005BD25F7FFDF5673E0200A7
:107698000000A800000000BAD2BF0789646E0F0E70
:1076A800000000400600000002816FB77620032822
:1076B80056000000A700000000DAD35F7FFDF567E1
:1076C8003E02000000A80000000055D3BF078964EF
:1076D8006E0F5E0000002101000000FA0A0040362B
:1076E800627EFE02000000BE03000000E91B0701E5
:1076F800A8C0088003000000A700000000E0D45FD5
:107708007FFDF5673E02000000A800000000F9D4E4
:10771800BF0789646E0F62000000A7000000009B8D
:10772800D55F7FFDF5673E02000000A8000000005D
:1077380093D5BF0789646E0F5E0000002101000029
:1077480000510B004036627EFE03000000A70000D7
:10775800000008D65F7FFDF5673E02000000A80024
:10776800000000A3D6BF0789646E0F65000000A75C
:107778000000000081D75F7FFDF5673E0200000032
:10778800A800000000B6D7BF0789646E0F5B000031
:10779800002101000000940C004036627EFE0600C5
:1077A8000000A700000000CCD85F7FFDF5673E030E
:1077B800000000A80000000088D8BF0789646C0F8B
:1077C80060000000A7000000001CD95F7FFDF5677E
:1077D8003E02000000A800000000E6D9BF07896447
:1077E8006E0F5F0000002101000000870D00403689
:1077F800627EFE02000000A7000000001ADA5F7F28
:10780800FDF5673E03000000A8000000000DDABF88
:10781800078964700F65000000A70000000074DB92
:107828005F7FFDF5673E02000000A800000000F839
:10783800DBBF078964740F590000002101000000B4
:10784800140E004036627EFE04000000A80000000E
:1078580000AEDCBF078964780F02000000A70000B3
:107868000000CBDC5F7FFDF5673E66000000A700E7
:107878000000003BDD5F7FFDF5673E02000000A8C9
:1078880000000000FEDDBF078964800F5D00000076
:107898002101000000A20F004036627EFE020000B7
:1078A80000BE030000006C1C0701A8C0088002008D
:1078B8000000A700000000B0DE5F7FFDF5673E0313
:1078C800000000A80000000074DEBF078964840F70
:1078D800420000007600001B017600040101000050
:1078E8000020000000A7000000006EDF5F7FFDF5AC
:1078F800673E03000000A800000000E7DFBF07891B
:1079080064860F5A00000021010000006C0000404E
:1079180036627EFE06000000A800000000DBD0BF33
:10792800078964880F02000000A7000000002DD01E
:107938005F7FFDF1673E61000000A700000000A521
:10794800D15F7FFDF1673E02000000A80000000043
:10795800A1D1BF078964880F5E00000021010000E3
:10796800000001004036627EFE03000000A7000010
:107978000000C8D21F7FFDF1673E02000000A8008A
:1079880000000021D2BF078964820F67000000A7AA
:107998000000000049D31F7FFDF1673E0200000090
:1079A800A800000000D2D3BF078964800F590000E7
:1079B8000021010000008F02004036627EFE0400B4
:1079C8000000A80000000005D4BF0789647C0F02EE
:1079D800000000A70000000073D41F7FFDF1673E80
:1079E80063000000A70000000008D51F7FFDF167B5
:1079F8003E02000000A8000000004BD5BF078964C4
:107A08007A0F5E00000021010000007D030040366F
:107A1800627EFE02000000A7000000009BD61F7FC8
:107A2800FDF1673E03000000A8000000005FD6BF1C
:107A38000789647C0F68000000A70000000012D7C7
:107A48001F7FFDF1673E03000000A8000000004A08
:107A5800D7BF0789647C0F57000000210100000090
:107A6800C004004036627EFE02000000BE03000033
:107A780000D71D0701A8C0088002000000A7000069
:107A880000005FD81F7FFDF1673E03000000A800DB
:107A980000000068D8BF0789647C0F63000000A756
:107AA800000000008FD91F7FFDF1673E0200000033
:107AB800A8000000001AD9BF0789647C0F5D000088
:107AC800002101000000F705004036627EFE030039
:107AD8000000A70000000089DA1F7FFDF1673E0261
:107AE800000000A80000000029DABF078964760FAB
:107AF80065000000A700000000E7DB1F7FFDF167BD
:107B08003E02000000A800000000C0DBBF07896437
:107B1800700F5A0000002101000000F006004036F6
:107B2800627EFE06000000A700000000D2DC1F7F76
:107B3800FDF5673E02000000A80000000076DCBFEB
:107B48000789646C0F63000000A70000000022DDB5
:107B58001F7FFDF5673E03000000A8000000005DE0
:107B6800DDBF078964680F5D000000210100000087
:107B7800A307004036627EFE03000000A700000055
:107B880000A9DE1F7FFDF5673E02000000A8000087
:107B98000000A7DEBF078964640F64000000A70027
:107BA80000000077DF1F7FFDF5673E03000000A897
:107BB8000000000010DFBF078964600F5A00000052
:107BC80021010000006008004036627EFE030000CC
:107BD80000A8000000003FD0BF0789645C0F0300C5
:107BE8000000A700000000BED01F7FFDF5673E67BC
:107BF800000000A70000000036D11F7FFDF5673E9A
:107C080002000000A80000000035D1BF07896454B5
:107C18000F5800000021010000009F090040366253
:107C28007EFE03000000BE03000000C81E0701A876
:107C3800C0088002000000A70000000042D21F7F99
:107C4800FDF5673E02000000A800000000D9D2BF81
:107C5800078964540F450000007600001B01760078
:107C68000401010000001B000000A700000000DA6A
:107C7800D35F7FFDF5673E03000000A80000000009
:107C880012D3BF078964520F5F0000002101000072
:107C980000FA0A004036627EFE05000000A80000D7
:107CA8000000A2D4BF078964500F03000000A7009A
:107CB800000000E0D45F7FFDF5673E62000000A78A
:107CC800000000009BD55F7FFDF5673E02000000C5
:107CD800A800000000C8D5BF078964500F5B0000EA
:107CE800002101000000510B004036627EFE0300B7
:107CF8000000A70000000008D65F7FFDF5673E0280
:107D0800000000A800000000F8D6BF078964500FE3
:107D180062000000A70000000081D75F7FFDF567C3
:107D28003E02000000A80000000059D7BF07896480
:107D38004E0F600000002101000000940C00403646
:107D4800627EFE04000000A80000000067D8BF079C
:107D580089644C0F02000000A700000000CCD85F27
:107D68007FFDF5673E65000000A7000000001CD9F4
:107D78005F7FFDF5673E02000000A80000000031AB
:107D8800D9BF0789644A0F5A00000021010000008A
:107D9800870D004036627EFE02000000A70000004A
:107DA800001ADA5F7FFDF5673E03000000A80000B7
:107DB80000003ADABF078964440F63000000A70097
:107DC80000000074DB5F7FFDF5673E03000000A83C
:107DD80000000000CFDBBF078964400F5E00000091
:107DE8002101000000140E004036627EFE020000F1
:107DF80000BE03000000C51F0701A8C008800200DC
:107E08000000A700000000CBDC5F7FFDF5673E03A4
:107E1800000000A80000000043DCBF0789643A0F97
:107E280065000000A7000000003BDD5F7FFDF567EF
:107E38003E02000000A80000000004DDBF078964BE
:107E4800340F5A0000002101000000A20F00403644
:107E5800627EFE02000000A700000000B0DE5F7F27
:107E6800FDF5673E03000000A8000000008EDEBF9D
:107E7800078964300F60000000A7000000006EDF73
:107E88005F7FFDF5673E03000000A800000000B515
:107E9800DFBF0789642E0F60000000210100000089
:107EA8006C00004036627EFE06000000A80000005C
:107EB80000DDD0BF0789642E0F02000000A7000074
:107EC8000000A7D05F7FFDF5673E63000000A700B4
:107ED8000000002FD15F7FFDF5673E02000000A87B
:107EE80000000000A7D1BF0789642E0F5B000000C7
:107EF80021010000000001004036627EFE03000000
:107F080000A7000000005BD25F7FFDF5673E02001E
:107F18000000A80000000057D2BF0789642C0F6238
:107F2800000000A700000000DAD35F7FFDF5673E80
:107F380002000000A80000000080D3BF0789642861
:107F48000F5E00000021010000008F020040366231
:107F58007EFE04000000A80000000040D4BF07898E
:107F680064220F02000000A70000000051D45F7FC8
:107F7800FDF9673E13000000400600000002817012
:107F8800B77620032855000000A7000000002AD576
:107F98005F7FFDF9673E03000000A8000000006D48
:107FA800D5BF0789641E0F5800000021010000009A
:107FB8007D03004036627EFE02000000BE03000022
:107FC800007C100701A8C0088002000000A700007C
:107FD8000000B9D65F7FFDF9673E03000000A800E6
:107FE80000000065D6BF0789641A0F4400000076B8
:107FF80000001B0176000401010000001C000000C5
:10800800A70000000030D75F7FFDF9673E0300003E
:1080180000A80000000038D7BF078964160F5E006B
:1080280000002101000000C004004036627EFE0608
:10803800000000A80000000006D8BF078964140FDC
:1080480003000000A7000000007DD85F7FFDF967EE
:108058003E5F000000A700000000ADD95F7FFDF97A
:10806800673E02000000A800000000F8D9BF078999
:10807800640E0F600000002101000000F7050040B9
:1080880036627EFE02000000A700000000ABDA5F47
:108098007FFDF9673E02000000A8000000009FDA9B
:1080A800BF0789640A0F63000000A700000000EE04
:1080B800DB9F7FFDF9673E02000000A8000000007A
:1080C80076DBBF0789640C0F630000002101000004
:1080D80000F006004036627EFE06000000A70000A1
:1080E800000051DC9F7FFDF9673E02000000A800F8
:1080F80000000074DCBF0789640E0F5A000000A757
:1081080000000000A1DD9F7FFDF9673E020000002E
:10811800A800000000D3DDBF078964100F610000CC
:10812800002101000000A307004036627EFE020025
:108138000000A700000000E3EE9F7FFDF9673E0303
:10814800000000A80000000045DEBF078964160F84
:1081580063000000A7000000003DEF9F7FFDF96766
:108168003E02000000A800000000A6DFBF078964E7
:108178001C0F61000000210100000060080040366B
:10818800627EFE02000000BE030000000811070125
:10819800A8C0088002000000A800000000D2D0BFDC
:1081A8000789641E0F03000000A700000000F4E028
:1081B8009F7FFDF9673E5B000000A7000000007C80
:1081C800E19F7FFDF9673E02000000A80000000063
:1081D800F3D1BF078964200F63000000210100006C
:1081E800009F09004036627EFE03000000A70000E1
:1081F800000008E29F7FFDF9673E02000000A8002A
:1082080000000003D2BF078964220F5C000000A7AA
:108218000000000089E39F7FFDF9673E030000002E
:10822800A800000000ECD3BF078964220F5F00009C
:10823800002101000000FA0A004036627EFE0B00B1
:108248000000A700000000B3E49F7FFDF9673E032C
:10825800000000A80000000064D4BF078964240F50
:108268005A000000A700000000C8E59F7FFDF967DD
:108278003E02000000A80000000012D5BF07896474
:10828800260F620000002101000000510B0040365B
:10829800627EFE02000000A7000000005BE69F7FF0
:1082A800FDF9673E02000000A80000000076D6BF76
:1082B800078964280F5F000000A700000000D2E7CC
:1082C8009F7FFDF9673E03000000A8000000005BE7
:1082D800D7BF0789642C0F5E000000210100000051
:1082E800940C004036627EFE03000000A8000000E7
:1082F8000065D8BF0789642E0F02000000A70000A0
:108308000000B4E85F7FFDF9673E65000000A70044
:1083180000000064E95F7FFDF9673E02000000A8E5
:1083280000000000BFD9BF078964320F6000000059
:108338002101000000870D004036627EFE02000029
:1083480000BE0300000067120701A8C008800300F0
:108358000000A70000000062EA5F7FFDF9673E02A7
:10836800000000A800000000D8DABF078964360FB3
:10837800400000007600001B0176000401010000A7
:10838800001C000000A7000000000CEB5F7FFDF957
:10839800673E02000000A80000000041DBBF07891B
:1083A80064380F5F0000002101000000140E004037
:1083B80036627EFE06000000A80000000043DCBF15
:1083C8000789643A0F02000000A700000000B3EC20
:1083D8005F7FFDF9673E61000000A700000000FD17
:1083E800ED5F7FFDF5573E02000000A80000000089
:1083F80074DDBF0789643C0F6200000021010000A2
:1084080000A20F004036627EFE02000000A70000B6
:10841800000076EE5F7FFDF5573E03000000A800E0
:10842800000000DADEBF0789643E0F5E000000A787
:1084380000000000A8EF5F7FFDF5573E0300000035
:10844800A800000000E3DFBF078964420F5F000057
:108458000021010000006C00004036627EFE03002F
:108468000000A800000000B3D0BF078964460F02CF
:10847800000000A70000000061E05F7FFDF5573EA7
:1084880061000000A700000000E9E15F7FFDF557EB
:108498003E03000000A8000000009DD1BF078964CA
:1084A800480F620000002101000000000100403672
:1084B800627EFE02000000A70000000054D25F7F29
:1084C800FDF5573E02000000A80000000071D2BF71
:1084D800078964480F61000000A700000000D5D399
:1084E8005F7FFDF5573E03000000A800000000CAAA
:1084F800D3BF078964460F5C00000021010000001B
:108508008F02004036627EFE03000000BE030000BA
:108518000094130701A8C0088002000000A700000B
:108528000000EFD45F7FFDF5573E02000000A80071
:108538000000005ED4BF078964420F60000000A7F6
:108548000000000094D55F7FFDF5573E0300000052
:10855800A80000000034D5BF078964420F620000FC
:108568000021010000007D03004036627EFE03000A
:108578000000A70000000007D65F7FFDF5573E0208
:10858800000000A80000000020D6BF078964440F3F
:108598005E000000A70000000081D75F7FFDF5673F
:1085A8003E02000000A8000000007DD7BF078964D4
:1085B800480F5F0000002101000000C004004036A1
:1085C800627EFE06000000A700000000CCD85F7F96
:1085D800FDF5673E02000000A80000000067D8BF54
:1085E8000789644C0F60000000A7000000001CD938
:1085F8005F7FFDF5673E02000000A800000000094B
:10860800D9BF0789644E0F620000002101000000F5
:10861800F705004036627EFE02000000A700000059
:10862800001ADA5F7FFDF5673E02000000A800002F
:10863800000056DABF0789644E0F5F000000A700EC
:1086480000000074DB5F7FFDF5673E03000000A8B3
:1086580000000000A3DBBF0789644A0F5E0000002A
:108668002101000000F006004036627EFE03000093
:1086780000A800000000E9DCBF078964440F03007C
:108688000000A700000000CBDC5F7FFDF5673E1C03
:1086980000000041060000001317214F130A5592ED
:1086A80047000000A7000000003BDD5F7FFDF56785
:1086B8003E03000000A800000000DEDDBF0789645B
:1086C800420F5D0000002101000000A307004036B2
:1086D800627EFE02000000BE030000006314070172
:1086E800A8C0088002000000A700000000B0DE5FFC
:1086F8007FFDF5673E03000000A800000000DADEF9
:10870800BF0789643E0F440000007600001B017615
:10871800000401010000001C000000A70000000088
:108728006EDF5F7FFDF5673E03000000A8000000D4
:108738000071DFBF078964380F6000000021010065
:1087480000006008004036627EFE04000000A800B9
:108758000000004DD0BF078964360F03000000A752
:1087680000000000A7D05F7FFDF5673E62000000B3
:10877800A7000000002FD15F7FFDF5673E030000D2
:1087880000A8000000000FD1BF078964320F59000C
:10879800000021010000009F09004036627EFE02B1
:1087A800000000A7000000005BD25F7FFDF5673E78
:1087B80003000000A8000000004BD2BF0789642E08
:1087C8000F65000000A700000000DAD35F7FFDF509
:1087D800673E02000000A800000000A4D3BF07897C
:1087E800642E0F5F0000002101000000FA0A00401B
:1087F80036627EFE03000000A80000000008D4BF17
:108808000789642E0F02000000A70000000051D461
:108818005F7FFDF9673E64000000A7000000002AA2
:10882800D55F7FFDF9673E03000000A80000000047
:1088380062D5BF0789642E0F59000000210100008E
:1088480000510B004036627EFE03000000A70000C6
:108858000000B9D65F7FFDF9673E02000000A8005E
:1088680000000052D6BF0789642E0F0E000000409A
:1088780006000000028170B7762003285900000026
:10888800A70000000030D75F7FFDF9673E030000B6
:1088980000A80000000047D7BF0789642E0F5C00BE
:1088A80000002101000000940C004036627EFE02A8
:1088B800000000BE030000001C150701A8C00880C6
:1088C80003000000A80000000079D8BF0789642CC5
:1088D8000F02000000A7000000007DD85F7FFDF9AF
:1088E800673E63000000A700000000ADD95F7FFD70
:1088F800F9673E02000000A8000000000BD9BF077E
:1089080089642C0F590000002101000000870D0028
:108918004036627EFE02000000A700000000ABDACD
:108928005F7FFDF9673E03000000A80000000054C7
:10893800DABF0789642C0F65000000A7000000005B
:10894800C5DB5F7FFDF9673E02000000A80000005C
:1089580000BDDBBF0789642A0F5C0000002101000D
:108968000000140E004036627EFE06000000A700DC
:108978000000007ADC5F7FFDF9673E02000000A876
:10898800000000002FDCBF078964300F6000000082
:10899800A7000000008ADD5F7FFDF9673E02000046
:1089A80000A80000000020DDBF078964320F5F00C7
:1089B80000002101000000A20F004036627EFE0286
:1089C800000000A70000000001DE5F7FFDF9673EA0
:1089D80003000000A800000000AADEBF0789643673
:1089E8000F64000000A700000000DFDF5F7FFDF9D3
:1089F800673E02000000A8000000006DDFBF078985
:108A0800643A0F5C00000021010000006C00004087
:108A180036627EFE03000000A80000000021D0BFDF
:108A28000789643C0F03000000A70000000016D06F
:108A38005F7FFDF9673E64000000A7000000009E0C
:108A4800D15F7FFDF9673E02000000A8000000002A
:108A58005BD1BF0789643C0F5C0000002101000066
:108A6800000001004036627EFE02000000BE0300E6
:108A7800000001160701A8C0088003000000A70035
:108A88000000005BD25F7FFDF5673E02000000A892
:108A980000000000ABD2BF0789643E0F440000000D
:108AA8007600001B01760004010100000020000090
:108AB80000A700000000DAD35F7FFDF5673E0300E2
:108AC8000000A800000000EED3BF078964400F5BD8
:108AD80000000021010000008F02004036627EFE87
:108AE80005000000A80000000042D4BF07896440C8
:108AF8000F02000000A700000000E0D45F7FFDF532
:108B0800673E5F000000A7000000009BD55F7FFD67
:108B1800F5673E03000000A80000000034D5BF0739
:108B28008964420F5E00000021010000007D0300FF
:108B38004036627EFE02000000A70000000008D652
:108B48005F7FFDF5673E03000000A80000000004F9
:108B5800D6BF078964420F66000000A70000000026
:108B680081D75F7FFDF5673E02000000A800000086
:108B7800000DD7BF078964400F5C00000021010089
:108B88000000C004004036627EFE03000000A8001A
:108B980000000099D8BF0789643C0F02000000A7B5
:108BA80000000000CCD85F7FFDF5673E6100000043
:108BB800A7000000001CD95F7FFDF5673E03000099
:108BC80000A800000000EBD9BF0789643C0F5E00D5
:108BD80000002101000000F705004036627EFE0219
:108BE800000000A7000000001ADA5F7FFDF5673E6D
:108BF80003000000A800000000B4DABF0789643C45
:108C08000F68000000A70000000074DB5F7FFDF51F
:108C1800673E02000000A80000000065DBBF07896E
:108C2800643E0F590000002101000000F0060040DA
:108C380036627EFE02000000BE030000008D1707AA
:108C480001A8C0088003000000A700000000CBDCDA
:108C58005F7FFDF5673E02000000A800000000D11C
:108C6800DCBF078964400F61000000A70000000016
:108C78003BDD5F7FFDF5673E02000000A8000000B5
:108C880000C2DDBF078964400F5E000000210100BB
:108C98000000A307004036627EFE03000000A70024
:108CA800000000B0DE5F7FFDF5673E02000000A80F
:108CB80000000000DADEBF0789643E0F6400000090
:108CC800A7000000006EDF5F7FFDF5673E02000031
:108CD80000A80000000049DFBF0789643C0F5E0060
:108CE800000021010000006008004036627EFE0599
:108CF800000000A700000000A7D05F7FFDF5673ED9
:108D080003000000A80000000021D0BF0789643CD0
:108D18000F5E000000A7000000002FD15F7FFDF567
:108D2800673E03000000A8000000007FD1BF07894C
:108D3800643A0F5F00000021010000009F09004015
:108D480036627EFE02000000A7000000005BD25FD2
:108D58007FFDF5673E02000000A8000000008FD2EA
:108D6800BF078964380F64000000A700000000DA1C
:108D7800D35F7FFDF5673E02000000A800000000F9
:108D880034D3BF078964360F5D000000210100005D
:108D980000FA0A004036627EFE03000000A80000C8
:108DA8000000A0D4BF078964320F02000000A700AA
:108DB800000000E0D45F7FFDF5673E66000000A775
:108DC800000000009BD55F7FFDF5673E02000000B4
:108DD800A800000000CAD5BF078964320F620000EE
:108DE800002101000000510B004036627EFE0300A6
:108DF8000000BE0300000077180701A8C008800221
:108E0800000000A70000000008D65F7FFDF5673E60
:108E180003000000A800000000FAD6BF07896432EA
:108E28000F3C0000007600001B01760004010100E1
:108E380000001D000000A70000000081D75F7FFD33
:108E4800F5673E02000000A800000000EFD7BF074A
:108E58008964320F600000002101000000940C00BA
:108E68004036627EFE05000000A800000000F5D82C
:108E7800BF078964360F03000000A700000000CC7C
:108E8800D85F7FFDF5673E5F000000A70000000087
:108E98001CD95F7FFDF5673E02000000A8000000B6
:108EA80000CFD9BF0789643A0F6200000021010092
:108EB8000000870D004036627EFE03000000A70018
:108EC8000000001ADA5F7FFDF5673E02000000A887
:108ED8000000000090DABF0789643A0F5D000000C7
:108EE800A70000000074DB5F7FFDF5673E0300000C
:108EF80000A80000000079DBBF0789643C0F63000D
:108F080000002101000000140E004036627EFE02BF
:108F1800000000A8000000007BDCBF0789643E0F4A
:108F280002000000A700000000CBDC5F7FFDF567B2
:108F38003E60000000A7000000003BDD5F7FFDF5FC
:108F4800673E02000000A80000000068DDBF078936
:108F5800643E0F620000002101000000A20F0040E3
:108F680036627EFE03000000A700000000B0DE5F4E
:108F78007FFDF5673E02000000A8000000006CDEDF
:108F8800BF078964420F5F000000A7000000006E61
:108F9800DF5F7FFDF5673E03000000A800000000CA
:108FA800C7DFBF078964440F60000000210100008B
:108FB800006C00004036627EFE03000000BE030025
:108FC800000054190701A8C0088003000000A80089
:108FD800000000AFD0BF078964440F02000000A75B
:108FE80000000000A7D05F7FFDF5673E5D00000030
:108FF800A7000000002FD15F7FFDF5673E0300004A
:1090080000A800000000C9D1BF078964460F6200AC
:10901800000021010000000001004036627EFE02CF
:10902800000000A7000000005BD25F7FFDF5673EEF
:1090380002000000A80000000071D2BF0789644840
:109048000F5D000000A700000000DAD35F7FFDF588
:10905800673E02000000A800000000BAD3BF0789DD
:10906800644E0F6500000021010000008F020040DF
:1090780036627EFE08000000A700000000E0D45F12
:109088007FFDF5673E02000000A800000000BED486
:10909800BF078964520F5A000000A7000000009B18
:1090A800D55F7FFDF5673E02000000A800000000C4
:1090B800D4D5BF078964520F5F000000210100006A
:1090C800007D03004036627EFE03000000A700001A
:1090D800000008D65F7FFDF5673E02000000A8008B
:1090E800000000E4D6BF078964520F62000000A7A1
:1090F8000000000081D75F7FFDF5673E0200000099
:10910800A800000000EDD7BF078964500F62000077
:10911800002101000000C004004036627EFE040009
:109128000000A800000000CFD8BF078964500F02D4
:10913800000000A700000000CCD85F7FFDF5673E67
:10914800110000004006000000028170B77620037D
:10915800284F000000A7000000001CD95F7FFDF524
:10916800673E02000000A800000000BDD9BF0789C3
:1091780064500F5D0000002101000000F705004069
:1091880036627EFE02000000BE030000009F1A0740
:1091980001A8C0088003000000A7000000001ADA38
:1091A8005F7FFDF5673E02000000A800000000FE9A
:1091B800DABF078964520F450000007600001B01E2
:1091C80076000401010000001A000000A70000005A
:1091D8000074DB5F7FFDF5673E03000000A8000018
:1091E80000002FDBBF078964500F620000002101D7
:1091F800000000F006004036627EFE06000000A770
:1092080000000000CBDC5F7FFDF5673E0200000038
:10921800A80000000099DCBF0789644C0F5B0000C0
:1092280000A7000000003BDD5F7FFDF5673E020000
:109238000000A80000000096DDBF0789644E0F609B
:109248000000002101000000A307004036627EFEF6
:1092580002000000A700000000B0DE5F7FFDF56798
:109268003E03000000A80000000024DEBF07896458
:109278004E0F61000000A7000000006EDF5F7FFD59
:10928800F5673E02000000A80000000003DFBF07EA
:109298008964520F6300000021010000006008008B
:1092A8004036627EFE05000000A700000000A7D03F
:1092B8005F7FFDF5673E03000000A8000000005333
:1092C800D0BF078964560F5B000000A700000000AC
:1092D8002FD15F7FFDF5673E03000000A800000066
:1092E8000035D1BF078964540F5F000000210100D9
:1092F80000009F09004036627EFE02000000A700C1
:109308000000005BD25F7FFDF5673E02000000A809
:1093180000000000E1D2BF078964500F640000001C
:10932800A700000000DAD35F7FFDF5673E0200006A
:1093380000A800000000A6D3BF0789644C0F610095
:1093480000002101000000FA0A004036627EFE0299
:10935800000000BE03000000E91B0701A8C0088048
:1093680003000000A700000000E0D45F7FFDF56760
:109378003E02000000A80000000032D4BF07896444
:10938800480F5C000000A7000000009BD55F7FFD30
:10939800F5673E03000000A8000000000CD5BF07D9
:1093A8008964460F5E0000002101000000510B0097
:1093B8004036627EFE03000000A70000000008D6C9
:1093C8005F7FFDF5673E03000000A8000000002055
:1093D800D6BF078964440F61000000A700000000A1
:1093E80081D75F7FFDF5673E02000000A8000000FE
:1093F8000011D7BF078964420F63000000210100F4
:109408000000940C004036627EFE06000000A800B2
:1094180000000099D8BF0789643C0F02000000A72C
:1094280000000000CCD85F7FFDF5673E5C000000BF
:10943800A7000000001CD95F7FFDF5673E02000011
:1094480000A800000000D3D9BF078964380F5F0067
:1094580000002101000000870D004036627EFE05F5
:10946800000000A7000000001ADA5F7FFDF5673EE4
:1094780002000000A8000000008CDABF07896438E9
:109488000F5F000000A70000000074DB5F7FFDF5A0
:10949800673E02000000A80000000041DBBF07890A
:1094A80064380F610000002101000000140E004024
:1094B80036627EFE03000000A8000000005FDCBFEB
:1094C800078964380F03000000A700000000CBDC08
:1094D8005F7FFDF5673E62000000A7000000003BCB
:1094E800DD5F7FFDF5673E02000000A80000000078
:1094F80068DDBF0789643E0F5C00000021010000A1
:1095080000A20F004036627EFE03000000BE03008A
:1095180000006C1C0701A8C0088003000000A70019
:10952800000000B0DE5F7FFDF5673E02000000A886
:10953800000000006CDEBF078964420F4300000092
:109548007600001B0176000401010000001C0000E9
:1095580000A7000000006EDF5F7FFDF5673E020098
:109568000000A800000000C7DFBF078964440F613E
:1095780000000021010000006C00004036627EFE01
:1095880006000000A800000000E7D0BF0789644873
:109598000F02000000A700000000A7D05F7FFDF5C4
:1095A800673E5E000000A7000000002FD15F7FFD2E
:1095B800F5673E02000000A800000000C9D1BF07FF
:1095C8008964460F600000002101000000000100CE
:1095D8004036627EFE02000000A7000000005BD259
:1095E8005F7FFDF5673E03000000A800000000391A
:1095F800D2BF078964440F65000000A7000000007F
:10960800DAD35F7FFDF5673E02000000A800000086
:1096180000CAD3BF078964460F5B00000021010020
:1096280000008F02004036627EFE04000000A800A1
:1096380000000066D4BF078964460F02000000A737
:1096480000000000E0D45F7FFDF5673E6300000086
:10965800A7000000009BD55F7FFDF5673E02000074
:1096680000A8000000000CD5BF078964460F5F0002
:10967800000021010000007D03004036627EFE02EA
:10968800000000A70000000008D65F7FFDF5673ED8
:1096980002000000A80000000074D6BF0789644AD1
:1096A8000F67000000A70000000081D75F7FFDF56D
:1096B800673E02000000A80000000045D7BF0789E8
:1096C800644C0F580000002101000000C004004055
:1096D80036627EFE03000000BE03000000D71D07AF
:1096E80001A8C0088002000000A700000000CCD834
:1096F8005F7FFDF5673E02000000A800000000CF74
:10970800D8BF078964500F63000000A7000000005D
:109718001CD95F7FFDF5673E02000000A80000002D
:1097280000BDD9BF078964500F5E00000021010009
:109738000000F705004036627EFE03000000A70027
:109748000000001ADA5F7FFDF5673E02000000A8FE
:109758000000000056DABF0789644E0F640000005D
:10976800A70000000074DB5F7FFDF5673E02000084
:1097780000A80000000087DBBF0789644C0F5C006D
:1097880000002101000000F006004036627EFE0560
:10979800000000A700000000CBDC5F7FFDF5673EFE
:1097A80002000000A80000000099DCBF0789644C93
:1097B8000F63000000A7000000003BDD5F7FFDF5A0
:1097C800673E02000000A8000000008ADDBF07898C
:1097D800644C0F5E0000002101000000A307004058
:1097E80036627EFE02000000A700000000B0DE5FC7
:1097F8007FFDF5673E02000000A8000000001CDEA7
:10980800BF0789644A0F65000000A7000000006ECA
:10981800DF5F7FFDF5673E02000000A80000000042
:1098280093DFBF0789644A0F5A0000002101000036
:10983800006008004036627EFE03000000A80000B9
:109848000000E7D0BF078964480F03000000A700A5
:10985800000000A7D05F7FFDF5673E1900000041BA
:10986800060000005118214F130A55924F000000BE
:10987800A7000000002FD15F7FFDF5673E030000C1
:1098880000A800000000D5D1BF078964440F580024
:10989800000021010000009F09004036627EFE02A0
:1098A800000000BE03000000C81E0701A8C0088011
:1098B80002000000A7000000005BD25F7FFDF56793
:1098C8003E03000000A800000000B7D2BF0789646B
:1098D8003C0F430000007600001B017600040101E4
:1098E8000000001C000000A700000000DAD35F7F22
:1098F800FDF5673E02000000A80000000034D3BF59
:10990800078964360F600000002101000000FA0A90
:10991800004036627EFE05000000A80000000084BA
:10992800D4BF078964340F02000000A700000000BC
:10993800E0D45F7FFDF5673E62000000A7000000ED
:10994800009BD55F7FFDF5673E03000000A800007F
:109958000000CAD5BF078964320F5B0000002101EF
:10996800000000510B004036627EFE02000000A796
:109978000000000008D65F7FFDF5673E020000008A
:10998800A80000000096D6BF078964380F6300005E
:1099980000A70000000081D75F7FFDF5673E020049
:1099A8000000A8000000009FD7BF0789643A0F6035
:1099B8000000002101000000940C004036627EFE89
:1099C80003000000A800000000A1D8BF0789643880
:1099D8000F02000000A700000000CCD85F7FFDF553
:1099E800673E64000000A7000000001CD95F7FFDEF
:1099F800F5673E03000000A80000000087D9BF07F4
:109A08008964360F5C0000002101000000870D000A
:109A18004036627EFE04000000A7000000001ADA4B
:109A28005F7FFDF5673E03000000A800000000D836
:109A3800DABF078964360F0B0000004006000000FB
:109A4800028170B77620032856000000A7000000A6
:109A58000074DB5F7FFDF5673E02000000A8000090
:109A6800000041DBBF078964380F5E000000210158
:109A7800000000140E004036627EFE02000000BEA8
:109A880003000000C51F0701A8C0088002000000ED
:109A9800A80000000067DCBF0789643C0F030000D2
:109AA80000A700000000CBDC5F7FFDF5673E620089
:109AB8000000A7000000003BDD5F7FFDF5673E0367
:109AC800000000A80000000074DDBF0789643C0F97
:109AD8005C0000002101000000A20F004036627EF9
:109AE800FE02000000A700000000B0DE5F7FFDF569
:109AF800673E02000000A800000000E2DEBF078900
:109B0800643A0F61000000A7000000006EDF5F7F6D
:109B1800FDF5673E02000000A80000000049DFBF15
:109B28000789643C0F6000000021010000006C0000
:109B3800004036627EFE06000000A700000000A775
:109B4800D05F7FFDF5673E02000000A8000000001E
:109B580021D0BF0789643C0F64000000A700000003
:109B6800002FD15F7FFDF5673E02000000A80000CE
:109B7800000047D1BF0789643E0F5B000000210148
:109B88000000000001004036627EFE03000000A7CE
:109B9800000000005BD25F7FFDF5673E0200000019
:109BA800A80000000001D2BF078964400F610000CF
:109BB80000A700000000DAD35F7FFDF5673E0200D2
:109BC8000000A800000000EED3BF078964400F60C2
:109BD80000000021010000008F02004036627EFE76
:109BE80002000000A800000000E8D4BF0789643E16
:109BF8000F02000000A700000000E0D45F7FFDF521
:109C0800673E68000000A7000000009BD55F7FFD4D
:109C1800F5673E02000000A80000000082D5BF07DB
:109C280089643E0F5900000021010000007D0300F7
:109C38004036627EFE03000000BE030000007C1078
:109C48000701A8C0088002000000A7000000000863
:109C5800D65F7FFDF5673E03000000A80000000006
:109C6800AED6BF0789643C0F430000007600001B96
:109C78000176000401010000001C000000A700009C
:109C8800000081D75F7FFDF5673E02000000A80055
:109C980000000083D7BF078964380F6000000021E7
:109CA80001000000C004004036627EFE050000008E
:109CB800A800000000F5D8BF078964360F0200002D
:109CC80000A700000000CCD85F7FFDF5673E61006B
:109CD8000000A7000000001CD95F7FFDF5673E0269
:109CE800000000A800000000A3D9BF078964300F56
:109CF8005E0000002101000000F705004036627E8A
:109D0800FE03000000A7000000001ADA5F7FFDF5DF
:109D1800673E02000000A80000000048DABF07897B
:109D2800642E0F62000000A70000000074DB5F7F54
:109D3800FDF5673E03000000A80000000085DBBFBA
:109D48000789642E0F630000002101000000F0065F
:109D5800004036627EFE03000000A8000000009B61
:109D6800DCBF0789642E0F02000000A70000000076
:109D7800CBDC5F7FFDF5673E5D000000A7000000BB
:109D8800003BDD5F7FFDF5673E02000000A8000094
:109D980000003CDDBF078964300F6000000021012E
:109DA800000000A307004036627EFE03000000A703
:109DB80000000000B0DE5F7FFDF5673E0200000096
:109DC800A8000000008EDEBF078964300F64000021
:109DD80000A7000000006EDF5F7FFDF5673E020010
:109DE8000000A800000000B5DFBF0789642E0F61DE
:109DF80000000021010000006008004036627EFE7D
:109E080002000000BE0300000008110701A8C008F6
:109E18008002000000A700000000A7D05F7FFDF5CA
:109E2800673E03000000A800000000E5D0BF0789D6
:109E3800642A0F5A000000A7000000009ED15F7F2F
:109E4800FDF9673E03000000A800000000D7D1BF5D
:109E5800078964260F6200000021010000009F09A5
:109E6800004036627EFE02000000A700000000EA03
:109E7800D25F7FFDF9673E03000000A800000000E4
:109E88003BD2BF078964260F5F000000A7000000CF
:109E9800006BD35F7FFDF9673E02000000A8000059
:109EA80000009CD3BF0789642A0F630000002101CA
:109EB800000000FA0A004036627EFE06000000A894
:109EC8000000000014D4BF0789642C0F02000000B2
:109ED800A70000000051D45F7FFDF9673E5A0000DB
:109EE80000A7000000002AD55F7FFDF9673E030048
:109EF8000000A8000000007ED5BF0789642C0F630E
:109F08000000002101000000510B004036627EFE77
:109F180003000000A700000000B9D65F7FFDF967C5
:109F28003E02000000A8000000004ED6BF0789646A
:109F38002C0F5D000000A70000000030D75F7FFDF8
:109F4800F9673E02000000A80000000047D7BF07DD
:109F580089642E0F5F0000002101000000940C00AE
:109F68004036627EFE03000000A800000000D1D841
:109F7800BF078964300F02000000A7000000007DC1
:109F8800D85F7FFDF9673E65000000A7000000006C
:109F9800ADD95F7FFDF9673E02000000A800000010
:109FA80000BFD9BF078964320F600000002101009B
:109FB8000000870D004036627EFE02000000BE03EE
:109FC80000000067120701A8C0088002000000A76F
:109FD80000000000ABDA5F7FFDF9673E0300000078
:109FE800A8000000008CDABF078964380F40000021
:109FF800007600001B0176000401010000001B0030
:10A008000000A700000000C5DB5F7FFDF9673E0385
:10A01800000000A8000000005DDBBF0789643A0F5C
:10A02800600000002101000000140E004036627E2E
:10A03800FE05000000A80000000067DCBF07896477
:10A048003C0F02000000A7000000007ADC5F7FFDE3
:10A05800F9673E5F000000A7000000003BDD5F7F5E
:10A06800FDF5673E02000000A80000000068DDBFA3
:10A078000789643E0F620000002101000000A20F62
:10A08800004036627EFE03000000A7000000007951
:10A09800EE5F7FFDF5673E02000000A800000000AB
:10A0A800DADEBF0789643E0F61000000A7000000E8
:10A0B80000A7EF5F7FFDF5673E02000000A80000E3
:10A0C8000000E3DFBF078964420F5E000000210142
:10A0D8000000006C00004036627EFE02000000A80E
:10A0E80000000000B3D0BF078964460F03000000DA
:10A0F800A7000000006EE05F7FFDF5673E6100008D
:10A1080000A700000000E6E15F7FFDF5673E020062
:10A118000000A8000000009DD1BF078964480F62B5
:10A1280000000021010000000001004036627EFEB0
:10A1380003000000A7000000005BD25F7FFDF56709
:10A148003E02000000A80000000071D2BF07896429
:10A15800480F61000000A700000000DAD35F7FFD10
:10A16800F5673E03000000A8000000009ED3BF076B
:10A178008964480F5C00000021010000008F020084
:10A188004036627EFE03000000BE03000000941308
:10A198000701A8C0088002000000A700000000E036
:10A1A800D45F7FFDF5673E02000000A800000000B4
:10A1B8002ED4BF0789644A0F60000000A700000082
:10A1C800009BD55F7FFDF5673E03000000A80000F7
:10A1D800000060D5BF0789644C0F620000002101B0
:10A1E8000000007D03004036627EFE02000000A7EA
:10A1F8000000000008D65F7FFDF5673E0200000002
:10A20800A800000000F8D6BF078964500F5E000060
:10A2180000A70000000081D75F7FFDF5673E0200C0
:10A228000000A80000000045D7BF0789644C0F61F3
:10A238000000002101000000C004004036627EFEDC
:10A2480005000000A8000000005FD8BF0789644827
:10A258000F02000000A700000000CCD85F7FFDF5CA
:10A26800673E5F000000A7000000001CD95F7FFD6B
:10A27800F5673E02000000A80000000065D9BF078E
:10A288008964440F620000002101000000F7050006
:10A298004036627EFE03000000A7000000001ADAC4
:10A2A8005F7FFDF5673E02000000A8000000001E69
:10A2B800DABF078964420F5F000000A700000000B2
:10A2C80074DB5F7FFDF5673E02000000A800000018
:10A2D80000CFDBBF078964400F5F00000021010049
:10A2E8000000F006004036627EFE03000000A80071
:10A2F8000000007BDCBF0789643E0F02000000A756
:10A3080000000000CBDC5F7FFDF5673E1100000018
:10A318004006000000028170B77620032853000031
:10A3280000A7000000003BDD5F7FFDF5673E0300EE
:10A338000000A80000000068DDBF0789643E0F5ECA
:10A348000000002101000000A307004036627EFEE5
:10A3580002000000BE0300000063140701A8C00843
:10A368008003000000A700000000B0DE5F7FFDF55D
:10A37800673E02000000A800000000FEDEBF07895B
:10A3880064380F420000007600001B0176000401CB
:10A39800010000001C000000A7000000006EDF5F45
:10A3A8007FFDF5673E02000000A80000000071DF95
:10A3B800BF078964380F60000000210100000060B9
:10A3C80008004036627EFE05000000A8000000007C
:10A3D80005D0BF0789643A0F02000000A7000000FB
:10A3E80000A7D05F7FFDF5673E5F000000A7000073
:10A3F80000009ED15F7FFDF9673E03000000A800C2
:10A408000000005BD1BF0789643C0F5F000000219A
:10A41800010000009F09004036627EFE0200000035
:10A42800A700000000EAD25F7FFDF9673E03000045
:10A4380000A80000000001D2BF078964400F620035
:10A448000000A7000000006BD35F7FFDF9673E03A3
:10A45800000000A800000000CAD3BF078964460FA7
:10A46800610000002101000000FA0A004036627E07
:10A47800FE02000000A70000000051D45F7FFDF934
:10A48800673E03000000A80000000032D4BF07891F
:10A4980064480F63000000A7000000009BD55F7FA1
:10A4A800FDF5673E03000000A8000000000CD5BFC2
:10A4B800078964460F590000002101000000510B74
:10A4C800004036627EFE02000000A700000000087F
:10A4D800D65F7FFDF5673E02000000A8000000007F
:10A4E80068D6BF078964480F68000000A70000000D
:10A4F8000081D75F7FFDF5673E02000000A80000DD
:10A5080000007DD7BF078964480F5C000000210167
:10A51800000000940C004036627EFE03000000BE7E
:10A52800030000001C150701A8C0088002000000F5
:10A53800A8000000005FD8BF078964480F03000027
:10A5480000A700000000CCD85F7FFDF5673E6200E1
:10A558000000A7000000001CD95F7FFDF5673E02E0
:10A56800000000A80000000031D9BF0789644A0F25
:10A578005B0000002101000000870D004036627E6C
:10A58800FE02000000A7000000001ADA5F7FFDF558
:10A59800673E02000000A8000000006EDABF0789CD
:10A5A800644A0F64000000A70000000074DB5F7FAE
:10A5B800FDF5673E03000000A800000000EBDBBFCC
:10A5C800078964460F5F0000002101000000140E97
:10A5D800004036627EFE04000000A700000000CBA9
:10A5E800DC5F7FFDF5673E03000000A80000000067
:10A5F800D1DCBF078964400F62000000A70000009B
:10A60800003BDD5F7FFDF5673E03000000A800000A
:10A61800000074DDBF0789643C0F5A000000210167
:10A62800000000A20F004036627EFE03000000A773
:10A6380000000000B0DE5F7FFDF5673E020000000D
:10A64800A800000000E2DEBF0789643A0F65000039
:10A6580000A7000000006EDF5F7FFDF5673E020087
:10A668000000A8000000006DDFBF0789643A0F5C96
:10A6780000000021010000006C00004036627EFEF0
:10A6880004000000A80000000097D0BF07896440BC
:10A698000F02000000A700000000A7D05F7FFDF5B3
:10A6A800673E62000000A80000000047D1BF07898C
:10A6B800643E0F03000000A7000000002FD15F7F59
:10A6C800FDF5673E5C00000021010000000001006C
:10A6D8004036627EFE03000000BE03000000011643
:10A6E8000701A8C0088002000000A7000000005B66
:10A6F800D25F7FFDF5673E03000000A80000000060
:10A70800B7D2BF0789643C0F430000007600001BE6
:10A718000176000401010000001F000000A70000EE
:10A728000000DAD35F7FFDF5673E03000000A80054
:10A738000000007CD3BF0789643A0F5C0000002149
:10A74800010000008F02004036627EFE0500000016
:10A75800A800000000D0D4BF0789643A0F020000A7
:10A7680000A700000000E0D45F7FFDF5673E5F00B2
:10A778000000A7000000009BD55F7FFDF5673E0243
:10A78800000000A800000000BAD5BF0789643A0F8E
:10A798006000000021010000007D03004036627E59
:10A7A800FE02000000A70000000008D65F7FFDF54C
:10A7B800673E02000000A800000000AED6BF07896F
:10A7C800643C0F66000000A70000000081D75F7F8F
:10A7D800FDF5673E02000000A800000000BBD7BFDF
:10A7E8000789643C0F5C0000002101000000C004E0
:10A7F800004036627EFE03000000A8000000002F23
:10A80800D8BF078964400F02000000A700000000BD
:10A81800CCD85F7FFDF5673E61000000A70000000F
:10A82800001CD95F7FFDF5673E03000000A800000B
:10A83800000041D9BF078964420F5E000000210172
:10A84800000000F705004036627EFE02000000A707
:10A85800000000001ADA5F7FFDF5673E0300000084
:10A86800A80000000026DABF078964460F680000C8
:10A8780000A70000000074DB5F7FFDF5673E020063
:10A888000000A80000000087DBBF0789644C0F5A4E
:10A898000000002101000000F006004036627EFE44
:10A8A80002000000BE030000008D170701A8C008C1
:10A8B8008003000000A80000000099DCBF0789643D
:10A8C8004C0F02000000A700000000CBDC5F7FFDFA
:10A8D800F5673E5F000000A7000000003BDD5F7FDA
:10A8E800FDF5673E03000000A8000000008ADDBFF8
:10A8F8000789644C0F5F0000002101000000A307D6
:10A90800004036627EFE02000000A700000000B092
:10A91800DE5F7FFDF5673E02000000A80000000032
:10A928001CDEBF0789644A0F66000000A70000000C
:10A93800006EDF5F7FFDF5673E02000000A80000A3
:10A948000000B7DFBF0789644C0F5C0000002101DD
:10A958000000006008004036627EFE05000000A787
:10A9680000000000A7D05F7FFDF5673E02000000F1
:10A97800A800000000DFD0BF0789644C0F5F00000B
:10A9880000A7000000002FD15F7FFDF5673E0300A0
:10A998000000A800000000A5D1BF0789644C0F6023
:10A9A80000000021010000009F09004036627EFE81
:10A9B80002000000A7000000005BD25F7FFDF56782
:10A9C8003E02000000A8000000006DD2BF078964A5
:10A9D8004A0F65000000A700000000DAD35F7FFD82
:10A9E800F5673E02000000A800000000CAD3BF07B8
:10A9F8008964460F5B0000002101000000FA0A008C
:10AA08004036627EFE03000000A80000000066D405
:10AA1800BF078964460F03000000A700000000E09C
:10AA2800D45F7FFDF5673E17000000410600000077
:10AA38003519214F130A55924D000000A700000058
:10AA4800009BD55F7FFDF5673E02000000A800006F
:10AA580000000CD5BF078964460F5D000000210186
:10AA6800000000510B004036627EFE02000000BE6E
:10AA78000300000077180701A8C008800200000042
:10AA8800A70000000008D65F7FFDF5673E020000C2
:10AA980000A80000000068D6BF078964480F44007A
:10AAA80000007600001B0176000401010000001E72
:10AAB800000000A70000000081D75F7FFDF5673E1A
:10AAC80003000000A80000000061D7BF0789644A9E
:10AAD8000F5D0000002101000000940C0040366268
:10AAE8007EFE05000000A800000000CFD8BF07893F
:10AAF80064500F02000000A700000000CCD85F7F60
:10AB0800FDF5673E5F000000A7000000001CD95F4C
:10AB18007FFDF5673E02000000A800000000A1D9F3
:10AB2800BF078964520F5F00000021010000008701
:10AB38000D004036627EFE02000000A70000000003
:10AB48001ADA5F7FFDF5673E03000000A8000000E9
:10AB580000E2DABF078964500F63000000A7000015
:10AB6800000074DB5F7FFDF5673E03000000A8006E
:10AB780000000033DBBF078964520F5E000000212C
:10AB880001000000140E004036627EFE0300000043
:10AB9800A80000000009DCBF078964540F02000008
:10ABA80000A700000000CBDC5F7FFDF5673E610079
:10ABB8000000A70000000022DD1F7FFDF5673E02B0
:10ABC800000000A80000000052DDBF078964580F8C
:10ABD800600000002101000000A20F004036627EE4
:10ABE800FE02000000A700000000A9DE1F7FFDF59F
:10ABF800673E03000000A800000000D8DEBF0789F8
:10AC0800645C0F0E0000004006000000028170B76F
:10AC18007620032855000000A70000000077DF1FFA
:10AC28007FFDF5673E03000000A80000000010DF6C
:10AC3800BF078964600F5E00000021010000006CFE
:10AC480000004036627EFE02000000BE03000000E5
:10AC580054190701A8C0088003000000A8000000DC
:10AC68000023D0BF0789645E0F03000000A700001F
:10AC78000000BED01F7FFDF5673E5F000000A70003
:10AC88000000002FD15F7FFDF5673E03000000A89C
:10AC98000000000045D1BF0789645C0F6100000017
:10ACA80021010000000001004036627EFE03000022
:10ACB80000A7000000005BD25F7FFDF5673E020041
:10ACC8000000A800000000B5D2BF0789645E0F5DD0
:10ACD800000000A700000000DAD35F7FFDF5673EA3
:10ACE80003000000A80000000001D3BF07896460CA
:10ACF8000F6100000021010000008F020040366251
:10AD08007EFE05000000A80000000089D4BF078966
:10AD180064660F02000000A700000000E0D45F7F17
:10AD2800FDF5673E5F000000A7000000009BD55FAF
:10AD38007FFDF5673E02000000A800000000ABD5CB
:10AD4800BF0789646A0F6300000021010000007DCD
:10AD580003004036627EFE02000000A700000000EB
:10AD680008D65F7FFDF5673E03000000A8000000DD
:10AD780000BFD6BF0789646C0F5C000000A7000005
:10AD8800000081D75F7FFDF5673E03000000A80043
:10AD980000000002D7BF078964700F61000000211E
:10ADA80001000000C004004036627EFE0200000080
:10ADB800A80000000094D8BF0789646E0F03000044
:10ADC80000A700000000CCD85F7FFDF5673E630058
:10ADD8000000A70000000005D91F7FFDF5673E02AF
:10ADE800000000A8000000008AD9BF078964640F2A
:10ADF800600000002101000000F705004036627E77
:10AE0800FE03000000BE030000009F1A0701A8C04F
:10AE1800088002000000A70000000003DA1F7FFD81
:10AE2800F5673E03000000A800000000B6DABF077F
:10AE380089645E0F3E0000007600001B0176000466
:10AE480001010000001C000000A7000000006DDBED
:10AE58001F7FFDF5673E02000000A8000000005FAC
:10AE6800DBBF078964580F63000000210100000060
:10AE7800F006004036627EFE05000000A8000000D3
:10AE8800002DDCBF078964520F02000000A70000F4
:10AE98000000D2DC1F7FFDF5673E5E000000A700C2
:10AEA80000000022DD1F7FFDF5673E02000000A8BC
:10AEB800000000001ADDBF078964540F620000001B
:10AEC8002101000000A307004036627EFE03000057
:10AED80000A700000000B0DE5F7FFDF5673E0200BE
:10AEE8000000A800000000B4DEBF078964560F5BAD
:10AEF800000000A7000000006EDF5F7FFDF5673EE1
:10AF080002000000A8000000003BDFBF078964566C
:10AF18000F64000000210100000060080040366254
:10AF28007EFE03000000A80000000053D0BF078980
:10AF380064560F02000000A700000000A7D05F7F42
:10AF4800FDF5673E5F000000A7000000002FD15FFD
:10AF58007FFDF5673E02000000A8000000007DD1DB
:10AF6800BF078964580F5C00000021010000009FA2
:10AF780009004036627EFE09000000A700000000BC
:10AF880042D21F7FFDF5673E02000000A8000000C6
:10AF98000091D2BF078964580F5F000000A7000026
:10AFA8000000C3D31F7FFDF5673E02000000A80024
:10AFB8000000007ED3BF078964580F60000000219D
:10AFC80001000000FA0A004036627EFE030000001D
:10AFD800BE03000000E91B0701A8C00880020000AA
:10AFE80000A700000000F9D41F7FFDF5673E0200AE
:10AFF8000000A800000000D2D4BF078964580F5D84
:10B00800000000A70000000082D51F7FFDF5673E05
:10B0180002000000A800000000D4D5BF07896452D0
:10B028000F5F0000002101000000510B0040366254
:10B038007EFE02000000A70000000008D65F7FFD2A
:10B04800F5673E03000000A800000000E4D6BF0733
:10B058008964520F60000000A70000000081D75FDC
:10B068007FFDF5673E03000000A80000000045D7FB
:10B07800BF0789644C0F63000000210100000094A1
:10B088000C004036627EFE07000000A700000000AA
:10B09800CCD85F7FFDF5673E02000000A8000000E5
:10B0A800000BD8BF078964460F5B000000A70000AB
:10B0B80000001CD95F7FFDF5673E02000000A80074
:10B0C8000000002DD9BF078964480F5F00000021E8
:10B0D80001000000870D004036627EFE020000007D
:10B0E800A7000000001ADA5F7FFDF5673E03000045
:10B0F80000A80000000072DABF078964480F6100E9
:10B108000000A70000000074DB5F7FFDF5673E02CA
:10B11800000000A80000000087DBBF0789644C0F0F
:10B12800630000002101000000140E004036627E1A
:10B13800FE04000000A80000000085DCBF07896449
:10B148004E0F02000000A700000000CBDC5F7FFD6F
:10B15800F5673E60000000A7000000003BDD5F7F50
:10B16800FDF5673E03000000A80000000022DDBFD7
:10B17800078964500F5B0000002101000000A20F46
:10B18800004036627EFE03000000BE030000006C33
:10B198001C0701A8C0088002000000A700000000EA
:10B1A800B0DE5F7FFDF5673E02000000A8000000EA
:10B1B8000090DEBF078964500F450000007600004C
:10B1C8001B0176000401010000001C000000A7001C
:10B1D8000000006EDF5F7FFDF5673E02000000A8FB
:10B1E80000000000ABDFBF0789644E0F620000005B
:10B1F80021010000006C00004036627EFE0700005E
:10B2080000A800000000C3D0BF0789644E0F0200E9
:10B218000000A700000000A7D05F7FFDF5673E5B38
:10B22800000000A7000000002FD15F7FFDF5673EFA
:10B2380002000000A800000000B9D1BF0789644ED1
:10B248000F5F00000021010000000001004036628D
:10B258007EFE02000000A7000000005BD25F7FFDB9
:10B26800F5673E02000000A800000000FDD2BF07FD
:10B278008964520F62000000A700000000DAD35F63
:10B288007FFDF5673E02000000A80000000012D311
:10B29800BF078964520F6400000021010000008F7D
:10B2A80002004036627EFE03000000A80000000095
:10B2B800A2D4BF078964500F03000000A700000054
:10B2C80000E0D45F7FFDF5673E5D000000A7000049
:10B2D80000009BD55F7FFDF5673E02000000A800D7
:10B2E8000000007CD5BF0789644E0F5E0000002176
:10B2F800010000007D03004036627EFE030000006E
:10B30800A70000000008D65F7FFDF5673E02000039
:10B3180000A8000000004CD6BF0789644E0F6400E7
:10B328000000A70000000081D75F7FFDF5673E029F
:10B33800000000A80000000059D7BF0789644E0F1D
:10B34800610000002101000000C004004036627E58
:10B35800FE03000000BE03000000D71D0701A8C0BF
:10B36800088002000000A700000000CCD85F7FFD25
:10B37800F5673E03000000A800000000D3D8BF070F
:10B388008964520F5C000000A7000000001CD95F10
:10B398007FFDF5673E02000000A800000000CDD93F
:10B3A800BF078964580F5F0000002101000000F703
:10B3B80005004036627EFE02000000A70000000083
:10B3C8001ADA5F7FFDF5673E02000000A800000062
:10B3D80000AADABF0789645C0F62000000A70000BA
:10B3E800000074DB5F7FFDF5673E02000000A800E7
:10B3F8000000007BDBBF0789645E0F62000000214C
:10B4080001000000F006004036627EFE06000000E3
:10B41800A700000000CBDC5F7FFDF5673E0300005E
:10B4280000A8000000003EDCBF078964600F5C00D4
:10B438000000A7000000003BDD5F7FFDF5673E02CE
:10B44800000000A8000000006ADDBF0789645C0FE7
:10B458005F0000002101000000A307004036627E63
:10B46800FE02000000A700000000A9DE1F7FFDF516
:10B47800673E03000000A800000000E0DEBF078967
:10B4880064580F61000000A70000000077DF1F7FED
:10B49800FDF5673E03000000A8000000003BDFBF89
:10B4A800078964560F600000002101000000600851
:10B4B800004036627EFE04000000A8000000004F35
:10B4C800D0BF078964540F03000000A700000000E4
:10B4D800BED01F7FFDF5673E150000004006000046
:10B4E80000028170B7762003284C000000A70000F6
:10B4F800000036D11F7FFDF5673E02000000A8005E
:10B5080000000035D1BF078964540F5C000000219A
:10B51800010000009F09004036627EFE0300000023
:10B52800BE03000000C81E0701A8C0088002000072
:10B5380000A7000000005BD25F7FFDF5673E0200B8
:10B548000000A800000000C5D2BF078964560F4656
:10B558000000007600001B017600040101000000D5
:10B568001A000000A700000000DAD35F7FFDF5672E
:10B578003E03000000A8000000007ED3BF078964D6
:10B58800580F600000002101000000FA0A00403650
:10B59800627EFE06000000A800000000CED4BF07AF
:10B5A80089645A0F03000000A700000000E0D45F80
:10B5B8007FFDF5673E5D000000A7000000009BD5F9
:10B5C8005F7FFDF5673E02000000A8000000009CB8
:10B5D800D5BF0789645E0F5F0000002101000000ED
:10B5E800510B004036627EFE02000000A7000000FA
:10B5F8000011D61F7FFDF5673E03000000A800007C
:10B608000000F7D6BF078964600F65000000A70037
:10B6180000000098D71F7FFDF5673E02000000A8D4
:10B6280000000000E2D7BF078964600F5E000000D9
:10B638002101000000940C004036627EFE030000E9
:10B6480000A800000000DCD8BF078964620F020070
:10B658000000A700000000D5D81F7FFDF5673E61F8
:10B66800000000A70000000005D91F7FFDF5673E18
:10B6780003000000A800000000B2D9BF0789646079
:10B688000F5E0000002101000000870D00403662B7
:10B698007EFE02000000A70000000003DA1F7FFD05
:10B6A800F5673E03000000A8000000008EDABF071F
:10B6B80089645A0F67000000A7000000006DDB1FB7
:10B6C8007FFDF5673E02000000A8000000005FDB78
:10B6D800BF078964580F58000000210100000014BA
:10B6E8000E004036627EFE03000000BE030000002C
:10B6F800C51F0701A8C0088002000000A7000000BD
:10B7080000D2DC1F7FFDF5673E03000000A80000A3
:10B71800000009DCBF078964540F63000000A7001C
:10B7280000000022DD1F7FFDF5673E02000000A833
:10B73800000000003EDDBF078964520F5E00000074
:10B748002101000000A20F004036627EFE020000C8
:10B7580000A700000000A9DE1F7FFDF5673E02007C
:10B768000000A8000000008CDEBF078964520F6447
:10B77800000000A70000000077DF1F7FFDF5673E8F
:10B7880003000000A80000000003DFBF078964521F
:10B798000F5A00000021010000006C0000403662D2
:10B7A8007EFE06000000A8000000006BD0BF0789DD
:10B7B80064520F03000000A700000000BED01F7FE6
:10B7C800FDF5673E62000000A7000000002FD15F72
:10B7D8007FFDF5673E02000000A80000000011D1BF
:10B7E800BF078964520F5D000000210100000000BE
:10B7F80001004036627EFE03000000A70000000042
:10B808005BD25F7FFDF5673E02000000A8000000E4
:10B818000049D2BF0789644C0F65000000A70000EB
:10B828000000DAD35F7FFDF5673E03000000A80043
:10B838000000009ED3BF078964480F59000000210B
:10B84800010000008F02004036627EFE0400000006
:10B85800A8000000005ED4BF078964420F02000000
:10B8680000A700000000E0D45F7FFDF5673E680098
:10B878000000A7000000009BD55F7FFDF5673E0232
:10B88800000000A80000000034D5BF078964420FFB
:10B898005900000021010000007D03004036627E4F
:10B8A800FE02000000BE030000007C100701A8C0D3
:10B8B800088002000000A70000000008D65F7FFD96
:10B8C800F5673E03000000A8000000003CD6BF0753
:10B8D8008964460F430000007600001B01760004CF
:10B8E80001010000001B000000A70000000081D734
:10B8F8005F7FFDF5673E03000000A80000000061BF
:10B90800D7BF0789644A0F600000002101000000CA
:10B91800C004004036627EFE05000000A80000005A
:10B928000043D8BF0789644A0F03000000A700003E
:10B938000000CCD85F7FFDF5673E62000000A700DD
:10B948000000001CD95F7FFDF5673E03000000A8DA
:10B95800000000002DD9BF078964480F5A00000075
:10B968002101000000F705004036627EFE0300005A
:10B9780000A7000000001ADA5F7FFDF5673E0200AD
:10B988000000A8000000001EDABF078964420F61AA
:10B99800000000A70000000074DB5F7FFDF5673E34
:10B9A80003000000A80000000065DBBF0789643EB3
:10B9B8000F600000002101000000F0060040366220
:10B9C8007EFE04000000A8000000007BDCBF0789A1
:10B9D800643E0F02000000A700000000CBDC5F7F80
:10B9E800FDF5673E64000000A7000000003BDD5F36
:10B9F8007FFDF5673E03000000A800000000C2DDDF
:10BA0800BF078964400F5A0000002101000000A30D
:10BA180007004036627EFE02000000A7000000001A
:10BA2800B0DE5F7FFDF5673E03000000A800000060
:10BA38000048DEBF078964440F61000000A70000CA
:10BA480000006EDF5F7FFDF5673E05000000A8007F
:10BA5800000000DBDFBF078964460F5D000000219E
:10BA6800010000006008004036627EFE030000000E
:10BA7800BE0300000008110701A8C00880020000EA
:10BA880000A700000000A7D05F7FFDF5673E030018
:10BA98000000A800000000B3D0BF078964460F6407
:10BAA800000000A7000000002FD15F7FFDF5673E72
:10BAB80002000000A800000000C9D1BF0789644641
:10BAC8000F5B00000021010000009F090040366262
:10BAD8007EFE02000000A7000000005BD25F7FFD31
:10BAE800F5673E02000000A80000000025D2BF074D
:10BAF8008964460F61000000A700000000DAD35FE8
:10BB08007FFDF5673E02000000A800000000CAD3D0
:10BB1800BF078964460F600000002101000000FA99
:10BB28000A004036627EFE06000000A70000000002
:10BB3800E0D45F7FFDF5673E03000000A800000029
:10BB48000066D4BF078964460F64000000A70000A0
:10BB580000009BD55F7FFDF5673E02000000A8004E
:10BB680000000010D5BF078964440F5A0000002167
:10BB780001000000510B004036627EFE020000000A
:10BB8800A70000000008D65F7FFDF5673E020000B1
:10BB980000A8000000008AD6BF0789643A0F630036
:10BBA8000000A70000000081D75F7FFDF5673E0217
:10BBB800000000A800000000EFD7BF078964320F1B
:10BBC8005E0000002101000000940C004036627EF7
:10BBD800FE04000000A8000000005DD8BF078964CB
:10BBE8002A0F03000000A700000000CCD85F7FFDEB
:10BBF800F5673E190000004106000000991A214F20
:10BC0800130A55924E000000A7000000001CD95FDF
:10BC18007FFDF5673E02000000A8000000007BD908
:10BC2800BF078964240F5800000021010000008725
:10BC38000D004036627EFE03000000BE03000000D7
:10BC480067120701A8C0088002000000A7000000D2
:10BC5800001ADA5F7FFDF5673E02000000A80000C9
:10BC6800000038DABF078964260F45000000760017
:10BC7800001B0176000401010000001B000000A762
:10BC88000000000074DB5F7FFDF5673E03000000E5
:10BC9800A800000000A1DBBF078964280F5E000030
:10BCA800002101000000140E004036627EFE0700ED
:10BCB8000000A800000000EBDCBF078964260F0223
:10BCC800000000A7000000007ADC5F7FFDF9673EF6
:10BCD80061000000A7000000008ADD5F7FFDF967B2
:10BCE8003E02000000A800000000F8DDBF078964DC
:10BCF800260F5D0000002101000000A20F00403661
:10BD0800627EFE02000000A70000000001DE5F7FE7
:10BD1800FDF9673E03000000A8000000004ADEBFEE
:10BD2800078964260F62000000A700000000DFDF1B
:10BD38005F7FFDF9673E02000000A800000000C513
:10BD4800DFBF078964260F620000002101000000A0
:10BD58006C00004036627EFE02000000A800000071
:10BD680000F9D0BF078964280F03000000A700006E
:10BD7800000016D05F7FFDF9673E60000000A70055
:10BD88000000009ED15F7FFDF9673E03000000A818
:10BD98000000000083D1BF078964280F5F000000FE
:10BDA80021010000000001004036627EFE02000012
:10BDB80000A700000000EAD25F7FFDF9673E02009D
:10BDC8000000A80000000073D2BF0789642A0F1181
:10BDD8000000004006000000028170B776200328AA
:10BDE80053000000A70000000040D39F7FFDF967C3
:10BDF8003E02000000A800000000A4D3BF07896429
:10BE08002E0F6200000021010000008F0200403662
:10BE1800627EFE02000000BE0300000094130701CA
:10BE2800A8C0088002000000A800000000A0D4BF3D
:10BE3800078964320F02000000A7000000007AD4CE
:10BE48009F7FFDF9673E5B000000A700000000012E
:10BE5800D59F7FFDF9673E03000000A800000000A1
:10BE6800A6D5BF078964380F6100000021010000D2
:10BE7800007D03004036627EFE02000000A700003D
:10BE8800000092D69F7FFDF9673E02000000A800DF
:10BE9800000000AED6BF0789643C0F61000000A710
:10BEA800000000001BD79F7FFDF9673E02000000DD
:10BEB800A800000000A7D7BF0789643E0F630000F1
:10BEC800002101000000C004004036627EFE06002A
:10BED8000000A7000000007DD85F7FFDF9673E02E3
:10BEE800000000A80000000099D8BF0789643C0F33
:10BEF8005B000000A7000000001CD95F7FFDF5670C
:10BF08003E02000000A800000000EBD9BF078964CA
:10BF18003C0F630000002101000000F705004036D7
:10BF2800627EFE05000000A7000000001ADA5F7FAD
:10BF3800FDF5673E02000000A800000000B4DABF6B
:10BF48000789643C0F5C000000A70000000074DB58
:10BF58005F7FFDF5673E03000000A8000000005D5C
:10BF6800DBBF0789643A0F5D000000210100000073
:10BF7800F006004036627EFE07000000A8000000C0
:10BF88000043DCBF0789643A0F03000000A70000E4
:10BF98000000CBDC5F7FFDF5673E5F000000A70077
:10BFA8000000003BDD5F7FFDF5673E03000000A851
:10BFB8000000000050DDBF0789643A0F60000000F0
:10BFC8002101000000A307004036627EFE02000047
:10BFD80000BE0300000063140701A8C00880020027
:10BFE8000000A700000000B0DE5F7FFDF5673E039C
:10BFF800000000A800000000FEDEBF078964380FBB
:10C008003F0000007600001B0176000401010000DB
:10C01800001D000000A7000000006EDF5F7FFDF537
:10C02800673E02000000A8000000006DDFBF07891E
:10C03800643A0F5F00000021010000006008004022
:10C0480036627EFE06000000A80000000019D0BF7E
:10C05800078964380F02000000A700000000A7D07D
:10C068005F7FFDF5673E5F000000A7000000002F1E
:10C07800D15F7FFDF5673E02000000A800000000C8
:10C0880063D1BF078964380F6200000021010000F6
:10C09800009F09004036627EFE03000000A70000F2
:10C0A80000005BD25F7FFDF5673E02000000A8003C
:10C0B80000000093D2BF0789643A0F5F000000A711
:10C0C80000000000DAD35F7FFDF5673E0200000044
:10C0D800A80000000058D3BF0789643C0F5F000028
:10C0E800002101000000FA0A004036627EFE0300CB
:10C0F8000000A800000000E8D4BF0789643E0F03D1
:10C10800000000A700000000E0D45F7FFDF5673E57
:10C1180061000000A7000000009BD55F7FFDF56768
:10C128003E02000000A80000000028D5BF0789646F
:10C13800400F620000002101000000510B00403652
:10C14800627EFE02000000A70000000008D65F7FA4
:10C15800FDF5673E02000000A80000000018D6BFE9
:10C16800078964400F62000000A70000000081D723
:10C178005F7FFDF5673E02000000A8000000000D8B
:10C18800D7BF078964400F5D00000021010000004F
:10C19800940C004036627EFE02000000BE030000E0
:10C1A800001C150701A8C0088003000000A70000B4
:10C1B8000000CCD85F7FFDF5673E02000000A800B4
:10C1C8000000002FD8BF078964400F61000000A756
:10C1D800000000001CD95F7FFDF5673E02000000EB
:10C1E800A8000000005DD9BF078964400F61000006
:10C1F800002101000000870D004036627EFE02002B
:10C208000000A7000000001ADA5F7FFDF5673E0313
:10C21800000000A800000000A8DABF0789643E0FEC
:10C228005E000000A70000000074DB5F7FFDF5677B
:10C238003E02000000A800000000D3DBBF078964AD
:10C24800420F600000002101000000140E0040367B
:10C25800627EFE06000000A700000000CBDC5F7FC6
:10C26800FDF5673E02000000A800000000F5DCBFF5
:10C27800078964460F5F000000A7000000003BDD4F
:10C288005F7FFDF5673E03000000A800000000AED8
:10C29800DDBF0789644A0F62000000210100000029
:10C2A800A20F004036627EFE02000000A7000000D8
:10C2B80000B0DE5F7FFDF5673E02000000A80000C9
:10C2C800000090DEBF078964500F5F000000A700E0
:10C2D8000000006EDF5F7FFDF5673E02000000A8EA
:10C2E80000000000B7DFBF0789644C0F5E00000044
:10C2F80021010000006C00004036627EFE04000050
:10C3080000A800000000E7D0BF078964480F0200BA
:10C318000000A700000000A7D05F7FFDF5673E641E
:10C32800000000A7000000002FD15F7FFDF5673EE9
:10C3380003000000A800000000C9D1BF07896446B7
:10C348000F5F00000021010000000001004036627C
:10C358007EFE02000000BE0300000001160701A8CF
:10C36800C0088003000000A7000000005BD25F7FC8
:10C37800FDF5673E02000000A80000000039D2BFAA
:10C38800078964440F400000007600001B01760016
:10C398000401010000001C000000A700000000DAF2
:10C3A800D35F7FFDF5673E03000000A80000000092
:10C3B800D6D3BF078964440F5F0000002101000045
:10C3C800008F02004036627EFE05000000A80000D3
:10C3D800000066D4BF078964460F03000000A70069
:10C3E800000000E0D45F7FFDF5673E5F000000A716
:10C3F800000000009BD55F7FFDF5673E020000004E
:10C40800A80000000044D5BF0789644A0F600000F7
:10C418000021010000007D03004036627EFE03001B
:10C428000000A70000000008D65F7FFDF5673E0208
:10C43800000000A80000000068D6BF078964480F04
:10C4480061000000A70000000081D75F7FFDF5674D
:10C458003E02000000A80000000011D7BF07896451
:10C46800420F5F0000002101000000C004004036B8
:10C47800627EFE03000000A80000000085D8BF0708
:10C4880089643E0F03000000A700000000CCD85FBD
:10C498007FFDF5673E63000000A7000000001CD97F
:10C4A8005F7FFDF5673E02000000A800000000EB7A
:10C4B800D9BF0789643C0F5D00000021010000001E
:10C4C800F705004036627EFE02000000A70000006B
:10C4D800001ADA5F7FFDF5673E03000000A8000040
:10C4E8000000B4DABF0789643C0F66000000A700AB
:10C4F80000000074DB5F7FFDF5673E02000000A8C6
:10C508000000000065DBBF0789643E0F5C00000087
:10C518002101000000F006004036627EFE030000A4
:10C5280000BE030000008D170701A8C008800200A4
:10C538000000A700000000CBDC5F7FFDF5673E032D
:10C54800000000A800000000D1DCBF078964400F8C
:10C5580063000000A7000000003BDD5F7FFDF5677A
:10C568003E03000000A800000000C2DDBF07896488
:10C57800400F590000002101000000A307004036C9
:10C58800627EFE02000000A700000000B0DE5F7FB0
:10C59800FDF5673E03000000A80000000070DEBF44
:10C5A800078964400F64000000A7000000006EDFE8
:10C5B8005F7FFDF5673E02000000A80000000055FF
:10C5C800DFBF0789643E0F5F000000210100000003
:10C5D8006008004036627EFE05000000A8000000EA
:10C5E800003DD0BF0789643E0F03000000A700008C
:10C5F8000000A7D05F7FFDF5673E62000000A7003E
:10C608000000002FD15F7FFDF5673E03000000A802
:10C618000000000047D1BF0789643E0F59000000A1
:10C6280021010000009F09004036627EFE020000E2
:10C6380000A7000000005BD25F7FFDF5673E0300A6
:10C648000000A800000000ABD2BF0789643E0F6558
:10C65800000000A700000000DAD35F7FFDF5673E09
:10C6680002000000A80000000044D3BF0789643E10
:10C678000F5E0000002101000000FA0A0040366247
:10C688007EFE03000000A800000000E8D4BF078970
:10C69800643E0F02000000A700000000E0D45F7FA6
:10C6A800FDF5673E1300000040060000000281709F
:10C6B800B77620032854000000A7000000009BD58F
:10C6C8005F7FFDF5673E02000000A800000000281B
:10C6D800D5BF078964400F58000000210100000001
:10C6E800510B004036627EFE02000000BE030000CF
:10C6F8000077180701A8C0088003000000A7000001
:10C70800000008D65F7FFDF5673E02000000A80024
:10C7180000000018D6BF078964400F440000007667
:10C7280000001B0176000401010000002100000048
:10C73800A70000000081D75F7FFDF5673E0200007B
:10C7480000A80000000011D7BF078964420F5B00F2
:10C7580000002101000000940C004036627EFE05B6
:10C76800000000A8000000002FD8BF078964400F10
:10C7780002000000A700000000CCD85F7FFDF5672D
:10C788003E5F000000A7000000001CD95F7FFDF598
:10C79800673E02000000A800000000F7D9BF078923
:10C7A800643E0F5F0000002101000000870D00407B
:10C7B80036627EFE02000000A7000000001ADA5F61
:10C7C8007FFDF5673E03000000A800000000B4DA12
:10C7D800BF0789643C0F68000000A70000000074D0
:10C7E800DB5F7FFDF5673E03000000A80000000046
:10C7F80079DBBF0789643C0F590000002101000064
:10C8080000140E004036627EFE03000000A80000FF
:10C8180000005FDCBF078964380F02000000A70032
:10C82800000000CBDC5F7FFDF5673E62000000A7DB
:10C83800000000003BDD5F7FFDF5673E0200000061
:10C84800A80000000004DDBF078964340F5E000003
:10C85800002101000000A20F004036627EFE0300A6
:10C868000000A700000000B0DE5F7FFDF5673E0214
:10C87800000000A8000000003ADEBF0789642E0F00
:10C8880068000000A7000000006EDF5F7FFDF5670D
:10C898003E02000000A800000000C5DFBF07896451
:10C8A800260F5A00000021010000006C00004036ED
:10C8B800627EFE02000000BE03000000541907015A
:10C8C800A8C0088003000000A700000000A7D05FF0
:10C8D8007FFDF5673E02000000A80000000089D037
:10C8E800BF078964200F5F000000A7000000002F29
:10C8F800D15F7FFDF5673E03000000A8000000003F
:10C9080090D1BF0789641A0F5E0000002101000062
:10C91800000001004036627EFE02000000A7000011
:10C928000000EAD25F7FFDF9673E03000000A8001F
:10C9380000000060D2BF078964180F65000000A7D7
:10C94800000000006BD35F7FFDF9673E0300000025
:10C95800A800000000DBD3BF078964160F5B000046
:10C968000021010000008F02004036627EFE0600B2
:10C978000000A70000000051D45F7FFDF9673E0268
:10C98800000000A8000000001BD4BF0789641C0F2A
:10C9980060000000A70000000001D59F7FFDF96737
:10C9A8003E02000000A80000000036D5BF078964D9
:10C9B800200F5F00000021010000007D03004036C9
:10C9C800627EFE02000000A70000000092D69F7F52
:10C9D800FDF9673E02000000A8000000005DD6BF18
:10C9E8000789641E0F65000000A7000000001BD720
:10C9F8009F7FFDF9673E02000000A80000000013B9
:10CA0800D7BF078964200F5C0000002101000000E7
:10CA1800C004004036627EFE03000000A80000004B
:10CA28000052D8BF0789641A0F03000000A700004E
:10CA380000009FE89F7FFDF9673E64000000A700A3
:10CA48000000004FE99F7FFDF9673E02000000A843
:10CA5800000000003CD9BF078964180F5C00000083
:10CA68002101000000F705004036627EFE0200004A
:10CA780000BE030000009F1A0701A8C00880030039
:10CA88000000A70000000049EA9F7FFDF9673E0209
:10CA9800000000A80000000063DABF078964180FCF
:10CAA800430000007600001B01760004010100002D
:10CAB800001E000000A70000000027EB9F7FFDF983
:10CAC800673E03000000A800000000FADBBF0789EA
:10CAD80064160F5E0000002101000000F00600400F
:10CAE80036627EFE06000000A800000000B0DCBF31
:10CAF800078964180F02000000A70000000098ECE6
:10CB08009F7FFDF9673E60000000A70000000068F5
:10CB1800ED9F7FFDF9673E02000000A800000000BD
:10CB280087DDBF0789641E0F620000002101000035
:10CB380000A307004036627EFE03000000A7000045
:10CB48000000E3EE9F7FFDF9673E02000000A800A9
:10CB580000000072DEBF078964220F5E000000A794
:10CB6800000000003DEF9F7FFDF9673E02000000D6
:10CB7800A800000000C5DFBF078964260F61000018
:10CB88000021010000006008004036627EFE0300BC
:10CB98000000A800000000C1D0BF0789642C0F0264
:10CBA800000000A700000000F4E09F7FFDF9673E49
:10CBB80061000000A7000000007CE19F7FFDF9678D
:10CBC8003E03000000A80000000013D1BF078964DD
:10CBD800300F6200000021010000009F090040366C
:10CBE800627EFE02000000A70000000008E29F7FAE
:10CBF800FDF9673E02000000A800000000E3D2BF74
:10CC0800078964320F5F000000A70000000089E375
:10CC18009F7FFDF9673E03000000A8000000003474
:10CC2800D3BF078964360F600000002101000000AF
:10CC3800FA0A004036627EFE02000000BE030000D1
:10CC480000E91B0701A8C0088002000000A8000036
:10CC58000000D0D4BF0789643A0F03000000A70082
:10CC6800000000B3E49F7FFDF9673E5E000000A767
:10CC780000000000C8E59F7FFDF9673E0200000044
:10CC8800A8000000009ED5BF0789643C0F62000021
:10CC9800002101000000510B004036627EFE0300B7
:10CCA8000000A70000000070E65F7FFDF9673E0204
:10CCB800000000A80000000018D6BF078964400FD4
:10CCC8005D000000A70000000048E75F7FFDF567F2
:10CCD8003E02000000A80000000035D7BF078964A5
:10CCE800440F660000002101000000940C0040364B
:10CCF800627EFE08000000A70000000005E85F7FD4
:10CD0800FDF5673E03000000A80000000017D8BF2B
:10CD1800078964440F59000000A700000000D5E906
:10CD28005F7FFDF5673E03000000A800000000419A
:10CD3800D9BF078964420F5D00000021010000008F
:10CD4800870D004036627EFE08000000A700000044
:10CD580000D3EA5F7FFDF5673E04000000A80000ED
:10CD680000001EDABF078964420F5B000000A700BD
:10CD7800000000BDEB5F7FFDF5673E02000000A8E4
:10CD880000000000D3DBBF078964420F6200000087
:10CD98002101000000140E004036627EFE030000F0
:10CDA80000A800000000E9DCBF078964440F020006
:10CDB8000000A700000000CBDC5F7FFDF5673E1D8B
:10CDC8000000004106000000FD1B214F130A559288
:10CDD80043000000A7000000003BDD5F7FFDF56712
:10CDE8003E03000000A800000000B2DDBF07896410
:10CDF800480F5C0000002101000000A20F0040362F
:10CE0800627EFE03000000BE030000006C1C0701E8
:10CE1800A8C0088002000000A700000000B0DE5F84
:10CE28007FFDF5673E03000000A80000000038DE23
:10CE3800BF0789644C0F430000007600001B017691
:10CE4800000401010000001B000000A70000000012
:10CE58006EDF5F7FFDF5673E03000000A80000005D
:10CE680000B7DFBF0789644C0F6300000021010091
:10CE780000006C00004036627EFE05000000A8003D
:10CE8800000000C3D0BF0789644E0F05000000A74B
:10CE980000000000A7D05F7FFDF5673E5900000045
:10CEA800A7000000002FD15F7FFDF5673E0300005B
:10CEB80000A80000000081D1BF0789644A0F5D0007
:10CEC800000021010000000001004036627EFE03E0
:10CED800000000A7000000005BD25F7FFDF5673E01
:10CEE80002000000A80000000071D2BF0789644852
:10CEF8000F63000000A700000000DAD35F7FFDF594
:10CF0800673E02000000A800000000CAD3BF0789DE
:10CF180064460F6300000021010000008F020040FA
:10CF280036627EFE04000000A8000000007AD4BF2C
:10CF3800078964440F05000000A700000000E0D442
:10CF48005F7FFDF5673E5A000000A7000000009BC8
:10CF5800D55F7FFDF5673E02000000A800000000D5
:10CF680044D5BF0789644A0F5F0000002101000013
:10CF7800007D03004036627EFE03000000A700002B
:10CF8800000008D65F7FFDF5673E02000000A8009C
:10CF98000000004CD6BF0789644E0F0F0000004008
:10CFA80006000000028170B77620032855000000B3
:10CFB800A70000000081D75F7FFDF5673E020000F3
:10CFC80000A800000000F1D7BF078964520F610074
:10CFD80000002101000000C004004036627EFE020D
:10CFE800000000BE03000000D71D0701A8C008808C
:10CFF80002000000A700000000CCD85F7FFDF567A5
:10D008003E05000000A800000000BFD8BF078964E3
:10D01800580F5A000000A7000000001CD95F7FFDD0
:10D02800F5673E03000000A800000000D1D9BF0743
:10D0380089645A0F5F0000002101000000F7050015
:10D048004036627EFE02000000A7000000001ADAE7
:10D058005F7FFDF5673E02000000A8000000008E1B
:10D06800DABF0789645A0F5F000000A700000000BC
:10D0780074DB5F7FFDF5673E05000000A800000037
:10D088000043DBBF0789645A0F62000000210100DA
:10D098000000F006004036627EFE06000000A70091
:10D0A800000000CBDC5F7FFDF5673E05000000A8AF
:10D0B8000000000065DCBF0789645E0F5A000000AD
:10D0C800A7000000003BDD5F7FFDF5673E02000022
:10D0D80000A80000000052DDBF078964580F5E00F9
:10D0E80000002101000000A307004036627EFE0315
:10D0F800000000A700000000B0DE5F7FFDF5673E7E
:10D1080002000000A800000000B4DEBF07896456D2
:10D118000F61000000A7000000006EDF5F7FFDF5D3
:10D12800673E03000000A80000000027DFBF078952
:10D1380064540F62000000210100000060080040F4
:10D1480036627EFE03000000A80000000077D0BF12
:10D15800078964500F02000000A700000000A7D054
:10D168005F7FFDF5673E61000000A7000000002F0B
:10D17800D15F7FFDF5673E03000000A800000000B6
:10D188009DD1BF078964480F5B00000021010000A2
:10D19800009F09004036627EFE03000000BE0300C7
:10D1A8000000C81E0701A8C0088002000000A700F0
:10D1B8000000005BD25F7FFDF5673E03000000A81A
:10D1C8000000000001D2BF078964400F440000003E
:10D1D8007600001B0176000401010000001C00001D
:10D1E80000A700000000C3D31F7FFDF5673E0200C3
:10D1F8000000A80000000060D3BF078964380F61F1
:10D208000000002101000000FA0A004036627EFE9C
:10D2180006000000A80000000084D4BF0789643419
:10D228000F04000000A700000000F9D41F7FFDF5DF
:10D23800673E5B000000A70000000082D51F7FFD4D
:10D24800F5673E02000000A800000000F2D5BF0705
:10D258008964360F5F0000002101000000510B00B7
:10D268004036627EFE03000000A70000000008D6DA
:10D278005F7FFDF5673E02000000A8000000008AFD
:10D28800D6BF0789643A0F61000000A700000000BC
:10D2980081D75F7FFDF5673E03000000A80000000E
:10D2A80000BBD7BF0789643C0F6000000021010064
:10D2B8000000940C004036627EFE04000000A800C6
:10D2C80000000085D8BF0789643E0F02000000A750
:10D2D80000000000CCD85F7FFDF5673E62000000CB
:10D2E800A7000000001CD95F7FFDF5673E02000023
:10D2F80000A800000000EBD9BF0789643C0F5F005D
:10D3080000002101000000870D004036627EFE0209
:10D31800000000A7000000001ADA5F7FFDF5673EF5
:10D3280003000000A800000000B4DABF0789643CCD
:10D338000F69000000A70000000074DB5F7FFDF5A7
:10D34800673E02000000A80000000079DBBF0789E3
:10D35800643C0F560000002101000000140E00403C
:10D3680036627EFE03000000BE03000000C51F07F2
:10D3780001A8C0088002000000A700000000CBDC64
:10D388005F7FFDF5673E03000000A8000000004332
:10D39800DCBF0789643A0F61000000A700000000A5
:10D3A8003BDD5F7FFDF5673E02000000A80000003E
:10D3B8000074DDBF0789643C0F5F00000021010095
:10D3C8000000A20F004036627EFE02000000A700A7
:10D3D800000000B0DE5F7FFDF5673E03000000A897
:10D3E8000000000070DEBF078964400F6400000081
:10D3F800A7000000006EDF5F7FFDF5673E050000B7
:10D4080000A800000000DBDFBF078964460F590051
:10D41800000021010000006C00004036627EFE051D
:10D42800000000A700000000A7D05F7FFDF5673E61
:10D4380002000000A800000000FBD0BF0789644A72
:10D448000F62000000A7000000002FD15F7FFDF5EC
:10D45800673E05000000A800000000B9D1BF078999
:10D46800644E0F5C00000021010000000001004034
:10D4780036627EFE04000000A7000000005BD25F59
:10D488007FFDF5673E05000000A80000000055D2AA
:10D49800BF0789644E0F5F000000A700000000DA94
:10D4A800D35F7FFDF5673E05000000A8000000007F
:10D4B800BAD3BF0789644E0F57000000210100004E
:10D4C800008F02004036627EFE04000000A80000C3
:10D4D8000000A2D4BF078964500F02000000A70013
:10D4E800000000E0D45F7FFDF5673E6B000000A7F9
:10D4F800000000009BD55F7FFDF5673E020000003D
:10D50800A800000000D4D5BF078964520F56000058
:10D518000021010000007D03004036627EFE02000B
:10D528000000BE030000007C100701A8C0088002AC
:10D53800000000A70000000008D65F7FFDF5673EE9
:10D5480002000000A800000000C0D6BF078964548C
:10D558000F450000007600001B0176000401010061
:10D56800000020000000A70000000081D75F7FFDB9
:10D57800F5673E05000000A800000000C9D7BF07F6
:10D588008964560F590000002101000000C0040002
:10D598004036627EFE05000000A800000000EBD8BF
:10D5A800BF078964560F05000000A700000000CCE3
:10D5B800D85F7FFDF5673E5E000000A70000000011
:10D5C8001CD95F7FFDF5673E06000000A80000003B
:10D5D8000099D9BF078964560F580000002101003F
:10D5E8000000F705004036627EFE02000000A7003A
:10D5F8000000001ADA5F7FFDF5673E03000000A80F
:10D6080000000000C6DABF078964560F62000000F8
:10D61800A70000000074DB5F7FFDF5673E03000094
:10D6280000A8000000005FDBBF078964580F5F0097
:10D6380000002101000000F006004036627EFE0373
:10D64800000000A8000000005DDCBF0789645A0FD5
:10D6580003000000A700000000CBDC5F7FFDF5673A
:10D668003E65000000A7000000003BDD5F7FFDF580
:10D67800673E05000000A8000000002DDDBF0789F7
:10D6880064600F580000002101000000A30700405B
:10D6980036627EFE02000000A700000000B0DE5FD8
:10D6A8007FFDF5673E02000000A800000000C4DE10
:10D6B800BF0789645E0F64000000A7000000006EC9
:10D6C800DF5F7FFDF5673E03000000A80000000053
:10D6D80073DFBF0789645A0F5D0000002101000055
:10D6E800006008004036627EFE02000000BE0300B3
:10D6F800000008110701A8C0088002000000A70068
:10D70800000000A7D05F7FFDF5673E02000000A87B
:10D718000000000007D0BF078964580F65000000AB
:10D72800A7000000002FD15F7FFDF5673E050000D0
:10D7380000A80000000035D1BF078964540F5800C5
:10D74800000021010000009F09004036627EFE03B0
:10D75800000000A7000000005BD25F7FFDF5673E78
:10D7680002000000A800000000FDD2BF0789645233
:10D778000F61000000A700000000DAD35F7FFDF50D
:10D78800673E02000000A80000000012D3BF07890E
:10D7980064520F600000002101000000FA0A0040F6
:10D7A80036627EFE05000000A700000000E0D45F9E
:10D7B8007FFDF5673E05000000A80000000016D4B4
:10D7C800BF0789644E0F61000000A7000000009B9E
:10D7D800D55F7FFDF5673E05000000A8000000004A
:10D7E80044D5BF0789644A0F580000002101000092
:10D7F80000510B004036627EFE03000000A70000C7
:10D80800000008D65F7FFDF5673E02000000A80013
:10D8180000000068D6BF078964480F62000000A7AF
:10D828000000000081D75F7FFDF5673E0200000021
:10D83800A80000000029D7BF078964460F5E0000D2
:10D84800002101000000940C004036627EFE0400B6
:10D858000000A8000000005FD8BF078964480F02D5
:10D86800000000A700000000CCD85F7FFDF5673EF0
:10D87800100000004006000000028170B776200307
:10D88800285A000000A7000000001CD95F7FFDF5A2
:10D89800673E03000000A80000000031D9BF0789D7
:10D8A800644A0F560000002101000000870D004067
:10D8B80036627EFE02000000BE0300000067120709
:10D8C80001A8C0088002000000A7000000001ADAC2
:10D8D8005F7FFDF5673E05000000A8000000004AD4
:10D8E800DABF0789644C0F410000007600001B0175
:10D8F80076000401010000001C000000A7000000E1
:10D908000074DB5F7FFDF5673E02000000A80000A1
:10D91800000087DBBF0789644C0F6000000021010D
:10D92800000000140E004036627EFE04000000A8CD
:10D938000000000099DCBF0789644C0F0500000057
:10D94800A700000000CBDC5F7FFDF5673E610000AB
:10D9580000A7000000003BDD5F7FFDF5673E050086
:10D968000000A8000000008ADDBF0789644C0F5939
:10D978000000002101000000A20F004036627EFE78
:10D9880002000000A700000000B0DE5F7FFDF56721
:10D998003E02000000A80000000000DEBF07896406
:10D9A800480F61000000A7000000006EDF5F7FFDE8
:10D9B800F5673E03000000A800000000C7DFBF07AE
:10D9C8008964440F6000000021010000006C000021
:10D9D8004036627EFE03000000A80000000097D0D9
:10D9E800BF078964400F02000000A700000000A7DD
:10D9F800D05F7FFDF5673E63000000A700000000D0
:10DA08002FD15F7FFDF5673E05000000A8000000EC
:10DA1800005BD1BF0789643C0F5A00000021010058
:10DA280000000001004036627EFE02000000A700F0
:10DA38000000005BD25F7FFDF5673E03000000A891
:10DA48000000000093D2BF0789643A0F6400000009
:10DA5800A700000000DAD35F7FFDF5673E050000F0
:10DA680000A8000000007CD3BF0789643A0F5A0061
:10DA7800000021010000008F02004036627EFE0295
:10DA8800000000BE0300000094130701A8C008802E
:10DA980003000000A700000000E0D45F7FFDF567E9
:10DAA8003E02000000A800000000CCD4BF07896433
:10DAB800380F62000000A7000000009BD55F7FFDC3
:10DAC800F5673E05000000A800000000A6D5BF07C6
:10DAD8008964380F5C00000021010000007D03000C
:10DAE8004036627EFE02000000A70000000008D653
:10DAF8005F7FFDF5673E02000000A800000000AE51
:10DB0800D6BF0789643C0F62000000A70000000030
:10DB180081D75F7FFDF5673E03000000A800000085
:10DB280000A7D7BF0789643E0F63000000210100EA
:10DB38000000C004004036627EFE04000000A7001A
:10DB4800000000CCD85F7FFDF5673E02000000A80A
:10DB58000000000085D8BF0789643E0F5D00000003
:10DB6800A7000000001CD95F7FFDF5673E0200009A
:10DB780000A80000000041D9BF078964420F600077
:10DB880000002101000000F705004036627EFE0714
:10DB9800000000A7000000001ADA5F7FFDF5673E6D
:10DBA80003000000A8000000001EDABF07896442D5
:10DBB8000F5B000000A70000000074DB5F7FFDF52D
:10DBC800673E03000000A800000000F7DBBF0789DC
:10DBD80064440F620000002101000000F0060040CC
:10DBE80036627EFE05000000A700000000CBDC5F67
:10DBF8007FFDF5673E03000000A800000000F5DC8B
:10DC0800BF078964460F5D000000A7000000003BC5
:10DC1800DD5F7FFDF5673E05000000A800000000FD
:10DC2800E6DDBF078964460F5D00000021010000A2
:10DC380000A307004036627EFE02000000BE03001B
:10DC4800000063140701A8C0088005000000A700B1
:10DC5800000000B0DE5F7FFDF5673E02000000A80F
:10DC6800000000006CDEBF078964420F3E00000020
:10DC78007600001B0176000401010000001D000071
:10DC880000A7000000006EDF5F7FFDF5673E05001E
:10DC98000000A80000000049DFBF0789643C0F614D
:10DCA80000000021010000006008004036627EFE8E
:10DCB80004000000A700000000A7D05F7FFDF56703
:10DCC8003E03000000A80000000019D0BF078964C7
:10DCD800380F04000000A7000000002FD15F7FFD6F
:10DCE800F5673E02000000A80000000037D1BF071A
:10DCF8008964360F6300000021010000009F0900BD
:10DD08004036627EFE05000000A7000000005BD2DE
:10DD18005F7FFDF5673E03000000A8000000008F4C
:10DD2800D2BF078964380F5C000000A7000000001C
:10DD3800DAD35F7FFDF5673E02000000A80000000F
:10DD48000044D3BF0789643E0F5F00000021010033
:10DD58000000FA0A004036627EFE08000000A800B3
:10DD680000000042D4BF078964400F02000000A7EA
:10DD780000000000E0D45F7FFDF5673E5C00000016
:10DD8800A7000000009BD55F7FFDF5673E030000FC
:10DD980000A80000000028D5BF078964400F610073
:10DDA80000002101000000510B004036627EFE0396
:10DDB800000000A70000000008D65F7FFDF5673E61
:10DDC80005000000A80000000018D6BF07896440BD
:10DDD8000F5E000000A70000000081D75F7FFDF5FF
:10DDE800673E05000000A80000000011D7BF0789A2
:10DDF80064420F5A0000002101000000940C00400A
:10DE080036627EFE03000000BE030000001C1507FA
:10DE180001A8C0088002000000A80000000017D870
:10DE2800BF078964440F05000000A700000000CC6C
:10DE3800D85F7FFDF5673E5E000000A70000000088
:10DE48001CD95F7FFDF5673E02000000A8000000B6
:10DE5800002DD9BF078964480F6200000021010026
:10DE68000000870D004036627EFE02000000A70019
:10DE78000000001ADA5F7FFDF5673E05000000A884
:10DE8800000000006EDABF0789644A0F5B000000DB
:10DE9800A70000000074DB5F7FFDF5673E0300000C
:10DEA80000A8000000002FDBBF078964500F5F0047
:10DEB80000002101000000140E004036627EFE05BD
:10DEC800000000A700000000CBDC5F7FFDF5673E87
:10DED80005000000A80000000009DCBF07896454A1
:10DEE8000F5D000000A7000000003BDD5F7FFDF52F
:10DEF800673E03000000A8000000004EDDBF078950
:10DF0800645A0F620000002101000000A20F0040C7
:10DF180036627EFE05000000A700000000B0DE5F4C
:10DF28007FFDF5673E02000000A800000000C4DE87
:10DF3800BF0789645E0F5C000000A7000000006E48
:10DF4800DF5F7FFDF5673E02000000A800000000CB
:10DF580010DFBF078964600F5F0000002101000027
:10DF6800006C00004036627EFE03000000A800003E
:10DF7800000064D0BF078964620F02000000A70098
:10DF8800000000A7D05F7FFDF5673E21000000413B
:10DF980006000000EE1C214F130A559243000000B2
:10DFA800A7000000002FD15F7FFDF5673E05000048
:10DFB80000A8000000003AD1BF078964640F5E0022
:10DFC800000021010000000001004036627EFE02D0
:10DFD800000000BE0300000001160701A8C0088069
:10DFE80005000000A7000000005BD25F7FFDF56719
:10DFF8003E02000000A8000000009ED2BF0789640E
:10E00800680F400000007600001B01760004010143
:10E018000000001A000000A700000000DAD35F7FAC
:10E02800FDF5673E02000000A80000000071D3BFA4
:10E03800078964680F6000000021010000008F025A
:10E04800004036627EFE05000000A800000000DDEA
:10E05800D4BF078964680F04000000A7000000000F
:10E06800F9D41F7FFDF5673E5D000000A7000000A2
:10E078000082D51F7FFDF5673E02000000A8000062
:10E088000000B7D5BF078964680F6200000021014E
:10E098000000007D03004036627EFE03000000A7FA
:10E0A8000000000011D61F7FFDF5673E0500000047
:10E0B800A800000000CFD6BF078964640F5C000089
:10E0C80000A70000000098D71F7FFDF5673E0200FB
:10E0D8000000A800000000B9D7BF0789645E0F6080
:10E0E8000000002101000000C004004036627EFEEE
:10E0F80002000000A800000000BFD8BF07896458CC
:10E108000F05000000A700000000CCD85F7FFDF5D8
:10E11800673E5F000000A7000000001CD95F7FFD7C
:10E12800F5673E02000000A800000000CDD9BF0737
:10E138008964580F630000002101000000F7050002
:10E148004036627EFE04000000A7000000001ADAD4
:10E158005F7FFDF5673E03000000A800000000C6D1
:10E16800DABF078964560F0E000000400600000061
:10E17800028170B77620032850000000A700000035
:10E188000074DB5F7FFDF5673E04000000A8000017
:10E19800000067DBBF0789645C0F5B00000021019A
:10E1A800000000F006004036627EFE02000000BE5D
:10E1B800030000008D170701A8C0088002000000B6
:10E1C800A700000000CBDC5F7FFDF5673E0500007F
:10E1D80000A80000000065DCBF0789645E0F5E00D0
:10E1E8000000A7000000003BDD5F7FFDF5673E05EE
:10E1F800000000A80000000076DDBF0789645E0FFC
:10E208005F0000002101000000A307004036627E85
:10E21800FE05000000A700000000B0DE5F7FFDF5EE
:10E22800673E03000000A800000000C4DEBF0789A5
:10E23800645E0F5B000000A7000000006EDF5F7FD8
:10E24800FDF5673E02000000A80000000073DFBF74
:10E258000789645A0F61000000210100000060086E
:10E26800004036627EFE07000000A700000000A7FD
:10E27800D05F7FFDF5673E03000000A800000000A6
:10E2880007D0BF078964580F5C000000A700000092
:10E29800002FD15F7FFDF5673E05000000A8000054
:10E2A80000007DD1BF078964580F5F00000021017D
:10E2B8000000009F09004036627EFE02000000A7B1
:10E2C800000000005BD25F7FFDF5673E050000009F
:10E2D800A800000000C5D2BF078964560F5D000082
:10E2E80000A700000000DAD35F7FFDF5673E02005B
:10E2F8000000A80000000036D3BF078964540F5EF1
:10E308000000002101000000FA0A004036627EFE8B
:10E3180004000000A8000000009AD4BF07896454D4
:10E328000F02000000A700000000E0D45F7FFDF5A9
:10E33800673E67000000A7000000009BD55F7FFDD7
:10E34800F5673E02000000A800000000F0D5BF07F6
:10E358008964540F5C0000002101000000510B008B
:10E368004036627EFE02000000BE030000007718FF
:10E378000701A8C0088005000000A70000000008E9
:10E38800D65F7FFDF5673E02000000A80000000090
:10E39800C0D6BF078964540F400000007600001BF8
:10E3A8000176000401010000001C000000A7000025
:10E3B800000081D75F7FFDF5673E02000000A800DE
:10E3C800000000C9D7BF078964560F62000000210A
:10E3D80001000000940C004036627EFE050000003B
:10E3E800A700000000D5D81F7FFDF5673E0200009A
:10E3F80000A800000000EBD8BF078964560F5F0033
:10E408000000A70000000005D91F7FFDF5673E0545
:10E41800000000A800000000A1D9BF078964520FBE
:10E428005B0000002101000000870D004036627E7D
:10E43800FE02000000A70000000003DA1F7FFDF5C0
:10E44800673E05000000A800000000FEDABF07894B
:10E4580064520F60000000A7000000006DDB1F7F02
:10E46800FDF5673E05000000A8000000002FDBBF97
:10E47800078964500F5E0000002101000000140E9F
:10E48800004036627EFE04000000A8000000003153
:10E49800DCBF078964500F03000000A700000000DC
:10E4A800CBDC5F7FFDF5673E61000000A700000040
:10E4B800003BDD5F7FFDF5673E05000000A800001A
:10E4C80000003EDDBF078964520F5800000021019B
:10E4D800000000A20F004036627EFE02000000A786
:10E4E80000000000B0DE5F7FFDF5673E030000001E
:10E4F800A8000000008CDEBF078964520F68000086
:10E5080000A7000000006EDF5F7FFDF5673E030097
:10E518000000A80000000027DFBF078964540F5AD5
:10E5280000000021010000006C00004036627EFE01
:10E5380002000000BE0300000054190701A8C0082B
:10E548008005000000A700000000A7D05F7FFDF550
:10E55800673E02000000A8000000004FD0BF0789F6
:10E5680064540F60000000A7000000002FD15F7FF7
:10E57800FDF5673E07000000A80000000029D1BF94
:10E58800078964560F5700000021010000000001B0
:10E59800004036627EFE02000000A7000000005B1B
:10E5A800D25F7FFDF5673E05000000A8000000006F
:10E5B80091D2BF078964580F64000000A7000000CB
:10E5C80000DAD35F7FFDF5673E02000000A8000077
:10E5D800000062D3BF0789645A0F5C000000210164
:10E5E8000000008F02004036627EFE05000000A891
:10E5F80000000000CED4BF0789645A0F0300000052
:10E60800A700000000E0D45F7FFDF5673E610000D1
:10E6180000A7000000009BD55F7FFDF5673E050061
:10E628000000A800000000A4D5BF0789645A0F594C
:10E6380000000021010000007D03004036627EFEDC
:10E6480002000000A70000000008D65F7FFDF56704
:10E658003E05000000A80000000088D6BF078964B6
:10E66800580F65000000A70000000081D75F7FFDFC
:10E67800F5673E02000000A80000000081D7BF0730
:10E6880089645A0F5B0000002101000000C00400EB
:10E698004036627EFE05000000A700000000CCD8CE
:10E6A8005F7FFDF5673E02000000A800000000A3A0
:10E6B800D8BF0789645A0F62000000A70000000055
:10E6C8001CD95F7FFDF5673E07000000A800000029
:10E6D80000D1D9BF0789645A0F56000000210100F4
:10E6E8000000F705004036627EFE02000000BE030F
:10E6F8000000009F1A0701A8C0088005000000A7B5
:10E70800000000001ADA5F7FFDF5673E0200000096
:10E71800A8000000008EDABF0789645A0F43000082
:10E72800007600001B0176000401010000001E00B5
:10E738000000A70000000074DB5F7FFDF5673E085E
:10E74800000000A8000000000BDBBF078964560F1B
:10E75800570000002101000000F006004036627EEC
:10E76800FE07000000A700000000CBDC5F7FFDF57E
:10E77800673E02000000A80000000085DCBF078992
:10E78800644E0F5D000000A70000000022DD1F7F1F
:10E79800FDF5673E04000000A8000000008ADDBF08
:10E7A8000789644C0F5D0000002101000000A307E9
:10E7B800004036627EFE02000000A700000000A9AB
:10E7C800DE1F7FFDF5673E05000000A80000000081
:10E7D80000DEBF078964480F63000000A70000003F
:10E7E8000077DF1F7FFDF5673E05000000A80000E9
:10E7F80000008FDFBF078964480F5A00000021011D
:10E808000000006008004036627EFE02000000A89A
:10E8180000000000DFD0BF0789644C0F050000002E
:10E82800A700000000BED01F7FFDF5673E5F000017
:10E8380000A7000000002FD15F7FFDF5673E0500AF
:10E848000000A800000000B9D1BF0789644E0F5C22
:10E8580000000021010000009F09004036627EFE92
:10E8680002000000A7000000005BD25F7FFDF56793
:10E878003E04000000A80000000055D2BF078964CC
:10E888004E0F66000000A700000000DAD35F7FFD8E
:10E89800F5673E03000000A800000000BAD3BF07D8
:10E8A80089644E0F5A0000002101000000FA0A0096
:10E8B8004036627EFE02000000BE03000000E91B35
:10E8C8000701A8C0088005000000A700000000E0BC
:10E8D800D45F7FFDF5673E02000000A8000000003D
:10E8E8005ED4BF078964420F5D000000A7000000E6
:10E8F800009BD55F7FFDF5673E05000000A800007E
:10E9080000009ED5BF0789643C0F5C000000210110
:10E91800000000510B004036627EFE02000000A796
:10E928000000000008D65F7FFDF5673E0500000087
:10E93800A800000000DED6BF078964340F65000018
:10E9480000A70000000081D75F7FFDF5673E020049
:10E958000000A8000000007FD7BF0789642A0F5B6A
:10E968000000002101000000940C004036627EFE89
:10E9780007000000A700000000CCD85F7FFDF56706
:10E988003E02000000A80000000079D8BF07896493
:10E998002C0F5D000000A7000000001CD95F7FFD60
:10E9A800F5673E05000000A80000000017D9BF0762
:10E9B80089642E0F5D0000002101000000870D0012
:10E9C8004036627EFE02000000A7000000001ADA4E
:10E9D8005F7FFDF5673E05000000A80000000048C5
:10E9E800DABF0789642E0F64000000A7000000004A
:10E9F80074DB5F7FFDF5673E03000000A8000000A0
:10EA08000085DBBF0789642E0F5A00000021010032
:10EA18000000140E004036627EFE02000000A800CE
:10EA28000000009BDCBF0789642E0F04000000A7CC
:10EA380000000000CBDC5F7FFDF5673E0F000000A3
:10EA48004006000000028170B776200328560000B7
:10EA580000A7000000003BDD5F7FFDF5673E020078
:10EA68000000A80000000088DDBF0789642E0F5A47
:10EA78000000002101000000A20F004036627EFE67
:10EA880002000000BE030000006C1C0701A8C008BB
:10EA98008005000000A700000000B0DE5F7FFDF5E4
:10EAA800673E02000000A80000000026DEBF0789BC
:10EAB800642C0F420000007600001B017600040160
:10EAC8000100000021000000A7000000006EDF5FC9
:10EAD8007FFDF5673E02000000A800000000B5DFDA
:10EAE800BF0789642E0F5B00000021010000006C45
:10EAF80000004036627EFE07000000A7000000000C
:10EB0800A7D05F7FFDF5673E03000000A800000066
:10EB18000069D0BF078964300F5A000000A70000C1
:10EB280000002FD15F7FFDF5673E02000000A800BE
:10EB38000000000FD1BF078964320F5F0000002179
:10EB4800010000000001004036627EFE0200000065
:10EB5800A7000000005BD25F7FFDF5673E02000062
:10EB680000A800000000DBD2BF078964360F6500EB
:10EB78000000A700000000DAD35F7FFDF5673E04C0
:10EB8800000000A80000000028D3BF078964340FE4
:10EB98005B00000021010000008F02004036627E09
:10EBA800FE03000000A800000000A0D4BF0789648D
:10EBB800320F05000000A700000000E0D45F7FFDD1
:10EBC800F5673E61000000A7000000009BD55F7F4D
:10EBD800FDF5673E05000000A800000000CAD5BF8B
:10EBE800078964320F5F00000021010000007D03E7
:10EBF800004036627EFE05000000A7000000000805
:10EC0800D65F7FFDF5673E02000000A80000000007
:10EC1800FAD6BF078964320F5C000000A700000025
:10EC28000081D75F7FFDF5673E05000000A8000062
:10EC38000000CBD7BF078964340F5E0000002101B4
:10EC4800000000C004004036627EFE02000000BEE4
:10EC580003000000D71D0701A8C0088005000000B8
:10EC6800A700000000CCD85F7FFDF5673E020000DA
:10EC780000A800000000F5D8BF078964360F5D00C2
:10EC88000000A7000000001CD95F7FFDF5673E0566
:10EC9800000000A8000000009BD9BF078964340F5A
:10ECA8005F0000002101000000F705004036627E89
:10ECB800FE05000000A7000000001ADA5F7FFDF5DE
:10ECC800673E03000000A800000000E0DABF0789E3
:10ECD80064320F59000000A70000000074DB5F7F5A
:10ECE800FDF5673E02000000A80000000085DBBFBC
:10ECF8000789642E0F640000002101000000F0065F
:10ED0800004036627EFE05000000A8000000008773
:10ED1800DCBF0789642C0F02000000A70000000078
:10ED2800CBDC5F7FFDF5673E5E000000A7000000BA
:10ED3800003BDD5F7FFDF5673E04000000A8000092
:10ED4800000094DDBF0789642C0F630000002101D7
:10ED5800000000A307004036627EFE02000000A704
:10ED680000000000B0DE5F7FFDF5673E0300000095
:10ED7800A8000000003ADEBF0789642E0F5A000081
:10ED880000A7000000006EDF5F7FFDF5673E05000D
:10ED98000000A800000000A9DFBF0789642C0F5FEE
:10EDA80000000021010000006008004036627EFE7D
:10EDB80004000000A700000000A7D05F7FFDF567F2
:10EDC8003E03000000A800000000F9D0BF078964D6
:10EDD800280F5F000000A7000000002FD15F7FFD13
:10EDE800F5673E05000000A800000000CBD1BF0772
:10EDF8008964240F5A00000021010000009F0900C7
:10EE08004036627EFE02000000BE03000000C81EFD
:10EE18000701A8C0088002000000A7000000005BEE
:10EE2800D25F7FFDF5673E05000000A800000000E6
:10EE380003D2BF078964220F420000007600001B3E
:10EE48000176000401010000001B000000A700007B
:10EE580000006BD35F7FFDF9673E02000000A80049
:10EE6800000000ECD3BF078964220F640000002172
:10EE780001000000FA0A004036627EFE040000002D
:10EE8800A70000000051D45F7FFDF9673E03000032
:10EE980000A80000000064D4BF078964240F5C0048
:10EEA8000000A7000000002AD55F7FFDF9673E0536
:10EEB800000000A8000000007ED5BF0789642C0F61
:10EEC8005C0000002101000000510B004036627E0A
:10EED800FE02000000A700000000B9D65F7FFDF920
:10EEE800673E02000000A80000000052D6BF078954
:10EEF800642E0F64000000A70000000081D75F7F28
:10EF0800FDF5673E05000000A80000000047D7BFD8
:10EF18000789642E0F5E0000002101000000940C98
:10EF2800004036627EFE05000000A700000000CC0D
:10EF3800D85F7FFDF5673E03000000A800000000D1
:10EF480065D8BF0789642E0F5C000000A700000089
:10EF5800001CD95F7FFDF5673E05000000A8000092
:10EF680000002FD9BF0789642A0F5C000000210127
:10EF7800000000870D004036627EFE02000000A7F8
:10EF8800000000001ADA5F7FFDF5673E020000000E
:10EF9800A80000000054DABF0789642C0F6800003D
:10EFA80000A70000000074DB5F7FFDF5673E0200EC
:10EFB8000000A80000000099DBBF0789642C0F5DE2
:10EFC8000000002101000000140E004036627EFEA1
:10EFD80005000000BE03000000C51F0701A8C00807
:10EFE8008002000000A700000000CBDC5F7FFDF579
:10EFF800673E03000000A80000000087DCBF078907
:10F00800642C0F5A000000A7000000003BDD5F7F62
:10F01800FDF5673E05000000A80000000020DDBFE8
:10F02800078964320F5C0000002101000000A20F74
:10F03800004036627EFE02000000A70000000001CA
:10F04800DE5F7FFDF9673E05000000A800000000B4
:10F05800AADEBF078964360F5E000000A700000023
:10F06800006EDF5F7FFDF5673E03000000A800002B
:10F0780000006DDFBF0789643A0F630000002101BB
:10F088000000006C00004036627EFE05000000A70C
:10F0980000000000A7D05F7FFDF5673E020000007A
:10F0A800A8000000003DD0BF0789643E0F5D000046
:10F0B80000A7000000002FD15F7FFDF5673E050027
:10F0C8000000A800000000F1D1BF078964420F5C6E
:10F0D80000000021010000000001004036627EFEB1
:10F0E80002000000A7000000005BD25F7FFDF5670B
:10F0F8003E05000000A80000000039D2BF0789645F
:10F10800440F5F000000A700000000DAD35F7FFD16
:10F11800F5673E02000000A800000000CAD3BF0740
:10F128008964460F6200000021010000008F020080
:10F138004036627EFE05000000A700000000E0D413
:10F148005F7FFDF5673E02000000A8000000003266
:10F15800D4BF078964480F1B000000410600000067
:10F168008A1D214F130A559248000000A70000008D
:10F17800009BD55F7FFDF5673E02000000A80000F8
:10F18800000058D5BF078964480F590000002101C5
:10F198000000007D03004036627EFE03000000BED2
:10F1A800030000007C100701A8C0088005000000CB
:10F1B800A70000000008D65F7FFDF5673E0200004B
:10F1C80000A80000000050D6BF0789644C0F420019
:10F1D80000007600001B0176000401010000001CFD
:10F1E800000000A70000000081D75F7FFDF5673EA3
:10F1F80004000000A80000000059D7BF0789644E2A
:10F208000F5D0000002101000000C00400403662CC
:10F218007EFE06000000A700000000CCD85F7FFD3E
:10F22800F5673E03000000A800000000CFD8BF0724
:10F238008964500F5E000000A7000000001CD95F21
:10F248007FFDF5673E05000000A800000000BDD95D
:10F25800BF078964500F5C0000002101000000F71F
:10F2680005004036627EFE02000000A70000000094
:10F278001ADA5F7FFDF5673E05000000A800000070
:10F288000056DABF0789644E0F64000000A700002B
:10F29800000074DB5F7FFDF5673E03000000A800F7
:10F2A8000000009BDBBF0789644E0F5A0000002155
:10F2B80001000000F006004036627EFE06000000F5
:10F2C800A80000000031DCBF078964500F0300006C
:10F2D80000A700000000CBDC5F7FFDF5673E620001
:10F2E8000000A7000000003BDD5F7FFDF5673E02E0
:10F2F800000000A8000000001ADDBF078964540F51
:10F308005C0000002101000000A307004036627E77
:10F31800FE03000000A700000000B0DE5F7FFDF5DF
:10F32800673E04000000A800000000A8DEBF0789AF
:10F3380064540F150000004006000000028170B7F9
:10F34800762003284D000000A7000000006EDF5F54
:10F358007FFDF5673E07000000A80000000027DFDA
:10F36800BF078964540F57000000210100000060A6
:10F3780008004036627EFE03000000BE0300000065
:10F3880008110701A8C0088005000000A7000000B8
:10F3980000A7D05F7FFDF5673E02000000A80000CF
:10F3A800000053D0BF078964560F62000000A70011
:10F3B8000000002FD15F7FFDF5673E02000000A826
:10F3C8000000000035D1BF078964540F5B000000BE
:10F3D80021010000009F09004036627EFE05000002
:10F3E80000A7000000005BD25F7FFDF5673E0300C9
:10F3F8000000A80000000055D2BF0789644E0F61C5
:10F40800000000A700000000DAD35F7FFDF5673E2B
:10F4180005000000A80000000082D3BF0789644AE5
:10F428000F590000002101000000FA0A004036626E
:10F438007EFE08000000A700000000E0D45F7FFD0A
:10F44800F5673E02000000A8000000007AD4BF075C
:10F458008964440F60000000A7000000009BD55F8E
:10F468007FFDF5673E05000000A80000000028D5D4
:10F47800BF078964400F5B000000210100000051B4
:10F488000B004036627EFE05000000A70000000069
:10F4980008D65F7FFDF5673E02000000A800000067
:10F4A8000004D6BF078964420F63000000A700006C
:10F4B800000081D75F7FFDF5673E02000000A800CD
:10F4C80000000035D7BF078964440F5A00000021A7
:10F4D80001000000940C004036627EFE030000002C
:10F4E800A8000000000BD8BF078964460F0500007C
:10F4F80000A700000000CCD85F7FFDF5673E6200E2
:10F508000000A7000000001CD95F7FFDF5673E07DB
:10F51800000000A80000000079D9BF078964460FE1
:10F52800560000002101000000870D004036627E71
:10F53800FE03000000BE0300000067120701A8C018
:10F54800088004000000A7000000001ADA5F7FFDB1
:10F55800F5673E03000000A800000000A8DABF0716
:10F5680089643E0F420000007600001B017600040B
:10F5780001010000001B000000A70000000074DB70
:10F588005F7FFDF5673E04000000A800000000153D
:10F59800DBBF078964360F5E000000210100000010
:10F5A800140E004036627EFE06000000A700000030
:10F5B80000CBDC5F7FFDF5673E02000000A800007D
:10F5C80000002FDCBF078964300F62000000A7002D
:10F5D8000000003BDD5F7FFDF5673E04000000A8EA
:10F5E80000000000B0DDBF0789642A0F5900000041
:10F5F8002101000000A20F004036627EFE030000D9
:10F6080000A700000000B0DE5F7FFDF5673E050043
:10F618000000A80000000056DEBF078964240F5FC1
:10F62800000000A7000000006EDF5F7FFDF5673E69
:10F6380005000000A800000000BADFBF0789641EAB
:10F648000F5D00000021010000006C0000403662E0
:10F658007EFE06000000A70000000016D05F7FFDB8
:10F66800F9673E02000000A800000000A2D0BF0712
:10F678008964160F61000000A7000000009ED15F9A
:10F688007FFDF9673E05000000A80000000070D16A
:10F69800BF0789640A0F5A0000002101000000001A
:10F6A80001004036627EFE02000000A70000000054
:10F6B800EAD25F7FFDF9673E05000000A800000060
:10F6C80000B8D2BF0789640C0F63000000A70000D0
:10F6D80000006BD35F7FFDF9673E02000000A800C1
:10F6E8000000004BD3BF0789640E0F5C00000021A7
:10F6F800010000008F02004036627EFE020000001A
:10F70800BE0300000094130701A8C008800500008C
:10F7180000A70000000051D45F7FFDF9673E02009A
:10F728000000A80000000053D4BF078964100F63CD
:10F73800000000A7000000002AD55F7FFDF9673EA2
:10F7480002000000A80000000001D5BF078964146A
:10F758000F5A00000021010000007D0300403662BE
:10F768007EFE02000000A700000000B9D65F7FFD02
:10F77800F9673E05000000A80000000079D6BF0721
:10F788008964180F5E000000A7000000001BD79FC7
:10F798007FFDF9673E05000000A80000000070D753
:10F7A800BF0789641A0F5E0000002101000000C035
:10F7B80004004036627EFE05000000A7000000003D
:10F7C8009FE89F7FFDF9673E02000000A800000047
:10F7D8000052D8BF0789641A0F62000000A7000012
:10F7E80000004FE99F7FFDF9673E05000000A80073
:10F7F80000000018D9BF0789641E0F5A00000021B5
:10F8080001000000F705004036627EFE020000009D
:10F81800A70000000049EA9F7FFDF9673E05000048
:10F8280000A80000000047DABF0789641E0F6200C5
:10F838000000A70000000027EB9F7FFDF9673E034B
:10F84800000000A8000000008ADBBF0789641E0FC3
:10F858005B0000002101000000F006004036627ED7
:10F86800FE06000000A700000000B3EC5F7FFDF972
:10F87800673E02000000A800000000CFDCBF078937
:10F8880064200F64000000A70000000043ED5F7FC4
:10F89800FDF9673E05000000A80000000087DDBFF5
:10F8A8000789641E0F590000002101000000A3070A
:10F8B800004036627EFE05000000A700000000C878
:10F8C800EE5F7FFDF9673E02000000A8000000001F
:10F8D80035DEBF0789641E0F03000000BE03000069
:10F8E8000063140701A8C0088041000000760000EA
:10F8F8001B0176000401010000001F000000A700A2
:10F9080000000016EF5F7FFDF9673E02000000A8C7
:10F9180000000000BADFBF0789641E0F6200000004
:10F9280021010000006008004036627EFE020000EF
:10F9380000A700000000DFE05F7FFDF9673E0300DD
:10F948000000A80000000089D0BF078964200F5E6E
:10F95800000000A70000000057E15F7FFDF9673E47
:10F9680002000000A80000000050D19F078964240D
:10F978000F6200000021010000009F09004036626C
:10F988007EFE02000000A70000000023E25F7FFD6A
:10F99800F9673E02000000A800000000A0D29F07FF
:10F9A8008964260F61000000A700000000A2E35F41
:10F9B8007FFDF9673E02000000A8000000004FD359
:10F9C8009F078964260F620000002101000000FAE9
:10F9D8000A004036627EFE03000000A70000000017
:10F9E80098E45F7FFDF9673E02000000A800000070
:10F9F8000078D4BF078964260F5E000000A70000C6
:10FA08000000E3E55F7FFDF9673E03000000A80002
:10FA18000000000ED5BF078964240F610000002193
:10FA280001000000510B004036627EFE020000001B
:10FA3800A70000000070E65F7FFDF9673E03000045
:10FA480000A8000000003ED6BF078964240F6000AC
:10FA58000000A700000000F9E75F7FFDF9673E029C
:10FA6800000000A8000000002BD7BF078964240FFE
:10FA78005B0000002101000000940C004036627E0B
:10FA8800FE05000000BE030000001C150701A8C009
:10FA9800088003000000A80000000015D8BF0789EF
:10FAA80064260F03000000A700000000B4E85F7F91
:10FAB800FDF9673E5F000000A70000000064E95FF1
:10FAC8007FFDF9673E02000000A80000000067D92A
:10FAD800BF078964260F620000002101000000872B
:10FAE8000D004036627EFE03000000A70000000003
:10FAF80062EA5F7FFDF9673E02000000A80000008F
:10FB08000038DABF078964260F5E000000A70000EE
:10FB180000000CEB5F7FFDF9673E02000000A800C3
:10FB2800000000E9DBBF078964240F5D00000021A5
:10FB380001000000140E004036627EFE0500000041
:10FB4800A700000000B3EC5F7FFDF9673E020000EC
:10FB580000A800000000F7DCBF078964240F6300D9
:10FB68000000A70000000043ED5F7FFDF9673E033A
:10FB7800000000A800000000E4DDBF078964240F2E
:10FB8800610000002101000000A20F004036627EE3
:10FB9800FE02000000A700000000C8EE5F7FFDF92C
:10FBA800673E03000000A8000000001EDEBF0789B2
:10FBB80064280F5E000000A70000000016EF5F7FBA
:10FBC800FDF9673E03000000A8000000001DDFBF2C
:10FBD800078964320F5C00000021010000006C00FE
:10FBE800004036627EFE05000000A700000000F419
:10FBF800E09F7FFDF9673E03000000A800000000B9
:10FC080051D0BF078964340F170000004006000078
:10FC180000028170B7762003284B000000A700007F
:10FC28000000E6E15F7FFDF5673E04000000A800E4
:10FC38000000002BD1BF078964340F600000002149
:10FC4800010000000001004036627EFE0300000053
:10FC5800A7000000005BD25F7FFDF5673E02000051
:10FC680000A800000000C7D2BF078964340F030052
:10FC78000000BE0300000001160701A8C008803D6F
:10FC88000000007600001B0176000401010000005E
:10FC98001F000000A700000000DAD35F7FFDF567B2
:10FCA8003E02000000A80000000034D3BF078964AA
:10FCB800360F5C00000021010000008F0200403672
:10FCC800627EFE05000000A70000000051D45F7F9F
:10FCD800FDF9673E03000000A800000000D0D4BF73
:10FCE8000789643A0F62000000A7000000002AD5C7
:10FCF8005F7FFDF9673E02000000A8000000008257
:10FD0800D5BF0789643E0F63000000210100000091
:10FD18007D03004036627EFE02000000A70000005E
:10FD28000070E65F7FFDF9673E02000000A8000052
:10FD3800000004D6BF078964420F5E000000A700D8
:10FD4800000000F9E75F7FFDF9673E03000000A8A7
:10FD58000000000011D7BF078964420F5D00000052
:10FD68002101000000C004004036627EFE0400004D
:10FD780000A700000000B4E85F7FFDF9673E0300BC
:10FD88000000A80000000017D8BF078964440F626C
:10FD9800000000A700000000D5E95F7FFDF5673E81
:10FDA80003000000A80000000065D9BF078964446B
:10FDB8000F610000002101000000F70500403662D5
:10FDC8007EFE02000000A7000000001ADA5F7FFD37
:10FDD800F5673E03000000A80000000072DABF07C4
:10FDE8008964480F5E000000A70000000074DB5F14
:10FDF8007FFDF5673E05000000A80000000087DBD6
:10FE0800BF0789644C0F5A0000002101000000F070
:10FE180006004036627EFE05000000BE03000000BA
:10FE28008D170701A8C0088003000000A700000084
:10FE380000CBDC5F7FFDF5673E02000000A80000F4
:10FE4800000099DCBF0789644C0F60000000A70020
:10FE58000000003BDD5F7FFDF5673E02000000A863
:10FE68000000000096DDBF0789644E0F62000000A5
:10FE78002101000000A307004036627EFE02000058
:10FE880000A700000000B0DE5F7FFDF5673E0200BE
:10FE98000000A80000000090DEBF078964500F5FD3
:10FEA800000000A7000000006EDF5F7FFDF5673EE1
:10FEB80003000000A8000000001FDFBF078964508E
:10FEC8000F5D00000021010000006008004036625C
:10FED8007EFE04000000A700000000A7D05F7FFDA1
:10FEE800F5673E02000000A8000000004FD0BF07E1
:10FEF8008964540F61000000A7000000002FD15F43
:10FF08007FFDF5673E05000000A8000000007DD1D8
:10FF1800BF078964580F6000000021010000009F9E
:10FF280009004036627EFE03000000A700000000C2
:10FF38005BD25F7FFDF5673E02000000A80000006D
:10FF48000091D2BF078964580F60000000A7000025
:10FF58000000DAD35F7FFDF5673E02000000A800CD
:10FF68000000002AD3BF078964560F5C00000021F7
:10FF780001000000FA0A004036627EFE050000001B
:10FF8800A700000000F9D41F7FFDF5673E020000BE
:10FF980000A8000000009AD4BF078964540F6100CC
:10FFA8000000A70000000082D51F7FFDF5673E070F
:10FFB800000000A800000000F0D5BF078964540FB6
:10FFC8005A0000002101000000510B004036627EFB
:10FFD800FE05000000A70000000011D61F7FFDF5F8
:10FFE800673E02000000A800000000C0D6BF0789D5
:08FFF80064540F02000000BE7A
:020000040801F1
:100000000300000077180701A8C008804200000024
:100010007600001B0176000401010000001B0000B7
:1000200000A70000000098D71F7FFDF5673E08007D
:100030000000A800000000D5D7BF078964540F5FF7
:100040000000002101000000940C004036627EFE9A
:1000500004000000A700000000D5D81F7FFDF56751
:100060003E03000000A800000000D3D8BF07896449
:10007000520F5F000000A70000000005D91F7FFDA0
:10008000F5673E03000000A800000000BDD9BF07CF
:100090008964500F590000002101000000870D0005
:1000A0004036627EFE05000000A70000000003DA73
:1000B0001F7FFDF5673E02000000A800000000560B
:1000C000DABF0789644E0F63000000A7000000003C
:1000D0006DDB1F7FFDF5673E02000000A8000000F9
:1000E0000087DBBF0789644C0F620000002101001C
:1000F0000000140E004036627EFE02000000A800E0
:1001000000000085DCBF0789644E0F02000000A7D5
:1001100000000000D2DC1F7FFDF5673E620000009A
:10012000A70000000022DD1F7FFDF5673E030000F1
:1001300000A80000000096DDBF0789644E0F59003B
:1001400000002101000000A20F004036627EFE0583
:10015000000000A700000000A9DE1F7FFDF5673E3C
:1001600002000000A80000000038DEBF0789644CD0
:100170000F65000000A7000000006EDF5F7FFDF547
:10018000673E03000000A80000000093DFBF07895E
:10019000644A0F5E00000021010000006C00004076
:1001A00036627EFE03000000A800000000DFD0BF22
:1001B0000789644C0F02000000A700000000A7D0D0
:1001C0005F7FFDF5673E05000000BE0300000054A0
:1001D000190701A8C008805E000000A70000000009
:1001E0002FD15F7FFDF5673E02000000A8000000F0
:1001F000000DD1BF078964500F5900000021010094
:1002000000000001004036627EFE05000000A700ED
:100210000000005BD25F7FFDF5673E03000000A891
:1002200000000000D9D2BF078964540F63000000AA
:10023000A700000000DAD35F7FFDF5673E020000F3
:1002400000A8000000007ED3BF078964580F5C003F
:10025000000021010000008F02004036627EFE0790
:10026000000000A700000000E0D45F7FFDF5673EBE
:1002700002000000A8000000009AD4BF078964545F
:100280000F63000000A7000000009BD55F7FFDF515
:10029000673E02000000A800000000D4D5BF078917
:1002A00064520F5C00000021010000007D0300404B
:1002B00036627EFE03000000A70000000008D65F43
:1002C0007FFDF5673E02000000A8000000004CD64C
:1002D000BF0789644E0F63000000A7000000008183
:1002E000D75F7FFDF5673E02000000A80000000018
:1002F00059D7BF0789644E0F5B0000002101000041
:1003000000C004004036627EFE05000000A7000029
:100310000000CCD85F7FFDF5673E02000000A8001A
:10032000000000D3D8BF078964520F1B00000041B2
:1003300006000000261E214F130A559245000000BA
:10034000A7000000001CD95F7FFDF5673E07000095
:1003500000A80000000085D9BF078964540F5D0024
:1003600000002101000000F705004036627EFE0219
:10037000000000A7000000001ADA5F7FFDF5673E6D
:1003800003000000A800000000C6DABF0789645619
:100390000F02000000BE030000009F1A0701A8C062
:1003A0000880410000007600001B01760004010176
:1003B0000000001F000000A70000000074DB5F7F4A
:1003C000FDF5673E03000000A80000000017DBBF3A
:1003D000078964540F5E0000002101000000F00650
:1003E000004036627EFE02000000A700000000CB45
:1003F000DC5F7FFDF5673E03000000A80000000001
:10040000A1DCBF078964480F5F000000A70000005F
:100410000022DD1F7FFDF5673E04000000A80000FC
:100420000000DEDDBF078964420F5D00000021018E
:10043000000000A307004036627EFE05000000A712
:1004400000000000A9DE1F7FFDF5673E02000000EE
:10045000A800000000DADEBF0789643E0F640000D8
:1004600000A70000000077DF1F7FFDF5673E020058
:100470000000A8000000006DDFBF0789643A0F5F2D
:1004800000000021010000006008004036627EFE8E
:1004900002000000A700000000BED01F7FFDF5672E
:1004A0003E02000000A8000000003DD0BF078964A4
:1004B0003E0F5F000000A7000000002FD15F7FFD0E
:1004C000F5673E04000000A800000000EDD1BF0762
:1004D0008964400F6000000021010000009F0900B6
:1004E0004036627EFE02000000A7000000005BD2E2
:1004F0005F7FFDF5673E02000000A800000000AB32
:10050000D2BF0789643E0F0B0000004006000000C8
:10051000028170B7762003285B000000A70000006E
:1005200000DAD35F7FFDF5673E02000000A80000FF
:10053000000058D3BF0789643C0F5C000000210114
:10054000000000FA0A004036627EFE02000000BE93
:1005500003000000E91B0701A8C008800300000099
:10056000A700000000E0D45F7FFDF5673E020000B9
:1005700000A800000000F4D4BF0789643C0F5C00B1
:100580000000A7000000009BD55F7FFDF5673E08D7
:10059000000000A80000000082D5BF0789643E0F5C
:1005A0005D0000002101000000510B004036627E1A
:1005B000FE02000000A70000000008D65F7FFDF5E6
:1005C000673E03000000A80000000018D6BF07899E
:1005D00064400F62000000A70000000081D75F7F29
:1005E000FDF5673E02000000A8000000000DD7BF27
:1005F000078964400F5F0000002101000000940C97
:10060000004036627EFE02000000A700000000CC21
:10061000D85F7FFDF5673E03000000A800000000E2
:1006200033D8BF078964420F5E000000A7000000B6
:10063000001CD95F7FFDF5673E05000000A80000A3
:10064000000065D9BF078964440F600000002101E4
:10065000000000870D004036627EFE02000000A709
:10066000000000001ADA5F7FFDF5673E030000001E
:10067000A80000000072DABF078964480F6200001A
:1006800000A70000000074DB5F7FFDF5673E0300FC
:100690000000A80000000087DBBF0789644C0F5EE4
:1006A0000000002101000000140E004036627EFEB2
:1006B00002000000A700000000CBDC5F7FFDF567B3
:1006C0003E03000000A80000000085DCBF0789642D
:1006D0004E0F5E000000A7000000003BDD5F7FFDC5
:1006E000F5673E07000000A80000000096DDBF0788
:1006F00089644E0F5E0000002101000000A20F007F
:100700004036627EFE02000000A700000000B0DE5E
:100710005F7FFDF5673E03000000A8000000003881
:10072000DEBF0789644C0F02000000BE030000001A
:100730006C1C0701A8C00880420000007600001B66
:100740000176000401010000001E000000A7000067
:1007500000006EDF5F7FFDF5673E02000000A8002D
:10076000000000B7DFBF0789644C0F5F0000002165
:10077000010000006C00004036627EFE02000000B6
:10078000A700000000A7D05F7FFDF5673E030000D3
:1007900000A800000000C3D0BF0789644E0F5E00B0
:1007A0000000A7000000002FD15F7FFDF5673E0429
:1007B000000000A80000000011D1BF078964520F9B
:1007C0006100000021010000000001004036627E4F
:1007D000FE02000000A7000000005BD25F7FFDF575
:1007E000673E02000000A80000000091D2BF078908
:1007F00064580F62000000A700000000DAD35F7F9A
:10080000FDF5673E02000000A8000000007ED3BF97
:10081000078964580F6100000021010000008F0269
:10082000004036627EFE02000000A700000000E0EB
:10083000D45F7FFDF5673E02000000A800000000C5
:1008400086D4BF078964560F64000000A70000002B
:100850000082D51F7FFDF5673E02000000A8000062
:100860000000F0D5BF078964540F62000000210129
:100870000000007D03004036627EFE02000000A7FB
:100880000000000011D61F7FFDF5673E0300000049
:10089000A800000000C0D6BF078964540F5B0000A9
:1008A00000A70000000098D71F7FFDF5673E0200FB
:1008B0000000A800000000C9D7BF078964560F6276
:1008C0000000002101000000C004004036627EFEEE
:1008D00002000000BE03000000D71D0701A8C008E9
:1008E0008003000000A700000000D5D81F7FFDF5A1
:1008F000673E02000000A800000000BFD8BF0789C3
:1009000064580F5E000000A70000000005D91F7F9B
:10091000FDF5673E03000000A800000000D1D9BF2C
:100920000789645A0F640000002101000000F705E8
:10093000004036627EFE02000000A70000000003B7
:10094000DA1F7FFDF5673E03000000A800000000ED
:1009500092DABF078964580F5C000000A70000000E
:10096000006DDB1F7FFDF5673E03000000A800005F
:1009700000005FDBBF078964580F610000002101A0
:10098000000000F006004036627EFE06000000A770
:1009900000000000D2DC1F7FFDF5673E0200000072
:1009A000A80000000015DCBF078964560F5E000038
:1009B00000A70000000022DD1F7FFDF5673E030059
:1009C0000000A80000000006DDBF078964560F6321
:1009D0000000002101000000A307004036627EFEF7
:1009E00002000000A700000000A9DE1F7FFDF567E0
:1009F0003E02000000A800000000B4DEBF078964CA
:100A0000560F5C000000A70000000077DF1F7FFD8D
:100A1000F5673E03000000A8000000006FDFBF077D
:100A20008964580F62000000210100000060080086
:100A30004036627EFE02000000A80000000007D0E1
:100A4000BF078964580F03000000A700000000BE24
:100A5000D01F7FFDF5673E62000000A70000000088
:100A600036D11F7FFDF5673E03000000A80000009F
:100A7000007DD1BF078964580F5F0000002101008D
:100A800000009F09004036627EFE03000000BE03A6
:100A9000000000C81E0701A8C0088002000000A7CF
:100AA0000000000042D21F7FFDF5673E02000000FB
:100AB000A8000000008DD2BF0789645A0F410000D2
:100AC000007600001B0176000401010000001A00FE
:100AD0000000A700000000C3D31F7FFDF5673E02A2
:100AE000000000A80000000046D3BF0789645C0F27
:100AF000640000002101000000FA0A004036627E16
:100B0000FE04000000A800000000ADD4BF07896407
:100B1000600F03000000A700000000F9D41F7FFD54
:100B2000F5673E5D000000A70000000082D51F7F32
:100B3000FDF5673E02000000A800000000DBD5BF05
:100B4000078964620F620000002101000000510B60
:100B5000004036627EFE02000000A7000000001187
:100B6000D61F7FFDF5673E03000000A800000000CF
:100B7000EBD6BF078964620F5D000000A70000008C
:100B80000098D71F7FFDF5673E02000000A8000017
:100B90000000FED7BF078964620F630000002101D7
:100BA000000000940C004036627EFE05000000A8A4
:100BB00000000000F8D8BF078964640F020000003D
:100BC000A700000000D5D81F7FFDF5673E5C000040
:100BD00000A70000000005D91F7FFDF5673E030058
:100BE0000000A800000000B2D9BF078964600F5F51
:100BF0000000002101000000870D004036627EFEEB
:100C000002000000A70000000003DA1F7FFDF56767
:100C10003E03000000A800000000EDDABF07896471
:100C2000600F63000000A7000000006DDB1F7FFD68
:100C3000F5673E02000000A8000000007BDBBF0754
:100C400089645E0F600000002101000000140E00A6
:100C50004036627EFE03000000BE03000000C51F98
:100C60000701A8C0088002000000A700000000D211
:100C7000DC1F7FFDF5673E02000000A800000000B9
:100C800079DCBF0789645C0F5D000000A7000000ED
:100C90000022DD1F7FFDF5673E02000000A8000076
:100CA000000076DDBF0789645E0F6000000021014F
:100CB000000000A20F004036627EFE03000000A884
:100CC00000000000C4DEBF0789645E0F0200000060
:100CD000A700000000A9DE1F7FFDF5673E60000051
:100CE00000A70000000077DF1F7FFDF5673E0300CF
:100CF0000000A80000000010DFBF078964600F63D8
:100D000000000021010000006C00004036627EFE01
:100D100006000000A700000000BED01F7FFDF567A1
:100D20003E02000000A80000000064D0BF078964F4
:100D3000620F5B000000A70000000036D11F7FFD9E
:100D4000F5673E03000000A8000000001ED1BF07A9
:100D50008964620F5F0000002101000000000100B3
:100D60004036627EFE02000000A70000000042D272
:100D70001F7FFDF5673E02000000A800000000D6BE
:100D8000D2BF078964640F62000000A70000000062
:100D9000C3D31F7FFDF5673E02000000A8000000DE
:100DA0000039D3BF078964640F620000002101008D
:100DB00000008F02004036627EFE04000000A800A2
:100DC00000000089D4BF078964660F03000000A7F4
:100DD00000000000F9D41F7FFDF5673E13000000FE
:100DE0004006000000028170B7762003284C000006
:100DF00000A70000000082D51F7FFDF5673E0300BD
:100E00000000A800000000DBD5BF078964620F5D09
:100E100000000021010000007D03004036627EFEDC
:100E200002000000BE030000007C100701A8C008FB
:100E30008003000000A70000000011D61F7FFDF511
:100E4000673E02000000A800000000F7D6BF078937
:100E500064600F430000007600001B01760004016F
:100E6000010000001C000000A70000000098D71F30
:100E70007FFDF5673E02000000A800000000A5D736
:100E8000BF0789645C0F630000002101000000C0FF
:100E900004004036627EFE08000000A8000000004A
:100EA000EBD8BF078964560F02000000A7000000BE
:100EB00000D5D81F7FFDF5673E5A000000A700004F
:100EC000000005D91F7FFDF5673E02000000A80065
:100ED000000000D1D9BF0789645A0F5F00000021CC
:100EE00001000000F705004036627EFE05000000AC
:100EF000A70000000003DA1F7FFDF5673E02000037
:100F000000A800000000AADABF0789645C0F5F0038
:100F10000000A7000000006DDB1F7FFDF5673E03AA
:100F2000000000A80000000020DBBF078964600FFC
:100F3000630000002101000000F006004036627EE0
:100F4000FE04000000A80000000006DCBF07896462
:100F5000640F02000000A700000000D2DC1F7FFD2C
:100F6000F5673E5D000000A70000000022DD1F7F46
:100F7000FDF5673E02000000A80000000076DDBF1E
:100F80000789645E0F5F0000002101000000A307D5
:100F9000004036627EFE02000000A800000000FC57
:100FA000DEBF0789645A0F02000000A7000000009E
:100FB000A9DE1F7FFDF5673E64000000A70000006A
:100FC0000077DF1F7FFDF5673E02000000A80000EC
:100FD00000003BDFBF078964560F6000000021015D
:100FE0000000006008004036627EFE03000000BE84
:100FF0000300000008110701A8C0088002000000DB
:10100000A700000000BED01F7FFDF5673E02000074
:1010100000A8000000004FD0BF078964540F5D0096
:101020000000A70000000036D11F7FFDF5673E03DA
:10103000000000A80000000011D1BF078964520F12
:101040005F00000021010000009F09004036627E21
:10105000FE03000000A70000000042D21F7FFDF544
:10106000673E02000000A800000000FDD2BF078913
:1010700064520F60000000A700000000C3D31F7F70
:10108000FDF5673E03000000A8000000000ED3BF7E
:10109000078964500F620000002101000000FA0A75
:1010A000004036627EFE06000000A700000000F946
:1010B000D41F7FFDF5673E03000000A8000000007C
:1010C0002ED4BF0789644A0F5C000000A70000000F
:1010D0000082D51F7FFDF5673E02000000A80000DA
:1010E000000058D5BF078964480F5F000000210148
:1010F000000000510B004036627EFE02000000A797
:101100000000000011D61F7FFDF5673E03000000C0
:10111000A8000000003CD6BF078964460F610000AC
:1011200000A70000000098D71F7FFDF5673E020072
:101130000000A80000000029D7BF078964460F619E
:101140000000002101000000940C004036627EFE89
:1011500004000000A8000000000BD8BF0789644607
:101160000F02000000A700000000D5D81F7FFDF58A
:10117000673E62000000A70000000005D91F7FFD48
:10118000F5673E02000000A8000000002DD9BF074F
:101190008964480F5C0000002101000000870D00F9
:1011A0004036627EFE02000000BE030000006712AF
:1011B0000701A8C0088003000000A7000000001A73
:1011C000DA5F7FFDF5673E02000000A80000000026
:1011D00072DABF078964480F440000007600001BE4
:1011E0000176000401010000001C000000A70000BF
:1011F000000074DB5F7FFDF5673E03000000A80080
:10120000000000EBDBBF078964460F5F0000002190
:1012100001000000140E004036627EFE0600000051
:10122000A800000000F5DCBF078964460F0300003A
:1012300000A700000000CBDC5F7FFDF5673E5F008C
:101240000000A7000000003BDD5F7FFDF5673E0268
:10125000000000A800000000DEDDBF078964420F27
:10126000600000002101000000A20F004036627EF5
:10127000FE02000000A700000000B0DE5F7FFDF569
:10128000673E03000000A800000000DADEBF078907
:10129000643E0F64000000A7000000006EDF5F7F67
:1012A000FDF5673E02000000A8000000006DDFBFF2
:1012B0000789643A0F5B00000021010000006C0008
:1012C000004036627EFE03000000A8000000004DD2
:1012D000D0BF078964360F02000000A7000000009D
:1012E000A7D05F7FFDF5673E64000000A700000007
:1012F000002FD15F7FFDF5673E02000000A80000CF
:1013000000000FD1BF078964320F5E000000210189
:101310000000000001004036627EFE03000000A7CE
:10132000000000005BD25F7FFDF5673E0200000019
:10133000A800000000C7D2BF078964340F6700000F
:1013400000A700000000DAD35F7FFDF5673E0200D2
:101350000000A80000000034D3BF078964360F598D
:1013600000000021010000008F02004036627EFE76
:1013700002000000BE0300000094130701A8C0088B
:101380008002000000A700000000E0D45F7FFDF5B0
:10139000673E03000000A800000000CCD4BF07890E
:1013A00064380F62000000A7000000009BD55F7F3B
:1013B000FDF5673E03000000A800000000A6D5BFB1
:1013C000078964380F5D00000021010000007D03E3
:1013D000004036627EFE03000000A7000000000807
:1013E000D65F7FFDF5673E02000000A80000000008
:1013F000C2D6BF078964360F64000000A700000052
:101400000081D75F7FFDF5673E03000000A8000064
:101410000000EFD7BF078964320F5A000000210196
:10142000000000C004004036627EFE06000000A7F7
:1014300000000000CCD85F7FFDF5673E0200000091
:10144000A800000000D1D8BF078964300F640000F5
:1014500000A7000000001CD95F7FFDF5673E030078
:101460000000A80000000017D9BF0789642E0F5A9A
:101470000000002101000000F705004036627EFEFA
:1014800003000000A7000000001ADA5F7FFDF56787
:101490003E02000000A80000000048DABF0789648F
:1014A0002E0F61000000A70000000074DB5F7FFDCD
:1014B000F5673E02000000A80000000031DBBF0716
:1014C0008964300F5F0000002101000000F0060079
:1014D0004036627EFE03000000A8000000002FDC02
:1014E000BF078964300F03000000A700000000CB95
:1014F000DC5F7FFDF5673E1700000041060000003D
:10150000421F214F130A559250000000A70000000F
:10151000003BDD5F7FFDF5673E02000000A8000094
:10152000000088DDBF0789642E0F590000002101EB
:10153000000000A307004036627EFE02000000BEED
:101540000300000063140701A8C008800300000026
:10155000A700000000B0DE5F7FFDF5673E020000DF
:1015600000A8000000008EDEBF078964300F440031
:1015700000007600001B0176000401010000001B42
:10158000000000A7000000006EDF5F7FFDF5673EF2
:1015900003000000A80000000001DFBF07896430DD
:1015A0000F6000000021010000006008004036626A
:1015B0007EFE05000000A80000000075D0BF07896E
:1015C00064320F03000000A700000000A7D05F7F77
:1015D000FDF5673E62000000A7000000002FD15F0C
:1015E0007FFDF5673E02000000A80000000063D107
:1015F000BF078964380F5B00000021010000009FD5
:1016000009004036627EFE02000000A700000000D4
:101610005BD25F7FFDF5673E03000000A80000007D
:10162000008FD2BF078964380F64000000A7000054
:101630000000DAD35F7FFDF5673E02000000A800DE
:1016400000000060D3BF078964380F5E00000021EE
:1016500001000000FA0A004036627EFE030000002E
:10166000A800000000CCD4BF078964380F02000036
:1016700000A700000000E0D45F7FFDF5673E650035
:101680000000A7000000009BD55F7FFDF5673E03CB
:10169000000000A800000000F2D5BF078964360FE3
:1016A0005B0000002101000000510B004036627E0B
:1016B000FE02000000A70000000008D65F7FFDF5D5
:1016C000673E02000000A800000000DED6BF0789C8
:1016D00064340F0F0000004006000000028170B764
:1016E0007620032855000000A70000000081D75F86
:1016F0007FFDF5673E02000000A800000000EFD764
:10170000BF078964320F5E000000210100000094D1
:101710000C004036627EFE02000000BE03000000A6
:101720001C150701A8C0088003000000A8000000E5
:1017300000CDD8BF078964320F02000000A7000067
:101740000000CCD85F7FFDF5673E63000000A70076
:101750000000001CD95F7FFDF5673E02000000A875
:101760000000000017D9BF0789642E0F5C0000003D
:101770002101000000870D004036627EFE0200005D
:1017800000A7000000001ADA5F7FFDF5673E030046
:101790000000A80000000054DABF0789642C0F6025
:1017A000000000A70000000074DB5F7FFDF5673ECE
:1017B00003000000A800000000BDDBBF0789642A09
:1017C0000F600000002101000000140E004036628E
:1017D0007EFE05000000A800000000A3DCBF078912
:1017E000642A0F02000000A700000000CBDC5F7F2E
:1017F000FDF5673E62000000A7000000003BDD5FD2
:101800007FFDF5673E02000000A800000000B0DD8B
:10181000BF0789642A0F5D0000002101000000A2BB
:101820000F004036627EFE03000000A700000000AB
:10183000B0DE5F7FFDF5673E02000000A8000000FB
:101840000026DEBF0789642C0F61000000A700009E
:1018500000006EDF5F7FFDF5673E02000000A8001C
:10186000000000B5DFBF0789642E0F610000002172
:10187000010000006C00004036627EFE03000000A4
:10188000A800000000C1D0BF0789642C0F0200002F
:1018900000A700000000A7D05F7FFDF5673E630052
:1018A0000000A7000000002FD15F7FFDF5673E0319
:1018B000000000A800000000BBD1BF0789642C0F06
:1018C0005D00000021010000000001004036627E42
:1018D000FE03000000BE0300000001160701A8C0BF
:1018E000088002000000A7000000005BD25F7FFDBF
:1018F000F5673E02000000A80000000057D2BF07B5
:1019000089642C0F420000007600001B0176000461
:1019100001010000001E000000A700000000DAD353
:101920005F7FFDF5673E02000000A800000000B8E0
:10193000D3BF0789642C0F63000000210100000061
:101940008F02004036627EFE05000000A800000005
:101950000008D4BF0789642E0F02000000A7000012
:101960000000E0D45F7FFDF5673E5A000000A7004D
:101970000000009BD55F7FFDF5673E03000000A8D7
:10198000000000007ED5BF0789642C0F62000000B4
:1019900021010000007D03004036627EFE0200004F
:1019A00000A70000000008D65F7FFDF5673E02003B
:1019B0000000A80000000076D6BF078964280F60E9
:1019C000000000A70000000081D75F7FFDF5673EA3
:1019D00003000000A80000000013D7BF078964209F
:1019E0000F630000002101000000C00400403662C7
:1019F0007EFE04000000A80000000076D8BF078922
:101A0000641C0F02000000A700000000CCD85F7F1C
:101A1000FDF5673E5B000000A700000000ADD95F48
:101A20007FFDF9673E03000000A8000000003CD9DC
:101A3000BF078964180F630000002101000000F750
:101A400005004036627EFE04000000A70000000092
:101A5000ABDA5F7FFDF9673E03000000A8000000DD
:101A60000037DABF078964160F5D000000A7000089
:101A70000000C5DB5F7FFDF9673E02000000A800A3
:101A8000000000AEDBBF078964180F5D0000002175
:101A900001000000F006004036627EFE02000000F9
:101AA000BE030000008D170701A8C00880020000D7
:101AB00000A7000000007ADC5F7FFDF9673E0300AD
:101AC0000000A800000000E4DCBF078964160F6076
:101AD000000000A7000000008ADD5F7FFDF9673E7F
:101AE00003000000A800000000CFDDBF07896412DA
:101AF0000F620000002101000000A30700403662D1
:101B00007EFE02000000A700000000C8EE5F7FFD1F
:101B1000F9673E03000000A80000000061DEBF0777
:101B20008964100F5D000000A70000000016EF5F41
:101B30007FFDF9673E02000000A800000000F2DF10
:101B4000BF078964120F61000000210100000060DE
:101B500008004036627EFE04000000A7000000007E
:101B6000F4E09F7FFDF9673E03000000A80000003D
:101B7000009AD0BF078964120F60000000A7000020
:101B800000007CE19F7FFDF9673E02000000A80095
:101B9000000000E0D1BF078964120F62000000213D
:101BA000010000009F09004036627EFE0200000036
:101BB000A70000000008E29F7FFDF9673E030000D8
:101BC00000A8000000000CD2BF078964120F5E005D
:101BD0000000A70000000089E39F7FFDF9673E0237
:101BE000000000A8000000008FD3BF078964180F11
:101BF0005F0000002101000000FA0A004036627E0A
:101C0000FE03000000A80000000007D4BF0789649D
:101C10001E0F03000000A700000000B3E49F7FFD3B
:101C2000F9673E64000000A700000000C8E59F7F40
:101C3000FDF9673E02000000A8000000000ED5BFBD
:101C4000078964240F600000002101000000510B8F
:101C5000004036627EFE02000000BE0300000077F6
:101C6000180701A8C0088002000000A700000000BB
:101C70005BE69F7FFDF9673E03000000A8000000BF
:101C8000006AD6BF0789642A0F4000000076000072
:101C90001B0176000401010000001C000000A700E9
:101CA000000000D2E79F7FFDF9673E02000000A818
:101CB0000000000047D7BF0789642E0F60000000B6
:101CC0002101000000940C004036627EFE050000F9
:101CD00000A80000000065D8BF0789642E0F02002D
:101CE0000000A700000000B4E85F7FFDF9673E5FD9
:101CF000000000A700000000D5E95F7FFDF5673E0A
:101D000002000000A800000000A3D9BF07896430CA
:101D10000F620000002101000000870D00403662C4
:101D20007EFE02000000A700000000D3EA5F7FFDF6
:101D3000F5673E02000000A800000000C4DABF07FB
:101D40008964340F60000000A700000000BDEB5F55
:101D50007FFDF5673E02000000A8000000005DDB8B
:101D6000BF0789643A0F60000000210100000014E1
:101D70000E004036627EFE03000000A80000000056
:101D8000D1DCBF078964400F02000000A7000000FB
:101D90000002EC5F7FFDF5673E61000000A70000D8
:101DA0000000F2ED5F7FFDF5673E03000000A80034
:101DB000000000E6DDBF078964460F6000000021D7
:101DC00001000000A20F004036627EFE020000000B
:101DD000A700000000B0DE5F7FFDF5673E03000056
:101DE00000A80000000000DEBF078964480F5E0005
:101DF0000000A7000000006EDF5F7FFDF5673E0872
:101E0000000000A800000000DBDFBF078964460F68
:101E10005C00000021010000006C00004036627E82
:101E2000FE02000000BE0300000054190701A8C014
:101E3000088002000000A800000000B3D0BF07899E
:101E400064460F03000000A700000000A7D05F7FDA
:101E5000FDF5673E5F000000A7000000002FD15F86
:101E60007FFDF5673E03000000A80000000081D15F
:101E7000BF0789644A0F5F000000210100000000D5
:101E800001004036627EFE02000000A70000000054
:101E90005BD25F7FFDF5673E03000000A8000000F5
:101EA00000E1D2BF078964500F62000000A7000064
:101EB0000000DAD35F7FFDF5673E02000000A80056
:101EC00000000036D3BF078964540F600000002172
:101ED000010000008F02004036627EFE0500000017
:101EE000A700000000E0D45F7FFDF5673E0300001F
:101EF00000A80000000086D4BF078964560F630065
:101F00000000A7000000009BD55F7FFDF5673E0243
:101F1000000000A800000000ECD5BF078964560F40
:101F20005A00000021010000007D03004036627E5F
:101F3000FE02000000A70000000008D65F7FFDF54C
:101F4000673E03000000A800000000DCD6BF078940
:101F500064560F63000000A70000000081D75F7F78
:101F6000FDF5673E02000000A8000000009DD7BFFD
:101F7000078964580F5F0000002101000000C004C1
:101F8000004036627EFE03000000A80000000087CB
:101F9000D8BF0789645C0F02000000A700000000A2
:101FA000D5D81F7FFDF5673E1000000040060000F9
:101FB00000028171B77620032857000000A70000B7
:101FC000000005D91F7FFDF5673E05000000A80051
:101FD000000000B2D9BF078964600F5500000021DE
:101FE00001000000F705004036627EFE020000009E
:101FF000BE030000009F1A0701A8C008800300006C
:1020000000A70000000003DA1F7FFDF5673E020015
:102010000000A800000000F1DABF078964620F44E5
:102020000000007600001B017600040101000000A2
:102030001E000000A7000000006DDB1F7FFDF5679C
:102040003E02000000A8000000003CDBBF078964DE
:10205000620F600000002101000000F00600403621
:10206000627EFE05000000A8000000003EDCBF0705
:102070008964600F02000000A700000000D2DC1F8E
:102080007FFDF5673E62000000A70000000022DD32
:102090001F7FFDF5673E02000000A8000000003130
:1020A000DDBF078964620F5A0000002101000000B3
:1020B000A307004036627EFE02000000A700000079
:1020C00000A9DE1F7FFDF5673E03000000A80000A9
:1020D0000000A7DEBF078964640F65000000A70049
:1020E00000000077DF1F7FFDF5673E02000000A8BB
:1020F000000000007CDFBF0789646A0F5F000000FA
:1021000021010000006008004036627EFE030000EE
:1021100000A8000000002CD0BF0789646E0F0200E9
:102120000000A700000000BED01F7FFDF5673E64E1
:10213000000000A70000000036D11F7FFDF5673EBC
:1021400003000000A800000000E2D1BF078964700E
:102150000F5900000021010000009F090040366275
:102160007EFE02000000A70000000042D21F7FFD9B
:10217000F5673E03000000A8000000000ED2BF0774
:102180008964700F68000000A700000000C3D31F1F
:102190007FFDF5673E02000000A800000000E1D3CB
:1021A000BF078964700F5C0000002101000000FA85
:1021B0000A004036627EFE02000000BE03000000FE
:1021C000E91B0701A8C0088002000000A800000069
:1021D000004DD4BF078964700F02000000A7000003
:1021E0000000F9D41F7FFDF5673E64000000A700E2
:1021F00000000082D51F7FFDF5673E02000000A8A9
:102200000000000027D5BF078964700F5A00000046
:102210002101000000510B004036627EFE020000EA
:1022200000A7000000009BD61F7FFDF1673E030062
:102230000000A8000000000BD6BF078964720F647D
:10224000000000A70000000012D71F7FFDF1673ECD
:1022500003000000A8000000001ED7BF07896472B9
:102260000F5E0000002101000000940C0040366267
:102270007EFE05000000A7000000005FD81F7FFD64
:10228000F1673E02000000A8000000003CD8BF0734
:102290008964720F62000000A7000000008FD91F40
:1022A0007FFDF1673E03000000A8000000004ED94A
:1022B000BF078964720F5A000000210100000087E7
:1022C0000D004036627EFE02000000A70000000004
:1022D00089DA1F7FFDF1673E03000000A8000000BF
:1022E0000011DABF078964720F66000000A70000C2
:1022F0000000E7DB1F7FFDF1673E02000000A80041
:10230000000000DCDBBF078964720F5A0000002167
:1023100001000000140E004036627EFE0300000043
:10232000A800000000C2DCBF078964720F03000030
:1023300000A70000000058DC1F7FFDF1673E63002E
:102340000000A700000000A8DD1F7FFDF1673E032D
:10235000000000A800000000D1DDBF078964720FF3
:102360005D0000002101000000A20F004036627EE7
:10237000FE02000000BE030000006C1C0701A8C0A4
:10238000088003000000A70000000023DE1F7FFD7F
:10239000F1673E02000000A8000000007FDEBF07DA
:1023A0008964700F440000007600001B0176000471
:1023B00001010000001E000000A700000000FDDF7A
:1023C0001F7FFDF1673E02000000A800000000CD65
:1023D000DFBF478964700F5D00000021010000002D
:1023E0006C00004036627EFE05000000A800000080
:1023F000009DD0BF478964740F02000000A7000051
:10240000000034D01F7FFDF1673E5F000000A70091
:10241000000000BCD11F7FFDF1673E03000000A853
:1024200000000000C6D1BF078964760F5E0000007F
:1024300021010000000001004036627EFE02000023
:1024400000A700000000C8D21F7FFDF1673E030017
:102450000000A8000000002AD2BF078964760F653B
:10246000000000A70000000049D31F7FFDF1673E78
:1024700002000000A800000000C5D3BF07896476F1
:102480000F5D00000021010000008F020040366255
:102490007EFE03000000A80000000069D4BF078989
:1024A00064760F02000000A700000000D1C41F7F67
:1024B000FDF1673E61000000A700000000AAC51FF3
:1024C0007FFDF1673E03000000A80000000003D577
:1024D000BF078964760F5E00000021010000007DC7
:1024E00003004036627EFE02000000A700000000EC
:1024F00039C61F7FFDF1673E03000000A800000001
:10250000005AD6BF478964780F68000000A7000012
:102510000000B0C71F7FFDF1673E02000000A80069
:1025200000000077D7BF4789647C0F590000002165
:1025300001000000C004004036627EFE030000007F
:10254000BE03000000D71D0701A8C00880020000DC
:1025500000A700000000FDC81F7FFDF1673E0200DC
:102560000000A8000000002ED8BF478964800F60DB
:10257000000000A7000000002DC91F7FFDF1673E8D
:1025800003000000A80000000040D9BF4789648212
:102590000F5F0000002101000000F70500403662D7
:1025A0007EFE02000000A7000000002BCA1F7FFD76
:1025B000F1673E03000000A8000000001FDABF47DB
:1025C0008964820F65000000A70000000045CB1F52
:1025D0007FFDF1673E02000000A800000000D2DB92
:1025E000BF478964820F5C0000002101000000F0F9
:1025F00006004036627EFE05000000A700000000D5
:10260000FACC1F7FFDF1673E02000000A800000029
:1026100000E8DCBF478964840F5D000000A700006C
:1026200000000ACD1F7FFDF1673E03000000A800F7
:10263000000000B3DDBF478964880F5E0000002101
:1026400001000000A307004036627EFE0300000088
:10265000A70000000081CE1F7FFDF1673E02000051
:1026600000A80000000001DEBF478964880F6700F2
:102670000000A7000000005FCF1F7FFDF1673E0351
:10268000000000A8000000008EDFBF478964880FAB
:102690005C00000021010000006008004036627EFE
:1026A000FE03000000A800000000C7D0BF07896437
:1026B0008A0F02000000A70000000096C01F7FFDE7
:1026C000F1673E1A00000041060000000010214F93
:1026D000130A55924A000000A7000000001EC11F07
:1026E0007FFDF1673E02000000A800000000BDD1A0
:1026F000BF0789648A0F5A00000021010000009F73
:1027000009004036627EFE02000000BE03000000A9
:10271000C81E0701A8C0088002000000A700000032
:10272000006AC21F7FFDF1673E03000000A80000A1
:10273000000069D2BF0789648E0F47000000760051
:10274000001B0176000401010000001E000000A72C
:1027500000000000EBC31F7FFDF1673E0300000097
:10276000A80000000013D3BF478964920F590000EE
:10277000002101000000FA0A004036627EFE0500DA
:102780000000A800000000A3D4BF478964900F0395
:10279000000000A700000000D1C41F7FFDF1673ECC
:1027A0005F000000A700000000AAC51F7FFDF167C1
:1027B0003E02000000A80000000061D5BF47896408
:1027C0008C0F5F0000002101000000510B0040361B
:1027D000627EFE02000000A70000000039C61F7FD5
:1027E000FDF1673E02000000A80000000069D6BFAE
:1027F000478964880F66000000A700000000B0C78A
:102800001F7FFDF1673E02000000A80000000034B9
:10281000D7BF478964840F5C0000002101000000DD
:10282000940C004036627EFE03000000A800000009
:10283000000AD8BF478964860F03000000A7000084
:102840000000FDC81F7FFDF1673E61000000A7008A
:102850000000002DC91F7FFDF1673E02000000A8A7
:102860000000000078D9BF478964860F5F00000030
:102870002101000000870D004036627EFE0200004C
:1028800000A7000000002BCA1F7FFDF1673E020079
:102890000000A8000000003BDABF478964840F0EE7
:1028A0000000004006000000028171B77620032876
:1028B0005A000000A70000000045CB1F7FFDF16714
:1028C0003E03000000A800000000CEDBBF47896483
:1028D000800F5A0000002101000000140E00403655
:1028E000627EFE02000000BE03000000C51F07015B
:1028F000A8C0088002000000A700000000FACC1F5A
:102900007FFDF1673E02000000A8000000006ADCC5
:10291000DF478964840F60000000A7000000000A00
:10292000CD1F7FFDF1673E03000000A800000000FE
:1029300031DDDF478964880F5E000000210100005F
:1029400000A20F004036627EFE02000000A70000D9
:10295000000081CE1F7FFDF1673E03000000A8004C
:10296000000000BBDEDF4789648C0F65000000A714
:10297000000000005FCF1F7FFDF1673E02000000F6
:10298000A800000000A4DFDF478964940F5C00000A
:102990000021010000006C00004036627EFE06004F
:1029A0000000A70000000096C01F7FFDF1673E02F7
:1029B000000000A800000000F4D0DF478964900FF9
:1029C0005F000000A7000000001EC11F7FFDF1672F
:1029D0003E03000000A8000000003AD1DF478964F0
:1029E0008E0F5F0000002101000000000100403652
:1029F000627EFE02000000A7000000006AC21F7F86
:102A0000FDF1673E02000000A800000000EED2DFEA
:102A10004789648A0F65000000A700000000EBC32F
:102A20001F7FFDF1673E02000000A8000000001DAE
:102A3000D3DF478964880F5C00000021010000009B
:102A40008F02004036627EFE03000000A8000000F6
:102A50000089D4DF4789648C0F02000000A70000C2
:102A60000000D1C41F7FFDF1673E65000000A70094
:102A7000000000AAC51F7FFDF1673E02000000A80C
:102A80000000000057D5DF478964920F5C0000000A
:102A900021010000007D03004036627EFE0200003E
:102AA00000BE030000007C100701A8C008800300DE
:102AB0000000A70000000039C61F7FFDF1673E023D
:102AC000000000A80000000043D6DF478964940F8F
:102AD000440000007600001B0176000401010000A4
:102AE000001F000000A700000000B0C71F7FFDF11D
:102AF000673E02000000A80000000056D7DF4789AB
:102B000064940F5C0000002101000000C00400403C
:102B100036627EFE06000000A8000000004CD8DFF0
:102B2000478964900F02000000A700000000FDC864
:102B30001F7FFDF1673E5F000000A7000000002D31
:102B4000C91F7FFDF1673E02000000A800000000E1
:102B50008AD9DF4789648E0F5F00000021010000E1
:102B600000F705004036627EFE02000000A700006C
:102B700000002BCA1F7FFDF1673E02000000A80085
:102B8000000000C9DADF4789648C0F67000000A7E6
:102B90000000000045CB1F7FFDF1673E02000000F2
:102BA000A800000000ACDBDF478964900F5B0000E9
:102BB000002101000000F006004036627EFE0300A6
:102BC0000000A800000000AEDCDF478964920F031C
:102BD000000000A700000000FACC1F7FFDF1673E57
:102BE00061000000A7000000000ACD1F7FFDF16713
:102BF0003E02000000A80000000099DDDF47896464
:102C0000940F5F0000002101000000A30700403680
:102C1000627EFE02000000A700000000FECEDF7E04
:102C2000FDF1673E03000000A8000000000FDEDF9A
:102C3000478964920F67000000A70000000020CFC2
:102C4000DF7EFDF1673E02000000A800000000806A
:102C5000DFDF478964920F5A000000210100000065
:102C60006008004036627EFE03000000BE030000E4
:102C70000008110701A8C0088002000000A700009A
:102C80000000E9C0DF7EFDF1673E02000000A80001
:102C900000000030D0DF478964860F60000000A785
:102CA0000000000061C1DF7EFDF1673E0200000010
:102CB000A80000000031D1DF4789647A0F5F00006F
:102CC0000021010000009F09004036627EFE0200E4
:102CD0000000A70000000015C2DF7EFDF1673E0383
:102CE000000000A800000000ADD2DF478964720F29
:102CF00064000000A70000000094C3DF7EFDF167C0
:102D00003E02000000A8000000009AD3DF4789645B
:102D1000660F5D0000002101000000FA0A00403645
:102D2000627EFE06000000A700000000AEC4DF7E49
:102D3000FDF1673E02000000A8000000000ED4DF95
:102D4000478964620F5F000000A700000000AAC569
:102D50001F7FFDF1673E02000000A8000000007820
:102D6000D5DF478964600F5F00000021010000008B
:102D7000510B004036627EFE02000000A7000000FA
:102D80000039C61F7FFDF1673E03000000A8000068
:102D9000000013D6DF4789645E0F66000000A700BD
:102DA000000000B0C71F7FFDF1673E02000000A8D1
:102DB000000000003ED7DF4789645A0F5B00000027
:102DC0002101000000940C004036627EFE030000EA
:102DD00000A80000000000D8DF478964580F0300F6
:102DE0000000A700000000FDC81F7FFDF1673E63E3
:102DF000000000A7000000002DC91F7FFDF1673E05
:102E000002000000A8000000003AD9DF478964549E
:102E10000F5D0000002101000000870D00403662B8
:102E20007EFE02000000BE0300000067120701A83A
:102E3000C0088002000000A700000000A1CA1F7F98
:102E4000FDF5673E03000000A800000000E9DADF9E
:102E50004789644E0F440000007600001B01760095
:102E60000401010000001E000000A700000000CFC8
:102E7000CB1F7FFDF5673E03000000A800000000A7
:102E800038DBDF4789644C0F5C0000002101000043
:102E900000140E004036627EFE05000000A800000F
:102EA00000004ADCDF478964460F03000000A700EA
:102EB00000000070CC1F7FFDF5673E5F000000A79B
:102EC0000000000099CD5F7FFDF5673E0200000025
:102ED000A800000000E3DDBF478964420F5F0000E7
:102EE000002101000000A20F004036627EFE0200B9
:102EF0000000A70000000012CE5F7FFDF5673E03D3
:102F0000000000A80000000051DEBF478964420FA6
:102F100063000000A700000000CCCF5F7FFDF567D5
:102F20003E02000000A80000000074DFBF47896473
:102F30003C0F6100000021010000006C00004036E1
:102F4000627EFE02000000A80000000038D0BF47EB
:102F500089643A0F03000000A70000000005C05F6D
:102F60007FFDF5673E61000000A7000000008DC1F5
:102F70005F7FFDF5673E02000000A80000000042F0
:102F8000D1BF4789643A0F620000002101000000B0
:102F90000001004036627EFE02000000A700000033
:102FA00000F9C25F7FFDF5673E03000000A8000046
:102FB00000008FD2BF078964380F5C000000A700B3
:102FC00000000078C35F7FFDF5673E05000000A8A4
:102FD0000000000060D3BF078964380F6000000064
:102FE00021010000008F02004036627EFE020000D8
:102FF00000BE0300000094130701A8C0088002006F
:103000000000A80000000098D4BF078964360F03B1
:10301000000000A70000000042C45F7FFDF5673E8E
:103020005F000000A70000000039C55F7FFDF56765
:103030003E02000000A800000000EED5BF07896432
:10304000340F6200000021010000007D03004036C3
:10305000627EFE03000000A70000000011D61F7F63
:10306000FDF5673E02000000A800000000DED6BFAC
:10307000078964340F5B000000A70000000098D7A8
:103080001F7FFDF5673E03000000A800000000EF71
:10309000D7BF078964320F640000002101000000DF
:1030A000C004004036627EFE05000000A80000005B
:1030B00000E9D8BF078964340F05000000A70000AD
:1030C0000000D5D81F7FFDF5673E5B000000A7001C
:1030D00000000005D91F7FFDF5673E02000000A833
:1030E00000000000BFD9BF078964320F63000000F1
:1030F0002101000000F705004036627EFE0200005C
:1031000000A7000000001ADA5F7FFDF5673E0200AD
:103110000000A800000000FCDABF078964300F5DE2
:10312000000000A70000000074DB5F7FFDF5673E34
:1031300002000000A80000000099DBBF0789642C92
:103140000F650000002101000000F006004036621B
:103150007EFE02000000A800000000F7DCBF078927
:1031600064240F03000000A700000000CBDC5F7F99
:10317000FDF5673E1200000040060000000281716C
:10318000B7762003284D000000A7000000003BDDBB
:103190005F7FFDF5673E02000000A8000000008789
:1031A000DDBF0789641E0F5B0000002101000000E5
:1031B000A307004036627EFE03000000BE0300004D
:1031C0000063140701A8C0088003000000A70000E6
:1031D0000000B0DE5F7FFDF5673E02000000A80042
:1031E00000000029DEBF0789641C0F440000007640
:1031F00000001B0176000401010000001C0000001B
:10320000A7000000006EDF5F7FFDF5673E02000053
:1032100000A80000000082DFBF0789641A0F620067
:10322000000021010000006008004036627EFE07B9
:10323000000000A800000000EAD0BF0789641A0F50
:1032400005000000A700000000A7D05F7FFDF56724
:103250003E58000000A7000000002FD15F7FFDF561
:10326000673E02000000A800000000F3D1BF0789FC
:1032700064200F5F00000021010000009F09004052
:1032800036627EFE02000000A7000000005BD25FF5
:103290007FFDF5673E03000000A8000000001FD27C
:1032A000BF078964200F61000000A700000000DA5A
:1032B000D35F7FFDF5673E02000000A8000000001C
:1032C000ABD3BF0789641E0F64000000210100001A
:1032D00000FA0A004036627EFE04000000A80000EA
:1032E000000007D4BF0789641E0F05000000A70077
:1032F000000000E0D45F7FFDF5673E5A000000A7A4
:10330000000000009BD55F7FFDF5673E03000000D5
:10331000A80000000049D5BF078964180F5E0000AF
:10332000002101000000510B004036627EFE0200C9
:103330000000A70000000008D65F7FFDF5673E0390
:10334000000000A8000000002DD6BF078964160FFA
:1033500063000000A70000000030D75F7FFDF96721
:103360003E03000000A80000000024D7BF078964C6
:10337000140F610000002101000000940C00403691
:10338000627EFE03000000BE030000001C15070162
:10339000A8C0088002000000A7000000007DD85FE0
:1033A0007FFDF9673E05000000A8000000003ED840
:1033B000BF078964100F5A000000A700000000AD8D
:1033C000D95F7FFDF9673E02000000A80000000001
:1033D00074D9BF078964140F5E000000210100004A
:1033E00000870D004036627EFE02000000A700004C
:1033F0000000ABDA5F7FFDF9673E03000000A80024
:1034000000000063DABF078964180F61000000A79D
:1034100000000000C5DB5F7FFDF9673E0200000091
:10342000A800000000B2DBBF0789641A0F6100002A
:10343000002101000000140E004036627EFE0700ED
:103440000000A7000000007ADC5F7FFDF9673E0600
:10345000000000A80000000088DCBF0789641C0F82
:103460005A000000A7000000008ADD5F7FFDF967B9
:103470003E02000000A8000000009BDDBF07896439
:103480001C0F5E0000002101000000A20F0040366A
:10349000627EFE03000000A700000000B0DE5F7F38
:1034A000FDF5673E02000000A80000000029DEBF15
:1034B0000789641C0F63000000A7000000006EDF96
:1034C0005F7FFDF5673E03000000A800000000825A
:1034D000DFBF0789641A0F5D0000002101000000B2
:1034E0006C00004036627EFE04000000A800000070
:1034F00000CED0BF0789641C0F03000000A70000A6
:103500000000A7D05F7FFDF5673E65000000A700C3
:103510000000002FD15F7FFDF5673E04000000A88A
:1035200000000000A8D1BF0789641E0F5B000000E7
:1035300021010000000001004036627EFE02000012
:1035400000BE0300000001160701A8C008800200A9
:103550000000A7000000005BD25F7FFDF5673E061C
:10356000000000A80000000003D2BF078964220FFA
:10357000400000007600001B0176000401010000FD
:10358000001F000000A700000000DAD35F7FFDF5F8
:10359000673E05000000A800000000D4D3BF0789E3
:1035A00064260F5800000021010000008F02004037
:1035B00036627EFE06000000A80000000078D4BF3E
:1035C000078964260F02000000A700000000E0D475
:1035D0005F7FFDF5673E62000000A7000000009BD2
:1035E000D55F7FFDF5673E02000000A800000000E7
:1035F00012D5BF078964260F5D000000210100007D
:10360000007D03004036627EFE03000000A700003C
:10361000000008D65F7FFDF5673E02000000A800AD
:1036200000000022D6BF078964260F65000000A7AE
:103630000000000081D75F7FFDF5673E05000000B8
:10364000A80000000063D7BF078964280F58000056
:10365000002101000000C004004036627EFE03002D
:103660000000A80000000079D8BF0789642C0F0370
:10367000000000A700000000CCD85F7FFDF5673E8A
:1036800065000000A7000000001CD95F7FFDF56702
:103690003E04000000A800000000A3D9BF07896411
:1036A000300F590000002101000000F705004036EE
:1036B000627EFE02000000A800000000E0DABF0702
:1036C0008964320F05000000A7000000001ADA5FCD
:1036D0007FFDF5673E60000000A70000000074DB7E
:1036E0005F7FFDF5673E03000000A8000000002D8D
:1036F000DBBF078964320F5D00000021010000007C
:10370000F006004036627EFE03000000BE030000AB
:10371000008D170701A8C0088002000000A7000064
:103720000000CBDC5F7FFDF5673E03000000A800D2
:103730000000002FDCBF078964300F63000000A782
:10374000000000003BDD5F7FFDF5673E05000000E7
:10375000A80000000088DDBF0789642E0F58000014
:10376000002101000000A307004036627EFE030036
:103770000000A700000000B0DE5F7FFDF5673E029D
:10378000000000A80000000026DEBF0789642C0F9F
:1037900061000000A7000000006EDF5F7FFDF5679D
:1037A0003E03000000A8000000008DDFBF07896411
:1037B0002A0F600000002101000000600800403670
:1037C000627EFE06000000A700000000A7D05F7F19
:1037D000FDF5673E02000000A800000000F9D0BF20
:1037E000078964280F63000000A7000000002FD1A4
:1037F0005F7FFDF5673E04000000A800000000CBDD
:10380000D1BF078964240F59000000210100000086
:103810009F09004036627EFE02000000A700000003
:10382000005BD25F7FFDF5673E03000000A800004B
:10383000000044D2BF0789641E0F61000000A7008A
:10384000000000DAD35F7FFDF5673E03000000A8AB
:1038500000000000B7D3BF0789641C0F5E000000A2
:103860002101000000FA0A004036627EFE030000DB
:1038700000A8000000003FD4BF0789641A0F0300AE
:103880000000A700000000E0D45F7FFDF5673E1553
:1038900000000041060000006411214F130A5592F8
:1038A00055000000A7000000009BD55F7FFDF56775
:1038B0003E02000000A80000000049D5BF0789644F
:1038C000180F570000002101000000510B00403686
:1038D000627EFE02000000BE0300000077180701B0
:1038E000A8C0088003000000A70000000008D65F01
:1038F0007FFDF5673E02000000A80000000041D6F1
:10390000BF0789641C0F430000007600001B01768E
:10391000000401010000001C000000A700000000DE
:1039200081D75F7FFDF5673E02000000A800000020
:103930000070D7BF0789641A0F60000000210100E2
:103940000000940C004036627EFE06000000A800D5
:103950000000004ED8BF078964180F02000000A7BE
:10396000000000007DD85F7FFDF9673E6200000027
:10397000A700000000ADD95F7FFDF9673E0400009D
:1039800000A80000000068D9BF078964160F59001D
:1039900000002101000000870D004036627EFE031A
:1039A000000000A700000000ABDA5F7FFDF9673E72
:1039B00002000000A8000000002BDABF0789641491
:1039C0000F62000000A700000000C5DB5F7FFDF96B
:1039D000673E03000000A800000000E6DBBF078987
:1039E00064140F5F0000002101000000140E00406D
:1039F00036627EFE03000000A800000000B0DCBFBD
:103A0000078964180F03000000A7000000007ADC9B
:103A10005F7FFDF9673E62000000A7000000008A9A
:103A2000DD5F7FFDF9673E03000000A80000000095
:103A3000A3DDBF078964180F5C00000021010000AE
:103A400000A20F004036627EFE03000000A70000C7
:103A5000000001DE5F7FFDF9673E02000000A80064
:103A600000000096DE9F0789641A0F0D00000040D9
:103A700006000000028171B9762003385900000069
:103A8000A700000000DFDF5F7FFDF9673E04000054
:103A900000A8000000003DDF9F0789641C0F5F0045
:103AA000000021010000006C00004036627EFE0331
:103AB000000000BE0300000054190701A8C00880E0
:103AC00004000000A70000000016D05F7FFDF9672A
:103AD0003E02000000A80000000055D09F07896446
:103AE0001C0F59000000A7000000009ED15F7FFD61
:103AF000F9673E02000000A80000000068D19F079F
:103B00008964200F62000000210100000000010014
:103B10004036627EFE02000000A700000000EAD2EC
:103B20005F7FFDF9673E02000000A800000000DF93
:103B3000D29F0789641E0F61000000A700000000EB
:103B40006BD35F7FFDF9673E02000000A800000014
:103B500000ABD3BF0789641E0F6300000021010082
:103B600000008F02004036627EFE05000000A800C3
:103B700000000007D4BF0789641E0F02000000A7E1
:103B80000000000051D45F7FFDF9673E5B0000003C
:103B9000A7000000002AD55F7FFDF9673E03000003
:103BA00000A8000000006DD5BF0789641E0F6200E9
:103BB000000021010000007D03004036627EFE020D
:103BC000000000A700000000B9D65F7FFDF9673E46
:103BD00004000000A8000000005DD6BF0789641E35
:103BE0000F5E000000A70000000030D75F7FFDF9E6
:103BF000673E02000000A80000000054D7BF0789FC
:103C0000641C0F630000002101000000C00400409C
:103C100036627EFE05000000A80000000052D8BFFA
:103C20000789641A0F02000000A700000000B4E832
:103C30005F7FFDF9673E5D000000A70000000064A3
:103C4000E95F7FFDF9673E02000000A80000000068
:103C50003CD9BF078964180F6000000021010000F3
:103C600000F705004036627EFE03000000BE030040
:103C700000009F1A0701A8C0088004000000A700E8
:103C800000000062EA5F7FFDF9673E02000000A8C5
:103C9000000000002BDABF078964140F3E0000000B
:103CA0007600001B0176000401010000001C0000EA
:103CB00000A7000000000CEB5F7FFDF9673E0300EA
:103CC0000000A800000000B2DBBF0789641A0F5F84
:103CD0000000002101000000F006004036627EFE78
:103CE00005000000A80000000094DCBF0789641EE6
:103CF0000F05000000A700000000B3EC5F7FFDF996
:103D0000673E5C000000A70000000043ED5F7FFD00
:103D1000F9673E03000000A800000000C0DDBF07F7
:103D20008964220F620000002101000000A3070047
:103D30004036627EFE02000000A700000000C8EED0
:103D40005F7FFDF9673E05000000A8000000004A03
:103D5000DEBF078964260F5E000000A70000000098
:103D600016EF5F7FFDF9673E02000000A80000002B
:103D7000008DDFBF0789642A0F5E0000002101006B
:103D800000006008004036627EFE03000000A800CC
:103D9000000000C1D0BF0789642C0F02000000A7FB
:103DA00000000000DFE05F7FFDF9673E6200000079
:103DB000A700000000E6E15F7FFDF5673E0200001E
:103DC00000A800000000BBD1BF0789642C0F62006F
:103DD000000021010000009F09004036627EFE03C2
:103DE000000000A7000000005BD25F7FFDF5673E8A
:103DF00004000000A800000000FFD2BF0789643063
:103E00000F5F000000A700000000DAD35F7FFDF520
:103E1000673E05000000A80000000010D3BF07891E
:103E200064300F5A0000002101000000FA0A00402F
:103E300036627EFE02000000BE03000000E91B07A0
:103E400001A8C0088002000000A700000000E0D424
:103E50005F7FFDF5673E03000000A800000000BC86
:103E6000D4BF078964300F60000000A70000000085
:103E70009BD55F7FFDF5673E02000000A8000000B3
:103E800000D6D5BF078964300F6200000021010011
:103E90000000510B004036627EFE02000000A700C9
:103EA00000000008D65F7FFDF5673E05000000A812
:103EB0000000000052D6BF0789642E0F5C0000008E
:103EC000A70000000081D75F7FFDF5673E0200007C
:103ED00000A8000000007FD7BF0789642A0F5F0099
:103EE00000002101000000940C004036627EFE06B6
:103EF000000000A700000000CCD85F7FFDF5673E02
:103F000005000000A80000000041D8BF0789642810
:103F10000F5D000000A7000000001CD95F7FFDF5C9
:103F2000673E02000000A80000000033D9BF0789E7
:103F300064280F620000002101000000870D00408E
:103F400036627EFE02000000A7000000001ADA5F61
:103F50007FFDF5673E05000000A8000000006CDA58
:103F6000BF078964280F5C000000A70000000074F0
:103F7000DB5F7FFDF5673E03000000A80000000046
:103F800099DBBF0789642C0F5E000000210100004F
:103F900000140E004036627EFE03000000A8000000
:103FA000000087DCBF0789642C0F03000000A70016
:103FB000000000CBDC5F7FFDF5673E64000000A7DA
:103FC000000000003BDD5F7FFDF5673E050000005F
:103FD000A800000000B0DDBF0789642A0F5A000066
:103FE000002101000000A20F004036627EFE0300A7
:103FF0000000BE030000006C1C0701A8C00880027E
:10400000000000A700000000B0DE5F7FFDF5673E06
:1040100005000000A80000000002DEBF0789642A36
:104020000F400000007600001B0176000401010033
:1040300000001C000000A7000000006EDF5F7FFD95
:10404000F5673E03000000A8000000008DDFBF07F9
:1040500089642A0F6100000021010000006C00004B
:104060004036627EFE08000000A700000000A7D0D6
:104070005F7FFDF5673E02000000A800000000E53C
:10408000D0BF0789642A0F62000000A7000000006B
:104090002FD15F7FFDF5673E02000000A800000001
:1040A000009FD1BF0789642A0F570000002101003B
:1040B00000000001004036627EFE03000000A70001
:1040C0000000005BD25F7FFDF5673E02000000A8A4
:1040D000000000006FD2BF078964280F6500000050
:1040E000A700000000DAD35F7FFDF5673E05000002
:1040F00000A800000000D4D3BF078964260F5C002D
:10410000000021010000008F02004036627EFE03A5
:10411000000000A80000000078D4BF078964260FC3
:1041200004000000A700000000E0D45F7FFDF567F9
:104130003E65000000A7000000009BD55F7FFDF5F5
:10414000673E02000000A80000000012D5BF0789EA
:1041500064260F5700000021010000007D0300408D
:1041600036627EFE03000000A70000000008D65F54
:104170007FFDF5673E02000000A80000000076D633
:10418000BF078964280F6A000000A70000000081B3
:10419000D75F7FFDF5673E02000000A80000000029
:1041A0007FD7BF0789642A0F590000002101000052
:1041B00000C004004036627EFE02000000BE030024
:1041C0000000D71D0701A8C0088003000000A70059
:1041D000000000CCD85F7FFDF5673E05000000A819
:1041E0000000000079D8BF0789642C0F630000002D
:1041F000A7000000001CD95F7FFDF5673E030000AB
:1042000000A8000000000BD9BF0789642C0F5700DD
:1042100000002101000000F705004036627EFE022A
:10422000000000A7000000001ADA5F7FFDF5673E7E
:1042300002000000A80000000054DABF0789642CC7
:104240000F65000000A70000000074DB5F7FFDF534
:10425000673E05000000A80000000099DBBF078949
:10426000642C0F5A0000002101000000F0060040FD
:1042700036627EFE05000000A700000000CBDC5F78
:104280007FFDF5673E05000000A80000000087DC08
:10429000BF0789642C0F5C000000A7000000003BF2
:1042A000DD5F7FFDF5673E03000000A80000000011
:1042B00094DDBF0789642C0F5F000000210100001E
:1042C00000A307004036627EFE02000000A7000047
:1042D0000000B0DE5F7FFDF5673E02000000A80031
:1042E00000000026DEBF0789642C0F66000000A7CF
:1042F000000000006EDF5F7FFDF5673E04000000F8
:10430000A8000000008DDFBF0789642A0F59000054
:104310000021010000006008004036627EFE0400BB
:104320000000A800000000C1D0BF0789642C0F0264
:10433000000000A700000000A7D05F7FFDF5673EEA
:10434000150000004006000000028171B9762003CC
:10435000384F000000A7000000002FD15F7FFDF55F
:10436000673E05000000A800000000BBD1BF078920
:10437000642C0F5A00000021010000009F0900403A
:1043800036627EFE02000000BE03000000C81E0769
:1043900001A8C0088003000000A7000000005BD255
:1043A0005F7FFDF5673E04000000A8000000004BA1
:1043B000D2BF0789642E0F420000007600001B0167
:1043C00076000401010000001F000000A7000000AB
:1043D00000DAD35F7FFDF5673E05000000A800000E
:1043E00000000CD3BF078964320F5900000021017F
:1043F000000000FA0A004036627EFE05000000A8B8
:1044000000000000A0D4BF078964320F050000003F
:10441000A700000000E0D45F7FFDF5673E5D00006F
:1044200000A7000000009BD55F7FFDF5673E0200FE
:104430000000A800000000CAD5BF078964320F5FE2
:104440000000002101000000510B004036627EFE9A
:1044500002000000A70000000008D65F7FFDF5679E
:104460003E02000000A800000000FAD6BF078964E1
:10447000320F68000000A70000000081D75F7FFDB9
:10448000F5673E03000000A800000000CBD7BF077F
:104490008964340F590000002101000000940C00D1
:1044A0004036627EFE04000000A800000000CDD867
:1044B000BF078964320F04000000A700000000CC91
:1044C000D85F7FFDF5673E5F000000A70000000099
:1044D0001CD95F7FFDF5673E02000000A8000000C8
:1044E000009BD9BF078964340F5F000000210100E1
:1044F0000000870D004036627EFE02000000A7002B
:104500000000001ADA5F7FFDF5673E03000000A897
:1045100000000000C4DABF078964340F690000009E
:10452000A70000000074DB5F7FFDF5673E0300001D
:1045300000A80000000009DBBF078964340F5900A0
:1045400000002101000000140E004036627EFE03D0
:10455000000000BE03000000C51F0701A8C00880BE
:1045600005000000A700000000CBDC5F7FFDF567C1
:104570003E02000000A8000000000BDCBF078964B9
:10458000360F5D000000A7000000003BDD5F7FFDEF
:10459000F5673E05000000A8000000004CDDBF07E5
:1045A0008964380F5D0000002101000000A20F00A7
:1045B0004036627EFE02000000A700000000B0DE70
:1045C0005F7FFDF5673E05000000A800000000E2E7
:1045D000DEBF0789643A0F63000000A700000000F7
:1045E0006EDF5F7FFDF5673E02000000A80000005F
:1045F0000055DFBF0789643E0F5C00000021010009
:1046000000006C00004036627EFE07000000A7003C
:10461000000000A7D05F7FFDF5673E03000000A803
:1046200000000000AFD0BF078964440F5C000000A9
:10463000A7000000002FD15F7FFDF5673E05000059
:1046400000A800000000C9D1BF078964460F5C00C4
:10465000000021010000000001004036627EFE03E0
:10466000000000A7000000005BD25F7FFDF5673E01
:1046700005000000A80000000025D2BF078964469D
:104680000F62000000A700000000DAD35F7FFDF595
:10469000673E03000000A8000000009ED3BF07890A
:1046A00064480F5C00000021010000008F02004000
:1046B00036627EFE05000000A700000000E0D45F27
:1046C0007FFDF5673E02000000A8000000000AD44C
:1046D000BF0789644C0F62000000A7000000009B28
:1046E000D55F7FFDF5673E05000000A800000000D3
:1046F0007CD5BF0789644E0F6000000021010000D7
:10470000007D03004036627EFE03000000A700002B
:10471000000008D65F7FFDF5673E02000000A8009C
:10472000000000C0D6BF078964540F02000000BE1D
:10473000030000007C100701A8C008803C000000B6
:104740007600001B0176000401010000001D00003E
:1047500000A70000000081D75F7FFDF5673E0500E0
:104760000000A800000000C9D7BF078964560F5E8B
:104770000000002101000000C004004036627EFEFF
:1047800007000000A700000000CCD85F7FFDF567A0
:104790003E02000000A800000000EBD8BF078964BB
:1047A000560F60000000A7000000001CD95F7FFDCD
:1047B000F5673E02000000A800000000CDD9BF0749
:1047C0008964580F620000002101000000F7050015
:1047D0004036627EFE02000000A7000000001ADAE8
:1047E0005F7FFDF5673E03000000A8000000008E1B
:1047F000DABF0789645A0F5A000000A700000000C2
:1048000074DB5F7FFDF5673E05000000A800000037
:10481000007BDBBF0789645E0F60000000210100A0
:104820000000F006004036627EFE04000000A80092
:1048300000000022DCBF078964620F02000000A7AD
:1048400000000000CBDC5F7FFDF5673E62000000EA
:10485000A70000000022DD1F7FFDF5673E0200007B
:1048600000A80000000031DDBF078964620F62000C
:1048700000002101000000A307004036627EFE0216
:10488000000000A700000000A9DE1F7FFDF5673EC5
:1048900003000000A800000000A7DEBF07896464D1
:1048A0000F5F000000A70000000077DF1F7FFDF50D
:1048B000673E02000000A80000000028DFBF078953
:1048C00064640F61000000210100000060080040E6
:1048D00036627EFE02000000A80000000040D0BF4B
:1048E000078964640F02000000A700000000BED02A
:1048F0001F7FFDF5673E05000000BE0300000008B5
:10490000110701A8C008805C000000A7000000009B
:1049100036D11F7FFDF5673E02000000A8000000B1
:10492000001ED1BF078964620F62000000210100F0
:1049300000009F09004036627EFE02000000A700D2
:1049400000000042D21F7FFDF5673E03000000A873
:1049500000000000EED2BF078964600F5A0000001B
:10496000A70000000049D31F7FFDF1673E0500004E
:1049700000A8000000005AD3BF0789645E0F6300DF
:1049800000002101000000FA0A004036627EFE03AA
:10499000000000A800000000EAD4BF0789645C0F93
:1049A00002000000A70000000073D41F7FFDF16724
:1049B0003E60000000A70000000008D51F7FFDF149
:1049C000673E02000000A800000000A4D5BF0789D0
:1049D000645A0F620000002101000000510B0040EA
:1049E00036627EFE03000000A7000000009BD61F79
:1049F0007FFDF1673E02000000A80000000094D691
:104A0000BF0789645A0F5A000000A7000000001277
:104A1000D71F7FFDF1673E05000000A800000000E1
:104A200081D7BF0789645A0F64000000210100008C
:104A300000940C004036627EFE02000000A70000D9
:104A400000005FD81F7FFDF1673E02000000A80054
:104A500000000087D8BF0789645C0F160000004182
:104A600006000000C812214F130A559248000000AA
:104A7000A7000000008FD91F7FFDF1673E050000F1
:104A800000A800000000F5D9BF0789645C0F590039
:104A900000002101000000870D004036627EFE0309
:104AA000000000BE0300000067120701A8C00880D4
:104AB00004000000A70000000089DA1F7FFDF167F5
:104AC0003E02000000A8000000008EDABF078964E3
:104AD0005A0F420000007600001B0176000401011D
:104AE0000000001C000000A7000000006DDB1F7F1D
:104AF000FDF5673E05000000A8000000005FDBBF79
:104B0000078964580F630000002101000000140EA3
:104B1000004036627EFE02000000A8000000004156
:104B2000DCBF078964580F02000000A700000000E6
:104B3000D2DC1F7FFDF5673E5C000000A70000008F
:104B40000022DD1F7FFDF5673E05000000A8000084
:104B500000006ADDBF0789645C0F5C000000210172
:104B6000000000A20F004036627EFE02000000A797
:104B700000000000A9DE1F7FFDF5673E0500000074
:104B8000A800000000C4DEBF0789645E0F63000058
:104B900000A70000000077DF1F7FFDF5673E0200E1
:104BA0000000A8000000004BDFBF0789645E0F62B1
:104BB00000000021010000006C00004036627EFE13
:104BC00003000000A700000000BED01F7FFDF567B6
:104BD0003E02000000A8000000003FD0BF0789642B
:104BE0005C0F5F000000A70000000036D11F7FFDB2
:104BF000F5673E02000000A80000000061D1BF0779
:104C000089645A0F5D0000002101000000000100CE
:104C10004036627EFE05000000A70000000042D280
:104C20001F7FFDF5673E02000000A8000000009114
:104C3000D2BF078964580F12000000400600000030
:104C4000028171B97620033852000000A7000000ED
:104C500000C3D31F7FFDF5673E02000000A80000DF
:104C6000000062D3BF0789645A0F61000000210170
:104C70000000008F02004036627EFE02000000BE8F
:104C80000300000094130701A8C008800200000080
:104C9000A700000000F9D41F7FFDF5673E02000069
:104CA00000A800000000F6D4BF0789645E0F5D0015
:104CB0000000A70000000082D51F7FFDF5673E03BE
:104CC000000000A80000000080D5BF0789645C0FC9
:104CD0005C00000021010000007D03004036627E80
:104CE000FE04000000A70000000011D61F7FFDF5A4
:104CF000673E03000000A800000000DCD6BF078963
:104D000064560F5E000000A70000000098D71F7FC8
:104D1000FDF5673E05000000A800000000F1D7BFC8
:104D2000078964520F640000002101000000C004E4
:104D3000004036627EFE02000000A8000000007BFA
:104D4000D8BF0789644E0F02000000A700000000D2
:104D5000D5D81F7FFDF5673E5F000000A70000006B
:104D60000005D91F7FFDF5673E02000000A8000086
:104D70000000BDD9BF078964500F5D00000021010C
:104D8000000000F705004036627EFE05000000A727
:104D90000000000003DA1F7FFDF5673E02000000FF
:104DA000A800000000DADABF078964540F61000030
:104DB00000A7000000006DDB1F7FFDF5673E0300CC
:104DC0000000A8000000000BDBBF078964560F62DB
:104DD0000000002101000000F006004036627EFE67
:104DE00002000000A700000000D2DC1F7FFDF56775
:104DF0003E03000000A80000000009DCBF07896432
:104E0000540F5F000000A70000000022DD1F7FFD9F
:104E1000F5673E05000000A8000000001ADDBF078E
:104E20008964540F590000002101000000A307000D
:104E30004036627EFE02000000BE030000006314E4
:104E40000701A8C0088005000000A700000000A915
:104E5000DE1F7FFDF5673E03000000A80000000094
:104E6000A8DEBF078964540F410000007600001BD4
:104E70000176000401010000001E000000A70000F0
:104E8000000077DF1F7FFDF5673E03000000A800EC
:104E90000000003BDFBF078964560F62000000215D
:104EA000010000006008004036627EFE0300000042
:104EB000A80000000007D0BF078964580F02000057
:104EC00000A700000000BED01F7FFDF5673E5F0019
:104ED0000000A70000000036D11F7FFDF5673E02ED
:104EE000000000A8000000007DD1BF078964580FB2
:104EF0005C00000021010000009F09004036627E36
:104F0000FE02000000A70000000042D21F7FFDF556
:104F1000673E05000000A80000000091D2BF07898D
:104F200064580F62000000A700000000C3D31F7F79
:104F3000FDF5673E03000000A8000000002AD3BF73
:104F4000078964560F620000002101000000FA0A80
:104F5000004036627EFE02000000A700000000F95B
:104F6000D41F7FFDF5673E03000000A8000000008D
:104F700086D4BF078964560F5F000000A7000000B9
:104F80000082D51F7FFDF5673E02000000A80000EB
:104F90000000ECD5BF078964560F5C0000002101BA
:104FA000000000510B004036627EFE05000000A7A5
:104FB0000000000011D61F7FFDF5673E02000000D3
:104FC000A80000000088D6BF078964580F6200005F
:104FD00000A70000000081D75F7FFDF5673E050058
:104FE0000000A80000000081D7BF0789645A0F5C49
:104FF0000000002101000000940C004036627EFE9B
:1050000005000000BE030000001C150701A8C00831
:105010008002000000A700000000CCD85F7FFDF5F3
:10502000673E03000000A800000000BFD8BF07894A
:1050300064580F5E000000A7000000001CD95F7FCD
:10504000FDF5673E02000000A800000000CDD9BFBA
:10505000078964580F5D0000002101000000870DE2
:10506000004036627EFE05000000A700000000033D
:10507000DA1F7FFDF5673E02000000A80000000077
:105080008EDABF0789645A0F61000000A700000094
:1050900000E7DB1F7FFDF1673E02000000A8000073
:1050A00000007BDBBF0789645E0F5E00000021010A
:1050B000000000140E004036627EFE05000000A7CE
:1050C0000000000058DC1F7FFDF1673E0200000079
:1050D000A80000000022DCBF078964620F600000A6
:1050E00000A700000000A8DD1F7FFDF1673E05005E
:1050F0000000A80000000015DDBF078964640F6090
:105100000000002101000000A20F004036627EFE78
:1051100002000000A70000000023DE1F7FFDF167F2
:105120003E03000000A800000000A7DEBF0789645E
:10513000640F61000000A700000000FDDF1F7FFD7D
:10514000F1673E03000000A80000000010DFBF0769
:105150008964600F5A00000021010000006C00000B
:105160004036627EFE05000000A70000000034D03B
:105170001F7FFDF1673E02000000A80000000078DC
:10518000D0BF078964600F61000000A70000000025
:10519000BCD11F7FFDF1673E07000000A8000000A2
:1051A0000059D1BF0789645E0F5E00000021010035
:1051B00000000001004036627EFE02000000A700F1
:1051C000000000C8D21F7FFDF1673E02000000A86A
:1051D00000000000EED2BF078964600F03000000EA
:1051E000BE0300000001160701A8C00880450000AA
:1051F000007600001B0176000401010000001B0086
:105200000000A70000000049D31F7FFDF1673E02A8
:10521000000000A8000000001DD3BF078964620FD2
:105220005A00000021010000008F02004036627E1B
:10523000FE05000000A700000000F9D41F7FFDF567
:10524000673E02000000A800000000B1D4BF07893B
:1052500064620F61000000A70000000082D51F7F7C
:10526000FDF5673E04000000A800000000C7D5BFA0
:10527000078964600F6100000021010000007D03C8
:10528000004036627EFE02000000A7000000001110
:10529000D61F7FFDF5673E03000000A80000000058
:1052A000F7D6BF078964600F62000000A700000006
:1052B0000098D71F7FFDF5673E02000000A80000A0
:1052C0000000FED7BF078964620F5B000000210168
:1052D000000000C004004036627EFE05000000A70A
:1052E00000000000FDC81F7FFDF1673E02000000C6
:1052F000A800000000F8D8BF078964640F630000AD
:1053000000A7000000002DC91F7FFDF1673E0200CD
:105310000000A8000000008AD9BF078964640F60FC
:105320000000002101000000F705004036627EFE0B
:1053300002000000A700000000A1CA1F7FFDF56762
:105340003E02000000A800000000EDDABF078964FB
:10535000600F65000000A700000000CFCB1F7FFD9D
:10536000F5673E02000000A80000000067DBBF07F1
:1053700089645C0F580000002101000000F0060065
:105380004036627EFE05000000BE030000008D175F
:105390000701A8C0088002000000A70000000070FC
:1053A000CC1F7FFDF5673E02000000A80000000052
:1053B00015DCBF078964560F62000000A7000000DB
:1053C0000080CD1F7FFDF5673E02000000A80000B1
:1053D00000003EDDBF078964520F6000000021011C
:1053E000000000A307004036627EFE02000000A716
:1053F000000000000BCE1F7FFDF5673E030000009C
:10540000A8000000008CDEBF078964520F61000015
:1054100000A700000000D5CF1F7FFDF5673E030009
:105420000000A80000000003DFBF078964520F5A84
:1054300000000021010000006008004036627EFE8E
:1054400005000000A700000000BED01F7FFDF5672B
:105450003E02000000A80000000077D0BF0789646A
:10546000500F65000000A70000000036D11F7FFD2F
:10547000F5673E02000000A800000000A5D1BF07AC
:1054800089644C0F5B00000021010000009F0900AF
:105490004036627EFE05000000A70000000042D2F8
:1054A0001F7FFDF5673E02000000A8000000006DB0
:1054B000D2BF0789644A0F61000000A70000000006
:1054C000C3D31F7FFDF5673E02000000A800000067
:1054D0000082D3BF0789644A0F5D000000210100EC
:1054E0000000FA0A004036627EFE05000000A700B8
:1054F000000000F9D41F7FFDF5673E02000000A800
:10550000000000002ED4BF0789644A0F0F0000007E
:105510004006000000028271B9762003385800006E
:1055200000A70000000082D51F7FFDF5673E020046
:105530000000A80000000060D5BF0789644C0F5828
:105540000000002101000000510B004036627EFE89
:1055500004000000A70000000011D61F7FFDF567C2
:105560003E03000000A80000000074D6BF07896455
:105570004A0F02000000BE0300000077180701A8D0
:10558000C00880420000007600001B017600040184
:10559000010000001E000000A70000000098D71FB7
:1055A0007FFDF5673E02000000A80000000061D703
:1055B000BF0789644A0F5E000000210100000094CB
:1055C0000C004036627EFE07000000A700000000CD
:1055D000D5D81F7FFDF5673E02000000A80000003F
:1055E000005FD8BF078964480F61000000A7000072
:1055F000000005D91F7FFDF5673E02000000A800EE
:1056000000000079D9BF078964460F5B00000021C4
:1056100001000000870D004036627EFE050000009C
:10562000A70000000003DA1F7FFDF5673E020000BF
:1056300000A80000000026DABF078964460F620058
:105640000000A7000000006DDB1F7FFDF5673E0234
:10565000000000A800000000EBDBBF078964460FD4
:10566000600000002101000000140E004036627E40
:10567000FE03000000A800000000E9DCBF07896409
:10568000440F02000000A700000000D2DC1F7FFDD5
:10569000F5673E63000000A70000000022DD1F7FC9
:1056A000FDF5673E03000000A800000000DEDDBF3E
:1056B000078964420F5D0000002101000000A20F75
:1056C000004036627EFE03000000A700000000A933
:1056D000DE1F7FFDF5673E02000000A8000000000D
:1056E000E2DEBF0789643A0F61000000A7000000F6
:1056F000006EDF5F7FFDF5673E04000000A800003C
:10570000000025DFBF078964360F5B000000210120
:105710000000006C00004036627EFE05000000BE06
:105720000300000054190701A8C00880020000000F
:10573000A700000000A7D05F7FFDF5673E030000D3
:1057400000A80000000051D0BF078964340F610039
:105750000000A7000000002FD15F7FFDF5673E022B
:10576000000000A8000000000FD1BF078964320FBD
:105770005E00000021010000000001004036627E52
:10578000FE02000000A7000000005BD25F7FFDF575
:10579000673E03000000A80000000093D2BF078905
:1057A000643A0F60000000A700000000DAD35F7FBA
:1057B000FDF5673E03000000A80000000044D3BFD1
:1057C0000789643E0F6000000021010000008F0285
:1057D000004036627EFE03000000A800000000E8E2
:1057E000D4BF0789643E0F02000000A7000000003C
:1057F000E0D45F7FFDF5673E63000000A700000076
:10580000009BD55F7FFDF5673E02000000A8000009
:10581000000082D5BF0789643E0F5E0000002101B1
:105820000000007D03004036627EFE03000000A7FA
:105830000000000008D65F7FFDF5673E0200000013
:10584000A800000000AED6BF0789643C0F5E0000D0
:1058500000A70000000081D75F7FFDF5673E0500CF
:105860000000A800000000BBD7BF0789643C0F5DA3
:105870000000002101000000C004004036627EFEEE
:1058800004000000A700000000CCD85F7FFDF56792
:105890003E03000000A8000000002FD8BF07896465
:1058A000400F65000000A7000000001CD95F7FFDCD
:1058B000F5673E02000000A8000000005DD9BF07A8
:1058C0008964400F5D0000002101000000F7050021
:1058D0004036627EFE03000000A7000000001ADAD6
:1058E0005F7FFDF5673E02000000A8000000001E7B
:1058F000DABF078964420F03000000BE0300000006
:105900009F1A0701A8C00880400000007600001B15
:105910000176000401010000001B000000A7000048
:10592000000074DB5F7FFDF5673E08000000A80003
:10593000000000D3DBBF078964420F5D0000002137
:1059400001000000F006004036627EFE020000000A
:10595000A800000000CDDCBF078964420F030000EF
:1059600000A700000000CBDC5F7FFDF5673E5E0016
:105970000000A7000000003BDD5F7FFDF5673E05EE
:10598000000000A800000000FADDBF078964440F92
:10599000610000002101000000A307004036627E84
:1059A000FE02000000A700000000B0DE5F7FFDF5F2
:1059B000673E03000000A80000000048DEBF078922
:1059C00064440F60000000A7000000006EDF5F7FEE
:1059D000FDF5673E02000000A800000000E3DFBF05
:1059E000078964420F630000002101000000600885
:1059F000004036627EFE04000000A8000000009710
:105A0000D0BF078964400F02000000A7000000001B
:105A1000A7D05F7FFDF5673E5A000000A700000099
:105A2000002FD15F7FFDF5673E05000000A8000054
:105A3000000047D1BF0789643E0F620000002101CA
:105A40000000009F09004036627EFE02000000A7B1
:105A5000000000005BD25F7FFDF5673E02000000A2
:105A6000A800000000ABD2BF0789643E0F620000AF
:105A700000A700000000DAD35F7FFDF5673E02005B
:105A80000000A80000000044D3BF0789643E0F60F7
:105A90000000002101000000FA0A004036627EFE8C
:105AA00003000000BE03000000E91B0701A8C008B6
:105AB0008002000000A700000000E0D45F7FFDF539
:105AC000673E02000000A800000000E8D4BF07897C
:105AD000643E0F5A000000A7000000009BD55F7FC6
:105AE000FDF5673E07000000A8000000009ED5BF3E
:105AF0000789643C0F5F0000002101000000510B8A
:105B0000004036627EFE02000000A8000000009601
:105B1000D6BF078964380F03000000A7000000000B
:105B200008D65F7FFDF5673E5F000000A70000001C
:105B30000081D75F7FFDF5673E02000000A80000EE
:105B400000009FD7BF0789643A0F6300000021015E
:105B5000000000940C004036627EFE06000000A7A4
:105B600000000000CCD85F7FFDF5673E020000001A
:105B7000A80000000099D8BF0789643C0F5B0000B3
:105B800000A7000000001CD95F7FFDF5673E020002
:105B90000000A800000000F7D9BF0789643E0F632A
:105BA0000000002101000000870D004036627EFEEB
:105BB00005000000A7000000001ADA5F7FFDF5670E
:105BC0003E02000000A8000000001EDABF07896442
:105BD000420F59000000A70000000074DB5F7FFD4A
:105BE000F5673E05000000A800000000BFDBBF070E
:105BF0008964480F600000002101000000140E00BD
:105C00004036627EFE07000000A800000000BDDCF8
:105C1000BF0789644A0F02000000A700000000CB04
:105C2000DC5F7FFDF5673E170000004106000000C5
:105C3000AC13214F130A559243000000A700000047
:105C4000003BDD5F7FFDF5673E08000000A8000017
:105C500000008ADDBF0789644C0F5F00000021014E
:105C6000000000A20F004036627EFE02000000A885
:105C70000000000024DEBF0789644E0F030000000F
:105C8000A700000000B0DE5F7FFDF5673E05000065
:105C900000BE030000006C1C0701A8C008803D0086
:105CA00000007600001B0176000401010000001ACC
:105CB000000000A7000000006EDF5F7FFDF5673E7B
:105CC00007000000A80000000027DFBF0789645418
:105CD0000F5F00000021010000006C0000403662F0
:105CE0007EFE03000000A80000000007D0BF078967
:105CF00064580F02000000A700000000A7D05F7FDB
:105D0000FDF5673E5D000000A7000000002FD15F99
:105D10007FFDF5673E05000000A80000000045D1AA
:105D2000BF0789645C0F62000000210100000000D1
:105D300001004036627EFE02000000A70000000065
:105D40005BD25F7FFDF5673E02000000A800000007
:105D500000A9D2BF0789645C0F5D000000A70000A6
:105D60000000DAD35F7FFDF5673E05000000A80064
:105D700000000046D3BF0789645C0F61000000216A
:105D8000010000008F02004036627EFE020000002B
:105D9000A800000000EAD4BF0789645C0F0300007C
:105DA00000A700000000F9D41F7FFDF5673E6000EA
:105DB0000000A70000000008D51F7FFDF1673E022C
:105DC000000000A800000000C7D5BF078964600F6D
:105DD0006100000021010000007D03004036627E6A
:105DE000FE03000000A7000000009BD61F7FFDF10E
:105DF000673E02000000A800000000D3D6BF07895C
:105E000064660F120000004006000000028271B9B3
:105E1000762003384B000000A70000000012D71FB7
:105E20007FFDF1673E07000000A800000000C6D714
:105E3000BF078964660F5F0000002101000000C0F9
:105E400004004036627EFE02000000BE0300000037
:105E5000D71D0701A8C0088003000000A7000000AC
:105E6000005FD81F7FFDF1673E02000000A8000020
:105E70000000E4D8BF078964660F5D000000A7003A
:105E80000000008FD91F7FFDF1673E03000000A8CE
:105E900000000000AED9BF078964620F62000000F5
:105EA0002101000000F705004036627EFE0200007E
:105EB00000A70000000089DA1F7FFDF1673E0200A5
:105EC0000000A800000000EDDABF078964600F5DE4
:105ED000000000A7000000006DDB1F7FFDF5673E9E
:105EE00005000000A8000000007BDBBF0789645E9E
:105EF0000F600000002101000000F0060040366243
:105F00007EFE03000000A70000000058DC1F7FFD9C
:105F1000F1673E02000000A80000000065DCBF073A
:105F200089645E0F60000000A700000000A8DD1F6C
:105F30007FFDF1673E03000000A80000000076DD51
:105F4000BF0789645E0F630000002101000000A309
:105F500007004036627EFE02000000A7000000003D
:105F600023DE1F7FFDF1673E03000000A800000054
:105F700000FCDEBF0789645A0F5B000000A7000029
:105F80000000FDDF1F7FFDF1673E04000000A80058
:105F900000000073DFBF0789645A0F610000002111
:105FA000010000006008004036627EFE0200000032
:105FB000A70000000034D01F7FFDF1673E03000002
:105FC00000A8000000001BD0BF0789645A0F6200C0
:105FD0000000A700000000BCD11F7FFDF1673E0359
:105FE000000000A80000000061D1BF0789645A0FBB
:105FF0005F00000021010000009F09004036627E22
:10600000FE03000000BE03000000C81E0701A8C078
:10601000088002000000A700000000C8D21F7FFD1A
:10602000F1673E02000000A8000000008DD2BF070B
:1060300089645A0F410000007600001B01760004BD
:1060400001010000001C000000A70000000049D36F
:106050001F7FFDF1673E02000000A8000000006203
:10606000D3BF0789645A0F620000002101000000BD
:10607000FA0A004036627EFE05000000A70000001C
:106080000073D41F7FFDF1673E02000000A80000EE
:10609000000086D4BF078964560F5D000000A7008A
:1060A00000000082D51F7FFDF5673E02000000A8BA
:1060B00000000000F0D5BF078964540F62000000A3
:1060C0002101000000510B004036627EFE030000FB
:1060D00000A70000000011D61F7FFDF5673E0200FB
:1060E0000000A800000000E4D6BF078964520F5FDB
:1060F000000000A70000000098D71F7FFDF5673E55
:1061000002000000A80000000059D7BF0789644EB4
:106110000F620000002101000000940C0040366274
:106120007EFE02000000A700000000D5D81F7FFD02
:10613000F5673E02000000A80000000067D8BF0716
:1061400089644C0F60000000A70000000005D91F03
:106150007FFDF5673E02000000A80000000031D975
:10616000BF0789644A0F6200000021010000008718
:106170000D004036627EFE02000000A70000000015
:1061800003DA1F7FFDF5673E02000000A800000053
:106190000072DABF078964480F60000000A70000A2
:1061A00000006DDB1F7FFDF5673E02000000A800C8
:1061B000000000D3DBBF078964420F6100000021AB
:1061C00001000000140E004036627EFE0300000055
:1061D000BE03000000C51F0701A8C0088002000020
:1061E00000A700000000D2DC1F7FFDF5673E020023
:1061F0000000A800000000CDDCBF078964420F5EEC
:10620000000000A70000000022DD1F7FFDF5673EB3
:1062100003000000A800000000C2DDBF0789644041
:106220000F610000002101000000A20F0040366253
:106230007EFE04000000A700000000A9DE1F7FFD15
:10624000F5673E03000000A80000000070DEBF07F5
:106250008964400F5E000000A70000000077DF1F88
:106260007FFDF5673E02000000A800000000C7DFC8
:10627000BF078964440F6100000021010000006C29
:1062800000004036627EFE04000000A7000000000F
:10629000A7D05F7FFDF5673E03000000A800000067
:1062A00000E7D0BF078964480F62000000A7000024
:1062B00000002FD15F7FFDF5673E03000000A800BE
:1062C000000000C9D1BF078964460F5B00000021B0
:1062D000010000000001004036627EFE0300000065
:1062E000A7000000005BD25F7FFDF5673E02000063
:1062F00000A80000000071D2BF078964480F620047
:106300000000A700000000DAD35F7FFDF5673E02C2
:10631000000000A800000000CAD3BF078964460F30
:106320005F00000021010000008F02004036627E05
:10633000FE03000000A80000000066D4BF078964C7
:10634000460F02000000A700000000F9D41F7FFDE7
:10635000F5673E67000000A70000000082D51F7FA0
:10636000FDF5673E03000000A80000000058D5BFFF
:10637000078964480F5700000021010000007D03D9
:10638000004036627EFE03000000A70000000011FE
:10639000D61F7FFDF5673E02000000A80000000048
:1063A00068D6BF078964480F02000000BE030000E2
:1063B000007C100701A8C0088042000000760000A1
:1063C0001B0176000401010000001E000000A70070
:1063D00000000098D71F7FFDF5673E02000000A86F
:1063E000000000007DD7BF078964480F61000000EE
:1063F0002101000000C004004036627EFE02000061
:1064000000A700000000D5D81F7FFDF5673E020001
:106410000000A80000000043D8BF0789644A0F6449
:10642000000000A70000000005D91F7FFDF5673EB2
:1064300002000000A80000000015D9BF0789644CC5
:106440000F590000002101000000F70500403662EE
:106450007EFE05000000A70000000003DA1F7FFD9C
:10646000F5673E02000000A800000000FEDABF074A
:106470008964520F66000000A7000000006DDB1F5A
:106480007FFDF5673E03000000A80000000017DB59
:10649000BF078964540F5C0000002101000000F078
:1064A00006004036627EFE02000000A800000000E8
:1064B00031DCBF078964500F02000000A700000014
:1064C00000D2DC1F7FFDF5673E65000000A70000DD
:1064D00000003BDD5F7FFDF5673E02000000A80085
:1064E00000000096DDBF0789644E0F5C00000021AC
:1064F00001000000A307004036627EFE030000009A
:10650000A700000000B0DE5F7FFDF5673E020000DF
:1065100000A80000000038DEBF0789644C0F660049
:106520000000A7000000006EDF5F7FFDF5673E0200
:10653000000000A80000000093DFBF0789644A0F35
:106540005B00000021010000006008004036627E10
:10655000FE02000000BE0300000008110701A8C0F1
:10656000088003000000A700000000A7D05F7FFDA7
:10657000F5673E02000000A800000000B3D0BF078E
:106580008964460F5C000000A70000000036D11FA0
:106590007FFDF5673E08000000A800000000F1D173
:1065A000BF078964420F5D00000021010000009FC9
:1065B00009004036627EFE03000000A700000000D4
:1065C00042D21F7FFDF5673E02000000A8000000D8
:1065D00000B7D2BF0789643C0F62000000A700002B
:1065E0000000C3D31F7FFDF5673E03000000A80035
:1065F00000000034D3BF078964360F5E000000211D
:1066000001000000FA0A004036627EFE020000002F
:10661000A700000000F9D41F7FFDF5673E030000CE
:1066200000A800000000D0D4BF0789643A0F5E00C4
:106630000000A70000000082D51F7FFDF5673E0522
:10664000000000A800000000BAD5BF0789643A0F17
:10665000600000002101000000510B004036627E06
:10666000FE03000000A70000000011D61F7FFDF50B
:10667000673E02000000A800000000AED6BF0789F8
:10668000643C0F62000000A70000000098D71F7F45
:10669000FDF5673E03000000A8000000000DD7BF15
:1066A000078964400F5E0000002101000000940C87
:1066B000004036627EFE03000000A700000000D507
:1066C000D81F7FFDF5673E02000000A80000000013
:1066D00085D8BF0789643E0F120000004006000005
:1066E00000028271B9762003384C000000A7000038
:1066F00000001CD95F7FFDF5673E07000000A80081
:10670000000000CFD9BF0789643A0F5E0000002166
:1067100001000000870D004036627EFE020000008E
:10672000A7000000001ADA5F7FFDF5673E02000057
:1067300000A8000000008CDABF078964380F03004E
:106740000000BE0300000067120701A8C0088043D4
:106750000000007600001B0176000401010000002B
:106760001E000000A70000000074DB5F7FFDF567DE
:106770003E02000000A8000000005DDBBF07896446
:106780003A0F5E0000002101000000140E004036A8
:10679000627EFE02000000A700000000CBDC5F7FED
:1067A000FDF5673E03000000A80000000043DCBFC9
:1067B0000789643A0F5E000000A7000000003BDD7F
:1067C0005F7FFDF5673E04000000A8000000005058
:1067D000DDBF0789643A0F6100000021010000005D
:1067E000A20F004036627EFE02000000A7000000FB
:1067F00000B0DE5F7FFDF5673E03000000A80000EB
:106800000000C6DEBF0789643C0F63000000A700DC
:106810000000006EDF5F7FFDF5673E02000000A80C
:10682000000000006DDFBF0789643A0F5E000000C2
:1068300021010000006C00004036627EFE03000073
:1068400000A700000000A7D05F7FFDF5673E0200B3
:106850000000A80000000005D0BF0789643A0F605F
:10686000000000A7000000002FD15F7FFDF5673E0C
:1068700003000000A8000000007FD1BF0789643A30
:106880000F6000000021010000000001004036629E
:106890007EFE03000000A7000000005BD25F7FFDCA
:1068A000F5673E02000000A800000000B7D2BF0755
:1068B00089643C0F64000000A700000000DAD35F89
:1068C0007FFDF5673E02000000A800000000EED347
:1068D000BF078964400F5D00000021010000008FA8
:1068E00002004036627EFE02000000BE030000008F
:1068F00094130701A8C0088003000000A70000004F
:1069000000E0D45F7FFDF5673E02000000A80000B4
:1069100000007AD4BF078964440F5E000000A7001E
:106920000000009BD55F7FFDF5673E02000000A8D8
:106930000000000010D5BF078964440F610000000B
:1069400021010000007D03004036627EFE0200004F
:1069500000A70000000008D65F7FFDF5673E03003A
:106960000000A80000000020D6BF078964440F6023
:10697000000000A70000000081D75F7FFDF5673EA3
:1069800003000000A80000000029D7BF0789644663
:106990000F600000002101000000C00400403662CA
:1069A0007EFE03000000A700000000CCD85F7FFD42
:1069B000F5673E02000000A80000000017D8BF07DE
:1069C0008964440F62000000A70000000005D91F81
:1069D0007FFDF5673E02000000A8000000005DD9C1
:1069E000BF078964400F630000002101000000F729
:1069F00005004036627EFE02000000A70000000095
:106A000003DA1F7FFDF5673E02000000A8000000CA
:106A10000002DABF078964400F5A000000A7000097
:106A200000006DDB1F7FFDF5673E05000000A8003C
:106A300000000079DBBF0789643C0F620000002181
:106A400001000000F006004036627EFE02000000F9
:106A5000A80000000067DCBF0789643C0F0200004B
:106A600000A700000000D2DC1F7FFDF5673E640038
:106A70000000A7000000003BDD5F7FFDF5673E02E0
:106A8000000000A80000000068DDBF0789643E0F19
:106A9000600000002101000000A307004036627E74
:106AA000FE02000000BE0300000063140701A8C03E
:106AB000088003000000A700000000B0DE5F7FFD3B
:106AC000F5673E02000000A80000000070DEBF076E
:106AD0008964400F3E0000007600001B0176000430
:106AE00001010000001D000000A7000000006EDF93
:106AF0005F7FFDF5673E02000000A800000000E394
:106B0000DFBF078964420F6200000021010000001E
:106B10006008004036627EFE06000000A80000000B
:106B200000AFD0BF078964440F02000000A7000037
:106B30000000A7D05F7FFDF5673E5D000000A70065
:106B40000000002FD15F7FFDF5673E03000000A825
:106B500000000000EDD1BF078964400F6200000013
:106B600021010000009F09004036627EFE02000005
:106B700000A7000000005BD25F7FFDF5673E0200CA
:106B80000000A800000000B7D2BF0789643C0F5E78
:106B9000000000A700000000DAD35F7FFDF5673E2C
:106BA00002000000A80000000060D3BF078964381D
:106BB0000F630000002101000000FA0A0040366265
:106BC0007EFE02000000A800000000CCD4BF0789B0
:106BD00064380F03000000A700000000E0D45F7FCE
:106BE000FDF5673E5F000000A7000000009BD55F39
:106BF0007FFDF5673E02000000A80000000082D57E
:106C0000BF0789643E0F60000000210100000051B1
:106C10000B004036627EFE04000000A80000000069
:106C200004D6BF078964420F02000000A7000000DD
:106C30000008D65F7FFDF5673E5E000000A70000FC
:106C4000000081D75F7FFDF5673E03000000A800CC
:106C500000000029D7BF078964460F6200000021A9
:106C600001000000940C004036627EFE030000002C
:106C7000BE030000001C150701A8C0088002000028
:106C800000A8000000000BD8BF078964460F03006E
:106C90000000A700000000CCD85F7FFDF5673E5CD8
:106CA000000000A7000000001CD95F7FFDF5673ED3
:106CB00002000000A8000000002DD9BF0789644829
:106CC0000F610000002101000000870D00403662C6
:106CD0007EFE02000000A7000000001ADA5F7FFDC0
:106CE000F5673E03000000A8000000006EDABF0751
:106CF00089644A0F5D000000A70000000074DB5F9C
:106D00007FFDF5673E04000000A8000000002FDBB7
:106D1000BF078964500F63000000210100000014C8
:106D20000E004036627EFE07000000A70000000053
:106D3000CBDC5F7FFDF5673E02000000A80000008D
:106D40000009DCBF078964540F5B000000A7000046
:106D500000003BDD5F7FFDF5673E02000000A800FC
:106D600000000052DDBF078964580F610000002158
:106D700001000000A20F004036627EFE020000000B
:106D8000A700000000A9DE1F7FFDF5673E0300009D
:106D900000A800000000FCDEBF0789645A0F5F00F6
:106DA0000000A700000000FDDF1F7FFDF1673E022D
:106DB000000000A80000000057DFBF0789645C0FD7
:106DC0006300000021010000006C00004036627E7C
:106DD000FE05000000A80000000023D0BF07896462
:106DE0005E0F02000000A70000000034D01F7FFDEE
:106DF000F1673E200000004106000000BF14214F53
:106E0000130A55923F000000A700000000BCD11FEC
:106E10007FFDF1673E02000000A8000000007DD168
:106E2000BF078964580F5F000000210100000000C7
:106E300001004036627EFE02000000A70000000054
:106E4000C8D21F7FFDF1673E02000000A8000000CD
:106E500000C5D2BF078964560F03000000BE0300BF
:106E6000000001160701A8C008804200000076005B
:106E7000001B0176000401010000001B000000A7B8
:106E800000000000C3D31F7FFDF5673E0200000035
:106E9000A80000000012D3BF078964520F630000EE
:106EA0000021010000008F02004036627EFE0700D4
:106EB0000000A8000000000AD4BF0789644C0F023C
:106EC000000000A700000000F9D41F7FFDF5673E19
:106ED0005A000000A70000000082D51F7FFDF56763
:106EE0003E03000000A8000000007CD5BF078964B5
:106EF0004E0F6000000021010000007D03004036BD
:106F0000627EFE03000000A70000000011D61F7F74
:106F1000FDF5673E02000000A800000000F8D6BFA3
:106F2000078964500F60000000A70000000098D798
:106F30001F7FFDF5673E02000000A800000000F181
:106F4000D7BF078964520F650000002101000000CF
:106F5000C004004036627EFE03000000A80000006E
:106F600000EBD8BF078964560F02000000A700009D
:106F70000000D5D81F7FFDF5673E5C000000A7002C
:106F800000000005D91F7FFDF5673E03000000A843
:106F90000000000099D9BF078964560F6000000007
:106FA0002101000000F705004036627EFE0300006C
:106FB00000A7000000001ADA5F7FFDF5673E0200BF
:106FC0000000A800000000C6DABF078964560F0C55
:106FD0000000004006000000028271B976200338EC
:106FE00056000000A700000000FEDB5F7FFDF16798
:106FF0003E02000000A80000000017DBBF07896404
:10700000540F610000002101000000F0060040362E
:10701000627EFE03000000BE030000008D17070122
:10702000A8C0088002000000A70000000041DC5F4B
:107030007FFDF1673E03000000A80000000015DCA2
:10704000BF078964560F5D000000A700000000B173
:10705000DD5F7FFDF1673E02000000A80000000038
:107060001ADDBF078964540F5F0000002101000092
:1070700000A307004036627EFE03000000A8000067
:107080000000A8DEBF078964540F02000000A700BB
:1070900000000023DE1F7FFDF1673E5F000000A7B8
:1070A00000000000FDDF1F7FFDF1673E03000000D0
:1070B000A80000000027DFBF078964540F620000AA
:1070C0000021010000006008004036627EFE0600DC
:1070D0000000A70000000034D01F7FFDF1673E03D1
:1070E000000000A80000000077D0BF078964500F9F
:1070F0005D000000A700000000BCD11F7FFDF1670C
:107100003E02000000A800000000B9D1BF0789645A
:107110004E0F5F00000021010000009F0900403673
:10712000627EFE02000000A80000000055D2BF07EA
:1071300089644E0F03000000A700000000C8D21FA2
:107140007FFDF1673E60000000A700000000C3D390
:107150001F7FFDF5673E02000000A800000000BA96
:10716000D3BF0789644E0F620000002101000000B8
:10717000FA0A004036627EFE04000000A80000000B
:1071800000A2D4BF078964500F02000000A70000CE
:107190000000F9D41F7FFDF5673E61000000A700E5
:1071A00000000082D51F7FFDF5673E03000000A8A8
:1071B00000000000F0D5BF078964540F5D00000097
:1071C0002101000000510B004036627EFE020000EB
:1071D00000A70000000011D61F7FFDF5673E0300E9
:1071E0000000A80000000088D6BF078964580F027D
:1071F000000000BE0300000077180701A8C0088047
:10720000420000007600001B01760004010100002E
:10721000001D000000A70000000012D71F7FFDF135
:10722000673E02000000A8000000009DD7BF07894C
:1072300064580F600000002101000000940C004021
:1072400036627EFE06000000A800000000A3D8BF42
:107250000789645A0F02000000A7000000005FD8F1
:107260001F7FFDF1673E5F000000A7000000008F58
:10727000D91F7FFDF1673E02000000A8000000005A
:10728000D1D9BF0789645A0F6000000021010000B6
:1072900000870D004036627EFE03000000A700005C
:1072A000000089DA1F7FFDF1673E02000000A800A0
:1072B000000000AADABF0789645C0F64000000A721
:1072C00000000000E7DB1F7FFDF1673E03000000C8
:1072D000A80000000020DBBF078964600F5B00008E
:1072E000002101000000140E004036627EFE030003
:1072F0000000A80000000022DCBF078964620F03C1
:10730000000000A70000000058DC1F7FFDF1673E71
:1073100062000000A700000000A8DD1F7FFDF167EC
:107320003E02000000A80000000031DDBF078964B4
:10733000620F5F0000002101000000A20F00403634
:10734000627EFE03000000A70000000023DE1F7F16
:10735000FDF1673E02000000A80000000083DEBFD0
:10736000078964620F66000000A700000000FDDFCF
:107370001F7FFDF1673E03000000A8000000002809
:10738000DFBF078964640F5900000021010000007D
:107390006C00004036627EFE02000000BE0300006A
:1073A0000054190701A8C0088002000000A70000CF
:1073B000000096C01F7FFDF1673E03000000A8009B
:1073C00000000008D0BF078964680F62000000A7B2
:1073D000000000001EC11F7FFDF1673E020000009B
:1073E000A8000000004AD1BF0789646C0F5E00004E
:1073F0000021010000000001004036627EFE030013
:107400000000A700000000C8D21F7FFDF1673E0208
:10741000000000A800000000A6D2BF0789646C0F1E
:1074200064000000A700000000C3D31F7FFDF567C4
:107430003E03000000A8000000006DD3BF07896470
:107440006A0F5A00000021010000008F0200403640
:10745000627EFE06000000A800000000DDD4BF0729
:107460008964680F02000000A70000000073D41FA9
:107470007FFDF1673E62000000A70000000008D514
:107480001F7FFDF1673E03000000A800000000B769
:10749000D5BF078964680F5E00000021010000006D
:1074A0007D03004036627EFE02000000A70000005F
:1074B000009BD61F7FFDF1673E02000000A8000080
:1074C00000009BD6BF0789646A0F64000000A70014
:1074D00000000012D71F7FFDF1673E03000000A8E7
:1074E000000000008ED7BF0789646A0F5A000000B1
:1074F0002101000000C004004036627EFE0400004E
:1075000000A800000000ACD8BF0789646A0F020021
:107510000000A700000000FDC81F7FFDF1673E6767
:10752000000000A7000000002DC91F7FFDF1673E8D
:1075300002000000A80000000096D9BF0789646619
:107540000F5B0000002101000000F70500403662DB
:107550007EFE03000000BE030000009F1A0701A882
:10756000C0088002000000A7000000002BCA1F7F97
:10757000FDF1673E02000000A800000000AADABF8B
:107580000789645C0F420000007600001B01760052
:1075900004010100000020000000A70000000045D9
:1075A000CB1F7FFDF1673E03000000A80000000034
:1075B0000BDBBF078964560F5A0000002101000051
:1075C00000F006004036627EFE06000000A80000C3
:1075D00000002DDCBF078964520F02000000A700E5
:1075E000000000FACC1F7FFDF1673E63000000A79A
:1075F000000000000ACD1F7FFDF1673E0200000081
:10760000A80000000022DDBF078964500F5B000066
:10761000002101000000A307004036627EFE020048
:107620000000A70000000081CE1F7FFDF1673E0330
:10763000000000A800000000E0DEBF078964580FCA
:1076400061000000A7000000005FCF1F7FFDF16711
:107650003E03000000A8000000006FDFBF07896440
:10766000580F5F0000002101000000600800403654
:10767000627EFE04000000A80000000007D0BF07E3
:107680008964580F02000000A70000000096C01F88
:107690007FFDF1673E64000000A7000000001EC1EE
:1076A0001F7FFDF1673E03000000A8000000007D81
:1076B000D1BF078964580F5B000000210100000062
:1076C0009F09004036627EFE02000000A700000015
:1076D000006AC21F7FFDF1673E03000000A80000A2
:1076E0000000D9D2BF078964540F60000000A700D2
:1076F000000000EBC31F7FFDF1673E05000000A8FE
:107700000000000036D3BF078964540F5E000000FC
:107710002101000000FA0A004036627EFE020000ED
:1077200000BE03000000E91B0701A8C00880030099
:107730000000A700000000D1C41F7FFDF1673E02DA
:10774000000000A8000000009AD4BF078964540F0D
:1077500064000000A700000000AAC51F7FFDF167BC
:107760003E02000000A800000000F0D5BF078964B9
:10777000540F5B0000002101000000510B00403657
:10778000627EFE03000000A70000000039C61F7FD4
:10779000FDF1673E02000000A80000000050D6BFC7
:1077A0000789644C0F60000000A700000000B0C70C
:1077B0001F7FFDF1673E03000000A80000000035B8
:1077C000D7BF078964440F6000000021010000005A
:1077D000940C004036627EFE06000000A800000007
:1077E0000085D8BF0789643E0F02000000A7000093
:1077F000000077C81F7FFDF5673E63000000A7000B
:10780000000000A7C91F7FFDF5673E02000000A829
:1078100000000000CFD9BF0789643A0F5B00000069
:107820002101000000870D004036627EFE0200004C
:1078300000A70000000003DA1F7FFDF5673E03008C
:107840000000A8000000008CDABF078964380F62CE
:10785000000000A7000000006DDB1F7FFDF5673E04
:1078600002000000A80000000015DBBF0789643695
:107870000F5F0000002101000000140E004036627E
:107880007EFE03000000A80000000033DCBF078973
:1078900064320F02000000A700000000D2DC1F7F4E
:1078A000FDF5673E130000004006000000028271F3
:1078B000B97620033856000000A70000000022DD42
:1078C0001F7FFDF5673E02000000A8000000008851
:1078D000DDBF0789642E0F58000000210100000061
:1078E000A20F004036627EFE03000000BE030000CF
:1078F000006C1C0701A8C0088001000000A7000060
:107900000000A9DE1F7FFDF5673E03000000A80010
:107910000000001EDEBF078964280F4300000076C8
:1079200000001B0176000401010000001C000000A3
:10793000A7000000006EDF5F7FFDF5673E030000DB
:1079400000A800000000FDDFBF078964220F5E0071
:10795000000021010000006C00004036627EFE063F
:10796000000000A80000000089D0BF078964200F34
:1079700003000000A700000000A7D05F7FFDF567AF
:107980003E62000000A7000000002FD15F7FFDF5E0
:10799000673E02000000A80000000090D1BF0789E8
:1079A000641A0F5C0000002101000000000100408B
:1079B00036627EFE02000000A7000000005BD25F7E
:1079C0007FFDF5673E02000000A80000000060D2C5
:1079D000BF078964180F62000000A700000000DAEA
:1079E000D35F7FFDF5673E02000000A800000000A5
:1079F0008FD3BF078964180F6000000021010000C9
:107A0000008F02004036627EFE03000000A80000E6
:107A1000000023D4BF078964180F03000000A700EB
:107A2000000000E0D45F7FFDF5673E62000000A724
:107A3000000000009BD55F7FFDF5673E020000005F
:107A4000A80000000049D5BF078964180F5E000038
:107A50000021010000007D03004036627EFE02002E
:107A60000000A70000000008D65F7FFDF5673E021A
:107A7000000000A80000000041D6BF0789641C0F69
:107A800066000000A70000000081D75F7FFDF5675A
:107A90003E02000000A80000000048D7BF0789642C
:107AA0001E0F610000002101000000C004004036EC
:107AB000627EFE02000000BE03000000D71D070129
:107AC000A8C0088003000000A700000000CCD85F19
:107AD0007FFDF5673E02000000A8000000006AD8A4
:107AE000BF0789641E0F5B000000A7000000001C98
:107AF000D95F7FFDF5673E03000000A8000000008D
:107B000043D9BF078964200F6100000021010000F4
:107B100000F705004036627EFE02000000A700006C
:107B200000001ADA5F7FFDF5673E03000000A80041
:107B300000000024DABF078964240F60000000A75A
:107B40000000000074DB5F7FFDF5673E020000006F
:107B5000A800000000A1DBBF078964280F630000B4
:107B6000002101000000F006004036627EFE0500A4
:107B70000000A700000000CBDC5F7FFDF5673E0240
:107B8000000000A800000000A3DCBF0789642A0FE2
:107B90005B000000A7000000003BDD5F7FFDF56794
:107BA0003E03000000A80000000094DDBF078964C8
:107BB0002C0F620000002101000000A307004036E6
:107BC000627EFE02000000A700000000B0DE5F7FC2
:107BD000FDF5673E03000000A8000000001EDEBFA8
:107BE000078964280F5F000000A7000000006EDF17
:107BF0005F7FFDF5673E02000000A800000000D98D
:107C0000DFBF078964240F6300000021010000002A
:107C10006008004036627EFE03000000A8000000FD
:107C200000B1D0BF078964240F02000000A7000044
:107C30000000A7D05F7FFDF5673E5F000000A70052
:107C40000000002FD15F7FFDF5673E03000000A814
:107C500000000000CBD1BF078964240F5F00000043
:107C600021010000009F09004036627EFE030000F3
:107C700000BE03000000C81E0701A8C00880020063
:107C80000000A7000000005BD25F7FFDF5673E03A8
:107C9000000000A8000000003BD2BF078964260F47
:107CA0003F0000007600001B017600040101000087
:107CB000001C000000A700000000DAD35F7FFDF584
:107CC000673E02000000A800000000D4D3BF07896F
:107CD00064260F600000002101000000FA0A004045
:107CE00036627EFE05000000A80000000064D4BFDC
:107CF000078964240F02000000A700000000E0D400
:107D00005F7FFDF5673E5F000000A7000000009B5D
:107D1000D55F7FFDF5673E03000000A8000000006E
:107D200036D5BF078964200F6200000021010000E2
:107D300000510B004036627EFE03000000A70000E9
:107D4000000008D65F7FFDF5673E02000000A80036
:107D500000000041D6BF0789641C0F5E000000A729
:107D60000000000081D75F7FFDF5673E0300000043
:107D7000A80000000070D7BF0789641A0F5F0000D9
:107D8000002101000000940C004036627EFE0300DA
:107D90000000A80000000052D8BF0789641A0F0233
:107DA000000000A700000000CCD85F7FFDF5673E13
:107DB00062000000A7000000001CD95F7FFDF5678E
:107DC0003E02000000A8000000003CD9BF07896403
:107DD000180F620000002101000000870D004036EE
:107DE000627EFE03000000A7000000001ADA5F7F39
:107DF000FDF5673E02000000A8000000002BDABF7E
:107E0000078964140F60000000A70000000074DB05
:107E10005F7FFDF5673E03000000A800000000E65C
:107E2000DBBF078964140F5D000000210100000022
:107E3000140E004036627EFE02000000BE03000009
:107E400000C51F0701A8C0088002000000A70000AD
:107E50000000CBDC5F7FFDF5673E03000000A8005B
:107E6000000000E4DCBF078964160F60000000A773
:107E7000000000003BDD5F7FFDF5673E0200000073
:107E8000A800000000F7DDBF078964160F6200003C
:107E9000002101000000A20F004036627EFE0200B9
:107EA0000000A700000000B0DE5F7FFDF5673E0226
:107EB000000000A80000000011DEBF078964180F51
:107EC0005F000000A7000000006EDF5F7FFDF56728
:107ED0003E02000000A80000000019DF9F0789642F
:107EE0001A0F5F00000021010000006C0000403606
:107EF000627EFE06000000A700000000A7D05F7FA2
:107F0000FDF5673E02000000A80000000055D09F6C
:107F10000789641C0F60000000A7000000002FD13B
:107F20005F7FFDF5673E02000000A8000000002F03
:107F3000D19F0789641C0F6200000021010000002E
:107F40000001004036627EFE02000000A700000033
:107F5000005BD25F7FFDF5673E03000000A80000D4
:107F60000000DFD29F0789641E0F5E000000A7009B
:107F7000000000DAD35F7FFDF5673E02000000A835
:107F80000000000030D39F0789641E0F60000000CE
:107F900021010000008F02004036627EFE030000D7
:107FA00000A8000000005CD4BF078964200F020015
:107FB0000000A700000000E0D45F7FFDF5673E1AD7
:107FC0000000004106000000DB15214F130A559206
:107FD0004A000000A7000000009BD55F7FFDF56709
:107FE0003E03000000A8000000002AD5BF078964F6
:107FF000220F5C00000021010000007D03004036DC
:10800000627EFE02000000BE030000007C1007013B
:10801000A8C0088003000000A70000000008D65F89
:108020007FFDF5673E02000000A8000000001AD6A0
:10803000BF078964220F450000007600001B01760F
:10804000000401010000001C000000A70000000067
:1080500081D75F7FFDF5673E02000000A8000000A9
:10806000000FD7BF078964220F60000000210100C4
:108070000000C004004036627EFE05000000A8003B
:1080800000000009D8BF078964240F03000000A77F
:1080900000000000CCD85F7FFDF5673E6100000066
:1080A000A7000000001CD95F7FFDF5673E020000BD
:1080B00000A80000000067D9BF078964260F5A0096
:1080C00000002101000000F705004036627EFE033B
:1080D000000000A7000000001ADA5F7FFDF5673E90
:1080E00002000000A80000000070DABF0789642ABF
:1080F0000F65000000A70000000074DB5F7FFDF546
:10810000673E02000000A800000000BDDBBF078939
:10811000642A0F5F0000002101000000F00600400B
:1081200036627EFE03000000A800000000A3DCBF52
:108130000789642A0F02000000A700000000CBDCC2
:108140005F7FFDF5673E64000000A7000000003B74
:10815000DD5F7FFDF5673E03000000A80000000022
:10816000B0DDBF0789642A0F5D0000002101000017
:1081700000A307004036627EFE02000000A7000058
:108180000000B0DE5F7FFDF5673E02000000A80042
:108190000000001EDEBF078964280F0F00000040AA
:1081A00006000000028271B97620033859000000F1
:1081B000A7000000006EDF5F7FFDF5673E02000054
:1081C00000A8000000008DDFBF0789642A0F5B0054
:1081D000000021010000006008004036627EFE03BE
:1081E000000000BE0300000008110701A8C00880BD
:1081F00002000000A800000000F9D0BF0789642831
:108200000F02000000A700000000A7D05F7FFDF56F
:10821000673E63000000A7000000002FD15F7FFDD4
:10822000F5673E02000000A80000000083D1BF07F0
:108230008964280F5A00000021010000009F0900F6
:108240004036627EFE03000000A7000000005BD203
:108250005F7FFDF5673E02000000A8000000003BC4
:10826000D2BF078964260F64000000A70000000049
:10827000DAD35F7FFDF5673E03000000A800000031
:1082800000ECD3BF078964220F5C000000210100CD
:108290000000FA0A004036627EFE05000000A700DA
:1082A000000000E0D45F7FFDF5673E03000000A8FA
:1082B00000000000E3D49F078964260F5F000000E0
:1082C000A7000000009BD55F7FFDF5673E0500001D
:1082D00000A800000000DDD59F078964280F5C001E
:1082E00000002101000000510B004036627EFE02BA
:1082F000000000A70000000008D65F7FFDF5673E84
:1083000002000000A800000000D5D69F0789642C59
:108310000F66000000A70000000081D75F7FFDF519
:10832000673E03000000A80000000068D79F07898F
:1083300064300F5A0000002101000000940C00403E
:1083400036627EFE03000000A8000000006ED89F89
:10835000078964360F03000000A700000000CCD896
:108360005F7FFDF5673E63000000A7000000001C72
:10837000D95F7FFDF5673E03000000A80000000004
:108380001CD99F078964360F5D00000021010000A1
:1083900000870D004036627EFE02000000BE030032
:1083A000000067120701A8C0088003000000A700B2
:1083B0000000001ADA5F7FFDF5673E02000000A8AA
:1083C0000000000043DA9F078964360F4400000074
:1083D0007600001B0176000401010000001E000071
:1083E00000A70000000074DB5F7FFDF5673E020020
:1083F0000000A800000000DADB9F078964380F5DE9
:108400000000002101000000140E004036627EFED4
:1084100005000000A800000000FCDC9F0789643C08
:108420000F02000000A700000000CBDC5F7FFDF51D
:10843000673E5F000000A7000000003BDD5F7FFD9E
:10844000F5673E03000000A800000000DEDDBF0766
:108450008964420F5E0000002101000000A20F00AD
:108460004036627EFE02000000A700000000B0DE81
:108470005F7FFDF5673E03000000A8000000005488
:10848000DEBF078964460F65000000A700000000FA
:108490006EDF5F7FFDF5673E03000000A80000006F
:1084A000008FDFBF078964480F5C000000210100D6
:1084B00000006C00004036627EFE03000000A80051
:1084C000000000FBD0BF0789644A0F02000000A72C
:1084D00000000000A7D05F7FFDF5673E610000004F
:1084E000A7000000002FD15F7FFDF5673E0300006D
:1084F00000A800000000B9D1BF0789644E0F5E00DC
:10850000000021010000000001004036627EFE02F2
:10851000000000A7000000005BD25F7FFDF5673E12
:1085200002000000A800000000FDD2BF07896452CD
:108530000F68000000A700000000DAD35F7FFDF5A0
:10854000673E03000000A8000000007ED3BF07893B
:1085500064580F5900000021010000008F02004004
:1085600036627EFE02000000BE0300000094130786
:1085700001A8C0088003000000A700000000E0D4AC
:108580005F7FFDF5673E02000000A800000000D2FA
:10859000D4BF078964580F60000000A700000000E6
:1085A00082D51F7FFDF5673E03000000A800000094
:1085B00000B8D5BF078964580F5F00000021010093
:1085C00000007D03004036627EFE02000000A7002E
:1085D00000000011D61F7FFDF5673E02000000A8D5
:1085E0000000000088D6BF078964580F64000000AF
:1085F000A70000000098D71F7FFDF5673E0200002E
:1086000000A8000000009DD7BF078964580F5E00D6
:1086100000002101000000C004004036627EFE051B
:10862000000000A700000000D5D81F7FFDF5673EC1
:1086300002000000A800000000BFD8BF07896458EE
:108640000F5F000000A70000000005D91F7FFDF5A7
:10865000673E05000000A80000000099D9BF078907
:1086600064560F5D0000002101000000F705004086
:1086700036627EFE05000000A70000000003DA1F3E
:108680007FFDF5673E02000000A800000000C6DA8A
:10869000BF078964560F61000000A7000000006D4D
:1086A000DB1F7FFDF5673E02000000A80000000010
:1086B00017DBBF078964540F5E0000002101000032
:1086C00000F006004036627EFE03000000A80000B5
:1086D00000002DDCBF078964520F02000000A700D4
:1086E000000000D2DC1F7FFDF5673E63000000A79D
:1086F0000000000022DD1F7FFDF5673E0300000043
:10870000A8000000003EDDBF078964520F5C000036
:10871000002101000000A307004036627EFE020037
:108720000000BE0300000063140701A8C008800316
:10873000000000A700000000A9DE1F7FFDF5673ED6
:1087400002000000A800000000A8DEBF07896454F2
:108750000F440000007600001B01760004010100B8
:1087600000001E000000A70000000077DF1F7FFD53
:10877000F5673E02000000A8000000003BDFBF07D5
:108780008964560F600000002101000000600800AD
:108790004036627EFE04000000A80000000053D0B6
:1087A000BF078964560F03000000A700000000BE49
:1087B000D01F7FFDF5673E5F000000A700000000AE
:1087C00036D11F7FFDF5673E02000000A8000000C3
:1087D0000035D1BF078964540F63000000210100F8
:1087E00000009F09004036627EFE02000000A700E4
:1087F00000000042D21F7FFDF5673E02000000A886
:1088000000000000E1D2BF078964500F5D00000046
:10881000A700000000C3D31F7FFDF5673E020000E4
:1088200000A800000000BAD3BF0789644E0F6300A0
:1088300000002101000000FA0A004036627EFE02BC
:10884000000000A8000000000AD4BF0789644C0F94
:1088500002000000A700000000F9D41F7FFDF567AB
:108860003E62000000A70000000082D51F7FFDF5DA
:10887000673E02000000A80000000044D5BF078941
:10888000644A0F610000002101000000510B00400C
:1088900036627EFE03000000A70000000011D61F14
:1088A0007FFDF5673E02000000A80000000074D6BE
:1088B000BF0789644A0F5F000000A700000000980E
:1088C000D71F7FFDF5673E02000000A800000000F2
:1088D00029D7BF078964460F61000000210100000D
:1088E00000940C004036627EFE02000000BE0300D1
:1088F00000001C150701A8C0088003000000A800A4
:1089000000000017D8BF078964440F02000000A7C9
:1089100000000000D5D81F7FFDF5673E5E00000017
:10892000A70000000005D91F7FFDF5673E0200008B
:1089300000A80000000079D9BF078964460F6200D3
:1089400000002101000000870D004036627EFE031A
:10895000000000A70000000003DA1F7FFDF5673E5E
:1089600002000000A8000000006EDABF0789644A18
:108970000F5D000000A7000000006DDB1F7FFDF50C
:10898000673E02000000A8000000009BDBBF0789D3
:10899000644E0F630000002101000000140E00402F
:1089A00036627EFE06000000A700000000D2DC1F39
:1089B0007FFDF5673E02000000A80000000031DCEA
:1089C000BF078964500F5D000000A700000000226F
:1089D000DD1F7FFDF5673E02000000A800000000DB
:1089E00022DDBF078964500F6300000021010000F1
:1089F00000A20F004036627EFE02000000A70000C9
:108A00000000B0DE5F7FFDF5673E03000000A800B8
:108A100000000024DEBF0789644E0F5C000000A741
:108A2000000000006EDF5F7FFDF5673E0200000082
:108A3000A800000000B7DFBF0789644C0F63000087
:108A40000021010000006C00004036627EFE040040
:108A50000000A800000000FBD0BF0789644A0F0394
:108A6000000000A700000000A7D05F7FFDF5673E73
:108A70000F0000004006000000028271B97620035A
:108A80003850000000A7000000002FD15F7FFDF5E7
:108A9000673E02000000A80000000081D1BF0789E6
:108AA000644A0F5C0000002101000000000100404A
:108AB00036627EFE02000000BE03000000011607C1
:108AC00001A8C0088003000000A7000000005BD2DE
:108AD0005F7FFDF5673E02000000A800000000492E
:108AE000D2BF0789644C0F440000007600001B01D0
:108AF00076000401010000001C000000A700000037
:108B000000DAD35F7FFDF5673E02000000A8000099
:108B1000000082D3BF0789644A0F6300000021016F
:108B20000000008F02004036627EFE06000000A8B2
:108B30000000000032D4BF078964480F0200000023
:108B4000A700000000E0D45F7FFDF5673E5B0000FA
:108B500000A7000000009BD55F7FFDF5673E020087
:108B60000000A80000000058D5BF078964480F5FC7
:108B700000000021010000007D03004036627EFEFF
:108B800002000000A70000000011D61F7FFDF5675E
:108B90003E03000000A8000000003CD6BF07896427
:108BA000460F64000000A70000000098D71F7FFD5B
:108BB000F5673E03000000A8000000007DD7BF0756
:108BC0008964480F600000002101000000C004001B
:108BD0004036627EFE05000000A80000000043D879
:108BE000BF0789644A0F02000000A700000000CC04
:108BF000D85F7FFDF5673E5C000000A70000000025
:108C00001CD95F7FFDF5673E03000000A80000004F
:108C10000031D9BF0789644A0F5F000000210100BD
:108C20000000F705004036627EFE05000000A70048
:108C30000000001ADA5F7FFDF5673E02000000A821
:108C40000000000072DABF078964480F620000006C
:108C5000A70000000074DB5F7FFDF5673E020000A7
:108C600000A800000000EBDBBF078964460F60002E
:108C700000002101000000F006004036627EFE0286
:108C8000000000BE030000008D170701A8C0088087
:108C900003000000A700000000CBDC5F7FFDF5674C
:108CA0003E02000000A800000000F5DCBF07896458
:108CB000460F5D000000A7000000003BDD5F7FFD68
:108CC000F5673E02000000A8000000008ADDBF0733
:108CD00089644C0F5F0000002101000000A3070021
:108CE0004036627EFE02000000A700000000B0DEF9
:108CF0005F7FFDF5673E03000000A8000000008CC8
:108D0000DEBF078964520F61000000A70000000069
:108D10006EDF5F7FFDF5673E02000000A8000000E7
:108D20000027DFBF078964540F63000000210100A2
:108D300000006008004036627EFE07000000A700C9
:108D4000000000A7D05F7FFDF5673E02000000A88D
:108D5000000000004FD0BF078964540F5900000085
:108D6000A7000000002FD15F7FFDF5673E040000E3
:108D700000A80000000035D1BF078964540F5F00D0
:108D8000000021010000009F09004036627EFE02C3
:108D9000000000A70000000042D21F7FFDF5673EE3
:108DA00003000000A800000000D9D2BF0789645466
:108DB0000F61000000A700000000C3D31F7FFDF576
:108DC000673E02000000A8000000007ED3BF0789B4
:108DD00064580F630000002101000000FA0A0040FF
:108DE00036627EFE04000000A800000000F6D4BF3A
:108DF0000789645E0F02000000A700000000F9D49C
:108E00001F7FFDF5673E60000000A70000000082A4
:108E1000D51F7FFDF5673E02000000A8000000009E
:108E2000FFD5BF078964640F5C00000021010000CA
:108E300000510B004036627EFE03000000BE0300BE
:108E4000000077180701A8C0088002000000A700F2
:108E500000000011D61F7FFDF5673E02000000A84C
:108E600000000000D3D6BF078964660F44000000ED
:108E70007600001B0176000401010000001C0000C8
:108E800000A70000000012D71F7FFDF1673E02001F
:108E90000000A800000000C6D7BF078964660F6203
:108EA0000000002101000000940C004036627EFEAC
:108EB00006000000A800000000B0D8BF0789646861
:108EC0000F02000000A7000000005FD81F7FFDF127
:108ED000673E5C000000A7000000008FD91F7FFDE7
:108EE000F1673E03000000A800000000B2D9BF07F0
:108EF0008964600F5E0000002101000000870D0002
:108F00004036627EFE02000000A70000000089DA01
:108F10001F7FFDF1673E03000000A80000000092E3
:108F2000DABF078964580F62000000A70000000044
:108F3000E7DB1F7FFDF1673E02000000A800000094
:108F40000017DBBF078964540F6200000021010095
:108F50000000140E004036627EFE04000000A800EF
:108F600000000099DCBF0789644C0F02000000A7D5
:108F70000000000058DC1F7FFDF1673E5E0000002E
:108F8000A700000000A8DD1F7FFDF1673E03000081
:108F900000A800000000AEDDBF0789644A0F5F0033
:108FA00000002101000000A20F004036627EFE0298
:108FB000000000A70000000081CE1F7FFDF1673E8A
:108FC00003000000A80000000038DEBF0789644CE1
:108FD0000F63000000A700000000D5CF1F7FFDF544
:108FE000673E03000000A800000000B7DFBF07894C
:108FF000644C0F5D00000021010000006C00004087
:1090000036627EFE03000000BE0300000054190714
:1090100001A8C0088002000000A7000000001CC0DA
:109020001F7FFDF5673E02000000A800000000DF82
:10903000D0BF0789644C0F61000000A7000000004A
:1090400094C11F7FFDF5673E02000000A8000000EC
:1090500000A5D1BF0789644C0F600000002101000A
:1090600000000001004036627EFE02000000A70002
:10907000000000E0C21F7FFDF5673E03000000A86E
:10908000000000006DD2BF0789644A0F6300000032
:10909000A70000000061C31F7FFDF5673E030000CD
:1090A00000A800000000CAD3BF078964460F5A0019
:1090B000000021010000008F02004036627EFE07A2
:1090C000000000A700000000F9D41F7FFDF5673EF7
:1090D00002000000A8000000007AD4BF07896444A1
:1090E0000F61000000A70000000082D51F7FFDF582
:1090F000673E02000000A8000000000CD5BF0789F1
:1091000064460F5F00000021010000007D03004065
:1091100036627EFE02000000A70000000011D61F8C
:109120007FFDF5673E02000000A80000000068D641
:10913000BF078964480F64000000A7000000009882
:10914000D71F7FFDF5673E03000000A80000000068
:1091500061D7BF0789644A0F5B000000210100004E
:1091600000C004004036627EFE03000000A800003C
:10917000000043D8BF0789644A0F02000000A7001F
:10918000000000D5D81F7FFDF5673E1800000041A4
:10919000060000007716214F130A55924F00000079
:1091A000A70000000005D91F7FFDF5673E02000003
:1091B00000A8000000002DD9BF078964480F5B009C
:1091C00000002101000000F705004036627EFE032A
:1091D000000000BE030000009F1A0701A8C008801D
:1091E00002000000A70000000003DA1F7FFDF56702
:1091F0003E03000000A80000000026DABF078964D3
:10920000460F410000007600001B017600040101BA
:1092100000000021000000A70000000074DB5F7F59
:10922000FDF5673E02000000A800000000EBDBBF78
:10923000078964460F5A0000002101000000F00673
:10924000004036627EFE06000000A800000000F527
:10925000DCBF078964460F02000000A70000000081
:10926000CBDC5F7FFDF5673E63000000A7000000D8
:10927000003BDD5F7FFDF5673E02000000A80000B7
:109280000000B2DDBF078964480F5B0000002101C8
:10929000000000A307004036627EFE06000000A723
:1092A00000000000B0DE5F7FFDF5673E02000000B9
:1092B000A80000000000DEBF078964480F640000BA
:1092C00000A70000000077DF1F7FFDF5673E02006A
:1092D0000000A8000000008FDFBF078964480F5B13
:1092E00000000021010000006008004036627EFEA0
:1092F00003000000A800000000B3D0BF0789644647
:109300000F02000000A700000000BED01F7FFDF587
:10931000673E64000000A70000000036D11F7FFDFB
:10932000F5673E03000000A800000000D5D1BF078C
:109330008964440F5C00000021010000009F0900C7
:109340004036627EFE05000000A70000000042D209
:109350001F7FFDF5673E02000000A800000000012D
:10936000D2BF078964400F0E0000004006000000D5
:10937000028271B97620033853000000A700000074
:1093800000C3D31F7FFDF5673E02000000A8000068
:10939000000058D3BF0789643C0F5E000000210124
:1093A000000000FA0A004036627EFE02000000BEA5
:1093B00003000000E91B0701A8C0088003000000AB
:1093C000A700000000F9D41F7FFDF5673E020000F2
:1093D00000A80000000098D4BF078964360F63001E
:1093E0000000A70000000082D51F7FFDF5673E0248
:1093F000000000A800000000D6D5BF078964300F28
:109400005B0000002101000000510B004036627E2D
:10941000FE03000000A70000000011D61F7FFDF52D
:10942000673E02000000A800000000E6D6BF0789E2
:1094300064300F61000000A70000000081D75F7F4B
:10944000FDF5673E03000000A800000000EFD7BF55
:10945000078964320F5F0000002101000000940CB6
:10946000004036627EFE05000000A800000000CD2E
:10947000D8BF078964320F03000000A70000000076
:10948000CCD85F7FFDF5673E64000000A7000000B8
:10949000001CD95F7FFDF5673E02000000A80000B8
:1094A000000087D9BF078964360F5B0000002101E7
:1094B000000000870D004036627EFE05000000A718
:1094C000000000001ADA5F7FFDF5673E0200000031
:1094D000A8000000008CDABF078964380F5F000025
:1094E00000A70000000074DB5F7FFDF5673E02000F
:1094F0000000A80000000041DBBF078964380F5F4F
:109500000000002101000000140E004036627EFEC3
:1095100003000000A8000000005FDCBF078964387A
:109520000F02000000A700000000CBDC5F7FFDF50C
:10953000673E66000000A7000000003BDD5F7FFD86
:10954000F5673E05000000A8000000004CDDBF07E5
:109550008964380F580000002101000000A20F00AC
:109560004036627EFE03000000BE030000006C1C5B
:109570000701A8C0088002000000A700000000B09A
:10958000DE5F7FFDF5673E02000000A800000000DE
:10959000FEDEBF078964380F440000007600001B20
:1095A0000176000401010000001C000000A700007B
:1095B00000006EDF5F7FFDF5673E02000000A8003F
:1095C0000000006DDFBF0789643A0F6000000021D2
:1095D000010000006C00004036627EFE05000000C5
:1095E000A80000000021D0BF0789643C0F020000E2
:1095F00000A700000000A7D05F7FFDF5673E620076
:109600000000A7000000002FD15F7FFDF5673E033B
:10961000000000A8000000005BD1BF0789643C0F78
:109620005B00000021010000000001004036627E66
:10963000FE02000000A7000000005BD25F7FFDF586
:10964000673E03000000A8000000008FD2BF07891A
:1096500064380F62000000A700000000DAD35F7FCB
:10966000FDF5673E02000000A80000000034D3BFF3
:10967000078964360F6000000021010000008F029E
:10968000004036627EFE03000000A8000000008457
:10969000D4BF078964340F02000000A70000000057
:1096A000E0D45F7FFDF5673E63000000A700000087
:1096B000009BD55F7FFDF5673E03000000A800001A
:1096C0000000F2D5BF078964360F5D00000021015C
:1096D0000000007D03004036627EFE02000000A70D
:1096E0000000000008D65F7FFDF5673E0300000024
:1096F000A80000000096D6BF078964380F630000F9
:1097000000A70000000081D75F7FFDF5673E0200E3
:109710000000A8000000009FD7BF0789643A0F5DD2
:109720000000002101000000C004004036627EFEFF
:1097300002000000BE03000000D71D0701A8C008FA
:109740008003000000A700000000CCD85F7FFDF57B
:10975000673E02000000A800000000A1D8BF0789F2
:1097600064380F62000000A7000000001CD95F7F72
:10977000FDF5673E02000000A800000000D3D9BF3D
:10978000078964380F5F0000002101000000F70521
:10979000004036627EFE03000000A7000000001AB1
:1097A000DA5F7FFDF5673E02000000A800000000C0
:1097B000D8DABF078964360F61000000A7000000F7
:1097C000006DDB1F7FFDF5673E02000000A8000072
:1097D00000002DDBBF078964320F63000000210108
:1097E000000000F006004036627EFE06000000A881
:1097F000000000002FDCBF078964300F0300000069
:10980000A700000000D2DC1F7FFDF5673E5A000074
:1098100000A70000000022DD1F7FFDF5673E02006B
:109820000000A80000000088DDBF0789642E0F61DA
:109830000000002101000000A307004036627EFE08
:1098400003000000A700000000A9DE1F7FFDF567F0
:109850003E02000000A80000000026DEBF07896469
:109860002C0F61000000A70000000077DF1F7FFDC4
:10987000F5673E02000000A80000000001DFBF07FE
:109880008964300F630000002101000000600800BF
:109890004036627EFE03000000A80000000075D084
:1098A000BF078964320F02000000A700000000A774
:1098B000D05F7FFDF5673E5F000000A7000000005D
:1098C0002FD15F7FFDF5673E02000000A800000079
:1098D000002BD1BF078964340F6100000021010013
:1098E00000009F09004036627EFE02000000BE03B9
:1098F000000000C81E0701A8C0088003000000A7E0
:10990000000000005BD25F7FFDF5673E02000000B3
:10991000A800000000DBD2BF078964360F3F0000BB
:10992000007600001B0176000401010000001E000B
:109930000000A700000000DAD35F7FFDF5673E025C
:10994000000000A80000000034D3BF078964360F70
:10995000620000002101000000FA0A004036627E29
:10996000FE06000000A80000000098D4BF0789642C
:10997000360F03000000A700000000E0D45F7FFD69
:10998000F5673E59000000A7000000009BD55F7FEF
:10999000FDF5673E03000000A800000000A6D5BF4B
:1099A000078964380F620000002101000000510B9C
:1099B000004036627EFE02000000A70000000008A2
:1099C000D65F7FFDF5673E03000000A800000000A1
:1099D0008AD6BF0789643A0F5E000000A700000026
:1099E0000081D75F7FFDF5673E02000000A8000000
:1099F0000000BBD7BF0789643C0F60000000210155
:109A0000000000940C004036627EFE03000000A8B7
:109A10000000000085D8BF0789643E0F02000000E7
:109A2000A700000000CCD85F7FFDF5673E61000015
:109A300000A7000000001CD95F7FFDF5673E030012
:109A40000000A8000000005DD9BF078964400F62D4
:109A50000000002101000000870D004036627EFEFC
:109A600005000000A7000000001ADA5F7FFDF5671F
:109A70003E02000000A800000000A8DABF078964C9
:109A80003E0F5E000000A70000000074DB5F7FFD5A
:109A9000F5673E02000000A80000000079DBBF0768
:109AA00089643C0F5D0000002101000000140E00DD
:109AB0004036627EFE02000000BE03000000C51FAB
:109AC0000701A8C0088003000000A700000000CB29
:109AD000DC5F7FFDF5673E02000000A8000000008B
:109AE00067DCBF0789643C0F61000000A70000002D
:109AF000003BDD5F7FFDF5673E02000000A800002F
:109B0000000074DDBF0789643C0F62000000210182
:109B1000000000A20F004036627EFE02000000A797
:109B200000000000B0DE5F7FFDF5673E030000002F
:109B3000A80000000070DEBF078964400F5D0000D0
:109B400000A70000000077DF1F7FFDF5673E0300E0
:109B50000000A800000000FFDFBF078964400F5F1E
:109B600000000021010000006C00004036627EFE13
:109B700005000000A700000000A7D05F7FFDF5678B
:109B80003E03000000A80000000097D0BF078964D2
:109B9000400F60000000A7000000002FD15F7FFD94
:109BA000F5673E02000000A80000000047D1BF0793
:109BB00089643E0F620000002101000000000100E6
:109BC0004036627EFE03000000A7000000005BD26A
:109BD0005F7FFDF5673E02000000A800000000B7AF
:109BE000D2BF0789643C0F5E000000A700000000A0
:109BF000DAD35F7FFDF5673E02000000A800000099
:109C0000007CD3BF0789643A0F6000000021010087
:109C100000008F02004036627EFE03000000A800B4
:109C2000000000CCD4BF078964380F02000000A7F1
:109C300000000000E0D45F7FFDF5673E11000000EA
:109C40004006000000028271B976200338530000FC
:109C500000A7000000009BD55F7FFDF5673E020076
:109C60000000A800000000A6D5BF078964380F6077
:109C700000000021010000007D03004036627EFEEE
:109C800002000000BE030000007C100701A8C0080D
:109C90008003000000A70000000008D65F7FFDF5EC
:109CA000673E02000000A800000000C2D6BF07897E
:109CB00064360F400000007600001B0176000401AE
:109CC000010000001C000000A70000000081D75F19
:109CD0007FFDF5673E03000000A800000000EFD7FD
:109CE000BF078964320F5E0000002101000000C040
:109CF00004004036627EFE06000000A8000000005E
:109D0000D1D8BF078964300F02000000A70000000F
:109D100000CCD85F7FFDF5673E5F000000A7000024
:109D200000001CD95F7FFDF5673E02000000A8001F
:109D300000000017D9BF0789642E0F6200000021C0
:109D400001000000F705004036627EFE02000000C0
:109D5000A7000000001ADA5F7FFDF5673E030000F0
:109D600000A80000000054DABF0789642C0F5F00D0
:109D70000000A70000000074DB5F7FFDF5673E0276
:109D8000000000A80000000099DBBF0789642C0FC9
:109D9000600000002101000000F006004036627EF5
:109DA000FE03000000A800000000BFDCBF078964BC
:109DB000280F02000000A700000000CBDC5F7FFD41
:109DC000F5673E61000000A7000000003BDD5F7FFB
:109DD000FDF5673E03000000A800000000E4DDBFC1
:109DE000078964240F600000002101000000A30720
:109DF000004036627EFE02000000A700000000B0B6
:109E0000DE5F7FFDF5673E02000000A80000000055
:109E10006EDEBF078964200F65000000A700000008
:109E2000006EDF5F7FFDF5673E02000000A80000C6
:109E30000000A6DFBF0789641C0F5E00000021013F
:109E40000000006008004036627EFE02000000BE96
:109E50000300000008110701A8C0088002000000EC
:109E6000A800000000F6D0BF078964180F030000A7
:109E700000A700000000A7D05F7FFDF5673E6100EE
:109E80000000A7000000002FD15F7FFDF5673E08AE
:109E9000000000A800000000D8D1BF078964160F99
:109EA0005500000021010000009F09004036627E3D
:109EB000FE03000000A7000000005BD25F7FFDF5FD
:109EC000673E02000000A8000000000CD2BF078916
:109ED00064120F65000000A700000000DAD35F7F66
:109EE000FDF5673E02000000A8000000004BD3BF54
:109EF0000789640E0F5E0000002101000000FA0ACD
:109F0000004036627EFE05000000A700000000E071
:109F1000D45F7FFDF5673E03000000A8000000004D
:109F2000FBD4BF0789640C0F62000000A70000008B
:109F3000009BD55F7FFDF5673E04000000A8000090
:109F40000000B5D5BF0789640A0F59000000210140
:109F5000000000510B004036627EFE03000000A7A7
:109F600000000000B9D65F7FFDF9673E02000000E7
:109F7000A80000000099D6BF078964080F6500009B
:109F800000A70000000030D75F7FFDF9673E0200A8
:109F90000000A8000000008CD7BF078964080F5993
:109FA0000000002101000000940C004036627EFE9B
:109FB00003000000A80000000035D89F078964084E
:109FC0000F02000000A7000000007DD85F7FFDF9B0
:109FD000673E65000000A700000000ADD95F7FFD6F
:109FE000F9673E02000000A80000000013D99F0797
:109FF0008964060F5C0000002101000000870D004D
:10A000004036627EFE02000000BE030000006712C0
:10A010000701A8C0088003000000A700000000ABF3
:10A02000DA5F7FFDF9673E02000000A80000000033
:10A030004CDA9F078964060F440000007600001B7D
:10A040000176000401010000001F000000A70000CD
:10A050000000C5DB5F7FFDF9673E02000000A8003D
:10A060000000009DDB9F078964040F5D0000002154
:10A0700001000000140E004036627EFE0500000064
:10A08000A8000000009FDC9F078964060F03000002
:10A0900000A7000000007ADC5F7FFDF9673E5D00ED
:10A0A0000000A700000000A1DD9F7FFDF9673E03CF
:10A0B000000000A800000000D8DD9F078964080F99
:10A0C0005F0000002101000000A20F004036627E08
:10A0D000FE03000000A7000000002ADE9F7FFDF9BC
:10A0E000673E02000000A8000000006ADE9F0789AA
:10A0F00064080F65000000A700000000F4DF9F7FE8
:10A10000FDF9673E03000000A800000000E5DF9FA6
:10A11000078964080F5C00000021010000006C004A
:10A12000004036627EFE03000000A800000000919F
:10A13000D09F0789640A0F03000000A700000000F9
:10A140003DD09F7FFDF9673E60000000A700000042
:10A1500000B5D19F7FFDF9673E02000000A8000016
:10A160000000CFD19F0789640C0F5F000000210120
:10A170000000000001004036627EFE02000000A7E1
:10A1800000000000C1D29F7FFDF9673E0300000080
:10A19000A8000000008BD29F078964100F670000A1
:10A1A00000A70000000040D39F7FFDF9673E02003A
:10A1B0000000A8000000005CD39F078964140F5AB8
:10A1C00000000021010000008F02004036627EFE88
:10A1D00003000000BE0300000094130701A8C0089C
:10A1E0008002000000A700000000B3E49F7FFDF99B
:10A1F000673E03000000A800000000ECD49F078920
:10A2000064160F5F000000A700000000E3E55F7F19
:10A21000FDF9673E03000000A800000000D2D59FB2
:10A22000078964180F5F00000021010000007D0312
:10A23000004036627EFE02000000A70000000070B1
:10A24000E65F7FFDF9673E02000000A80000000005
:10A25000B6D69F078964160F63000000A7000000B0
:10A2600000F9E75F7FFDF9673E02000000A80000EB
:10A270000000A3D79F078964160F5F00000021012B
:10A28000000000C004004036627EFE05000000A70A
:10A2900000000000B4E85F7FFDF9673E02000000A7
:10A2A000A800000000C9D89F0789641A0F60000049
:10A2B00000A70000000064E95F7FFDF9673E02002F
:10A2C0000000A80000000083D99F0789641E0F6367
:10A2D0000000002101000000F705004036627EFE0C
:10A2E00002000000A700000000D3EA5F7FFDF567D1
:10A2F0003E02000000A8000000009BDA9F0789646E
:10A30000220F5D000000A700000000BDEB5F7FFD95
:10A31000F5673E02000000A80000000072DB9F0706
:10A320008964240F620000002101000000F0060093
:10A330004036627EFE03000000A8000000006CDCD6
:10A340009F078964240F02000000A700000000CBD3
:10A35000DC5F7FFDF5673E1B00000041060000004A
:10A360001317214F130A55924A000000A70000005E
:10A37000003BDD5F7FFDF5673E02000000A80000A6
:10A38000000063DD9F078964260F60000000210143
:10A39000000000A307004036627EFE02000000BEFF
:10A3A0000300000063140701A8C008800300000038
:10A3B000A700000000B0DE5F7FFDF5673E020000F1
:10A3C00000A80000000085DE9F078964280F3E007A
:10A3D00000007600001B0176000401010000001B54
:10A3E000000000A7000000006EDF5F7FFDF5673E04
:10A3F00003000000A80000000032DF9F0789642CE2
:10A400000F63000000210100000060080040366278
:10A410007EFE05000000A800000000F2D09F078922
:10A4200064300F03000000A700000000A7D05F7F8A
:10A43000FDF5673E5D000000A7000000002FD15F22
:10A440007FFDF5673E02000000A80000000013D168
:10A45000BF078964300F6300000021010000009FE6
:10A4600009004036627EFE02000000A700000000E6
:10A470005BD25F7FFDF5673E00000000000000003A
:10A480000102030406070809020304050607080978
:0CA490000A0B0C0D0E0F10100102000052
:04A49C003101000882
:04A4A0000D010008A2
:10A4A4007017000000127A00100000000100000084
:04000005080007CD1B
:00000001FF
