/*
 * can_array1.c
 *
 *  Created on: Apr 13, 2025
 *      Author: MadaYaswanth
 */
#include"can_data_array1.h"
const CAN_LogFrame can_data[] = {
    { 10, 0x121, 0, {0xFA, 0x0A, 0x00, 0x40, 0x36, 0x62, 0x7E, 0xFE} },
    { 4, 0xA8, 0, {0xEA, 0xD4, 0xBF, 0x07, 0x89, 0x64, 0x5C, 0x0F} },
    { 2, 0xA7, 0, {0xEF, 0xD4, 0x5F, 0x7F, 0xFD, 0xF5, 0x57, 0x3E} },
    { 93, 0xA7, 0, {0x94, 0xD5, 0x5F, 0x7F, 0xFD, 0xF5, 0x57, 0x3E} },
    { 2, 0xA8, 0, {0xC7, 0xD5, 0xBF, 0x07, 0x89, 0x64, 0x60, 0x0F} },
    { 94, 0x121, 0, {0x51, 0x0B, 0x00, 0x40, 0x36, 0x62, 0x7E, 0xFE} },
    { 3, 0xA7, 0, {0x08, 0xD6, 0x5F, 0x7F, 0xFD, 0xF5, 0x67, 0x3E} },
    { 2, 0xA8, 0, {0xEB, 0xD6, 0xBF, 0x07, 0x89, 0x64, 0x62, 0x0F} },
    { 100, 0xA7, 0, {0x81, 0xD7, 0x5F, 0x7F, 0xFD, 0xF5, 0x67, 0x3E} },
    { 3, 0xA8, 0, {0xFE, 0xD7, 0xBF, 0x07, 0x89, 0x64, 0x62, 0x0F} },
    { 96, 0x121, 0, {0x94, 0x0C, 0x00, 0x40, 0x36, 0x62, 0x7E, 0xFE} },
    { 3, 0x3BE, 0, {0x1C, 0x15, 0x07, 0x01, 0xA8, 0xC0, 0x08, 0x80} },
    { 2, 0xA7, 0, {0xCC, 0xD8, 0x5F, 0x7F, 0xFD, 0xF5, 0x67, 0x3E} },
    { 2, 0xA8, 0, {0xF8, 0xD8, 0xBF, 0x07, 0x89, 0x64, 0x64, 0x0F} },
    { 93, 0xA7, 0, {0x1C, 0xD9, 0x5F, 0x7F, 0xFD, 0xF5, 0x67, 0x3E} },
    { 3, 0xA8, 0, {0xC2, 0xD9, 0xBF, 0x07, 0x89, 0x64, 0x68, 0x0F} },
    { 94, 0x121, 0, {0x87, 0x0D, 0x00, 0x40, 0x36, 0x62, 0x7E, 0xFE} },
    { 2, 0xA7, 0, {0x1A, 0xDA, 0x5F, 0x7F, 0xFD, 0xF5, 0x67, 0x3E} },
    { 2, 0xA8, 0, {0x81, 0xDA, 0xBF, 0x07, 0x89, 0x64, 0x6A, 0x0F} },
    { 98, 0xA7, 0, {0x74, 0xDB, 0x5F, 0x7F, 0xFD, 0xF5, 0x67, 0x3E} },
    { 2, 0xA8, 0, {0x74, 0xDB, 0xBF, 0x07, 0x89, 0x64, 0x6E, 0x0F} },
    { 99, 0x121, 0, {0x14, 0x0E, 0x00, 0x40, 0x36, 0x62, 0x7E, 0xFE} },
    { 6, 0xA7, 0, {0xCB, 0xDC, 0x5F, 0x7F, 0xFD, 0xF5, 0x67, 0x3E} },
    { 2, 0xA8, 0, {0x76, 0xDC, 0xBF, 0x07, 0x89, 0x64, 0x6C, 0x0F} },
    { 92, 0xA7, 0, {0x3B, 0xDD, 0x5F, 0x7F, 0xFD, 0xF5, 0x67, 0x3E} },
    { 3, 0xA8, 0, {0x65, 0xDD, 0xBF, 0x07, 0x89, 0x64, 0x6C, 0x0F} },
    { 94, 0x121, 0, {0xA2, 0x0F, 0x00, 0x40, 0x36, 0x62, 0x7E, 0xFE} },
    { 2, 0xA7, 0, {0xB0, 0xDE, 0x5F, 0x7F, 0xFD, 0xF5, 0x67, 0x3E} },
    { 3, 0xA8, 0, {0xD7, 0xDE, 0xBF, 0x07, 0x89, 0x64, 0x6C, 0x0F} },
    { 100, 0xA7, 0, {0x6E, 0xDF, 0x5F, 0x7F, 0xFD, 0xF5, 0x67, 0x3E} },
    { 2, 0xA8, 0, {0x44, 0xDF, 0xBF, 0x07, 0x89, 0x64, 0x6E, 0x0F} },
    { 99, 0x121, 0, {0x6C, 0x00, 0x00, 0x40, 0x36, 0x62, 0x7E, 0xFE} },
    { 4, 0xA8, 0, {0x84, 0xD0, 0xBF, 0x07, 0x89, 0x64, 0x72, 0x0F} },
    { 2, 0xA7, 0, {0xA7, 0xD0, 0x5F, 0x7F, 0xFD, 0xF5, 0x67, 0x3E} },
    { 95, 0xA7, 0, {0x2F, 0xD1, 0x5F, 0x7F, 0xFD, 0xF5, 0x67, 0x3E} },
    { 3, 0xA8, 0, {0xFE, 0xD1, 0xBF, 0x07, 0x89, 0x64, 0x72, 0x0F} },
    { 93, 0x121, 0, {0x00, 0x01, 0x00, 0x40, 0x36, 0x62, 0x7E, 0xFE} },
    { 2, 0x3BE, 0, {0x01, 0x16, 0x07, 0x01, 0xA8, 0xC0, 0x08, 0x80} },
    { 2, 0xA7, 0, {0x42, 0xD2, 0x1F, 0x7F, 0xFD, 0xF5, 0x67, 0x3E} },
    { 3, 0xA8, 0, {0x12, 0xD2, 0xBF, 0x07, 0x89, 0x64, 0x72, 0x0F} },
    { 67, 0x1B000076, 1, {0x76, 0x00, 0x04, 0x01, 0x01, 0x00, 0x00, 0x00} },
    { 28, 0xA7, 0, {0xC3, 0xD3, 0x1F, 0x7F, 0xFD, 0xF5, 0x67, 0x3E} },
    { 2, 0xA8, 0, {0x55, 0xD3, 0xBF, 0x07, 0x89, 0x64, 0x6E, 0x0F} },
    { 99, 0x121, 0, {0x8F, 0x02, 0x00, 0x40, 0x36, 0x62, 0x7E, 0xFE} },
    { 5, 0xA7, 0, {0xF9, 0xD4, 0x1F, 0x7F, 0xFD, 0xF5, 0x67, 0x3E} },
    { 2, 0xA8, 0, {0xE5, 0xD4, 0xBF, 0x07, 0x89, 0x64, 0x6C, 0x0F} },
    { 92, 0xA7, 0, {0x82, 0xD5, 0x1F, 0x7F, 0xFD, 0xF5, 0x67, 0x3E} },
    { 2, 0xA8, 0, {0xB7, 0xD5, 0xBF, 0x07, 0x89, 0x64, 0x68, 0x0F} },
    { 95, 0x121, 0, {0x7D, 0x03, 0x00, 0x40, 0x36, 0x62, 0x7E, 0xFE} },
    { 3, 0xA7, 0, {0x11, 0xD6, 0x1F, 0x7F, 0xFD, 0xF5, 0x67, 0x3E} },
    { 2, 0xA8, 0, {0xD3, 0xD6, 0xBF, 0x07, 0x89, 0x64, 0x66, 0x0F} },
    { 97, 0xA7, 0, {0x98, 0xD7, 0x1F, 0x7F, 0xFD, 0xF5, 0x67, 0x3E} },
    { 3, 0xA8, 0, {0xFE, 0xD7, 0xBF, 0x07, 0x89, 0x64, 0x62, 0x0F} },
    { 99, 0x121, 0, {0xC0, 0x04, 0x00, 0x40, 0x36, 0x62, 0x7E, 0xFE} },
    { 4, 0xA8, 0, {0x9B, 0xD8, 0xBF, 0x07, 0x89, 0x64, 0x5E, 0x0F} },
    { 2, 0xA7, 0, {0xD5, 0xD8, 0x1F, 0x7F, 0xFD, 0xF5, 0x67, 0x3E} },
    { 92, 0xA7, 0, {0x05, 0xD9, 0x1F, 0x7F, 0xFD, 0xF5, 0x67, 0x3E} },
    { 3, 0xA8, 0, {0xD1, 0xD9, 0xBF, 0x07, 0x89, 0x64, 0x5A, 0x0F} },
    { 95, 0x121, 0, {0xF7, 0x05, 0x00, 0x40, 0x36, 0x62, 0x7E, 0xFE} },
    { 2, 0xA7, 0, {0x1A, 0xDA, 0x5F, 0x7F, 0xFD, 0xF5, 0x67, 0x3E} },
    { 2, 0xA8, 0, {0xDA, 0xDA, 0xBF, 0x07, 0x89, 0x64, 0x54, 0x0F} },
    { 100, 0xA7, 0, {0x74, 0xDB, 0x5F, 0x7F, 0xFD, 0xF5, 0x67, 0x3E} },
    { 3, 0xA8, 0, {0x33, 0xDB, 0xBF, 0x07, 0x89, 0x64, 0x52, 0x0F} },
    { 96, 0x121, 0, {0xF0, 0x06, 0x00, 0x40, 0x36, 0x62, 0x7E, 0xFE} },
    { 2, 0x3BE, 0, {0x8D, 0x17, 0x07, 0x01, 0xA8, 0xC0, 0x08, 0x80} },
    { 3, 0xA8, 0, {0x31, 0xDC, 0xBF, 0x07, 0x89, 0x64, 0x50, 0x0F} },
    { 2, 0xA7, 0, {0xCB, 0xDC, 0x5F, 0x7F, 0xFD, 0xF5, 0x67, 0x3E} },
    { 93, 0xA7, 0, {0x3B, 0xDD, 0x5F, 0x7F, 0xFD, 0xF5, 0x67, 0x3E} },
    { 2, 0xA8, 0, {0x1A, 0xDD, 0xBF, 0x07, 0x89, 0x64, 0x54, 0x0F} },
    { 95, 0x121, 0, {0xA3, 0x07, 0x00, 0x40, 0x36, 0x62, 0x7E, 0xFE} },
    { 3, 0xA7, 0, {0xB0, 0xDE, 0x5F, 0x7F, 0xFD, 0xF5, 0x67, 0x3E} },
    { 2, 0xA8, 0, {0xB4, 0xDE, 0xBF, 0x07, 0x89, 0x64, 0x56, 0x0F} },
    { 97, 0xA7, 0, {0x6E, 0xDF, 0x5F, 0x7F, 0xFD, 0xF5, 0x67, 0x3E} },
    { 2, 0xA8, 0, {0x6F, 0xDF, 0xBF, 0x07, 0x89, 0x64, 0x58, 0x0F} },
    { 99, 0x121, 0, {0x60, 0x08, 0x00, 0x40, 0x36, 0x62, 0x7E, 0xFE} },
    { 6, 0xA7, 0, {0xA7, 0xD0, 0x5F, 0x7F, 0xFD, 0xF5, 0x67, 0x3E} },
    { 2, 0xA8, 0, {0x1B, 0xD0, 0xBF, 0x07, 0x89, 0x64, 0x5A, 0x0F} },
    { 92, 0xA7, 0, {0x2F, 0xD1, 0x5F, 0x7F, 0xFD, 0xF5, 0x67, 0x3E} },
    { 2, 0xA8, 0, {0x35, 0xD1, 0xBF, 0x07, 0x89, 0x64, 0x54, 0x0F} },
    { 95, 0x121, 0, {0x9F, 0x09, 0x00, 0x40, 0x36, 0x62, 0x7E, 0xFE} },
    { 3, 0xA7, 0, {0x5B, 0xD2, 0x5F, 0x7F, 0xFD, 0xF5, 0x67, 0x3E} },
    { 2, 0xA8, 0, {0xFD, 0xD2, 0xBF, 0x07, 0x89, 0x64, 0x52, 0x0F} },
    { 97, 0xA7, 0, {0xDA, 0xD3, 0x5F, 0x7F, 0xFD, 0xF5, 0x67, 0x3E} },
    { 2, 0xA8, 0, {0x0E, 0xD3, 0xBF, 0x07, 0x89, 0x64, 0x50, 0x0F} },
    { 98, 0x121, 0, {0xFA, 0x0A, 0x00, 0x40, 0x36, 0x62, 0x7E, 0xFE} },
    { 4, 0xA8, 0, {0x16, 0xD4, 0xBF, 0x07, 0x89, 0x64, 0x4E, 0x0F} },
    { 2, 0xA7, 0, {0xE0, 0xD4, 0x5F, 0x7F, 0xFD, 0xF5, 0x67, 0x3E} },
    { 25, 0x641, 0, {0x64, 0x11, 0x21, 0x4F, 0x13, 0x0A, 0x55, 0x92} },
    { 72, 0xA7, 0, {0x9B, 0xD5, 0x5F, 0x7F, 0xFD, 0xF5, 0x67, 0x3E} },
    { 2, 0xA8, 0, {0x7C, 0xD5, 0xBF, 0x07, 0x89, 0x64, 0x4E, 0x0F} },
    { 93, 0x121, 0, {0x51, 0x0B, 0x00, 0x40, 0x36, 0x62, 0x7E, 0xFE} },
    { 2, 0x3BE, 0, {0x77, 0x18, 0x07, 0x01, 0xA8, 0xC0, 0x08, 0x80} },
    { 2, 0xA7, 0, {0x08, 0xD6, 0x5F, 0x7F, 0xFD, 0xF5, 0x67, 0x3E} },
    { 3, 0xA8, 0, {0xF8, 0xD6, 0xBF, 0x07, 0x89, 0x64, 0x50, 0x0F} },
    { 67, 0x1B000076, 1, {0x76, 0x00, 0x04, 0x01, 0x01, 0x00, 0x00, 0x00} },
    { 28, 0xA7, 0, {0x81, 0xD7, 0x5F, 0x7F, 0xFD, 0xF5, 0x67, 0x3E} },
    { 2, 0xA8, 0, {0xF1, 0xD7, 0xBF, 0x07, 0x89, 0x64, 0x52, 0x0F} },
    { 97, 0x121, 0, {0x94, 0x0C, 0x00, 0x40, 0x36, 0x62, 0x7E, 0xFE} },
    { 6, 0xA8, 0, {0xF7, 0xD8, 0xBF, 0x07, 0x89, 0x64, 0x54, 0x0F} },
    { 3, 0xA7, 0, {0xCC, 0xD8, 0x5F, 0x7F, 0xFD, 0xF5, 0x67, 0x3E} },
    { 92, 0xA7, 0, {0x1C, 0xD9, 0x5F, 0x7F, 0xFD, 0xF5, 0x67, 0x3E} },
    { 3, 0xA8, 0, {0xBD, 0xD9, 0xBF, 0x07, 0x89, 0x64, 0x50, 0x0F} },
    { 96, 0x121, 0, {0x87, 0x0D, 0x00, 0x40, 0x36, 0x62, 0x7E, 0xFE} },
    { 2, 0xA7, 0, {0x1A, 0xDA, 0x5F, 0x7F, 0xFD, 0xF5, 0x67, 0x3E} },
    { 2, 0xA8, 0, {0x72, 0xDA, 0xBF, 0x07, 0x89, 0x64, 0x48, 0x0F} },
    { 101, 0xA7, 0, {0x74, 0xDB, 0x5F, 0x7F, 0xFD, 0xF5, 0x67, 0x3E} },
    { 3, 0xA8, 0, {0xCF, 0xDB, 0xBF, 0x07, 0x89, 0x64, 0x40, 0x0F} },
    { 92, 0x121, 0, {0x14, 0x0E, 0x00, 0x40, 0x36, 0x62, 0x7E, 0xFE} },
    { 2, 0xA8, 0, {0x43, 0xDC, 0xBF, 0x07, 0x89, 0x64, 0x3A, 0x0F} },
    { 3, 0xA7, 0, {0xCB, 0xDC, 0x5F, 0x7F, 0xFD, 0xF5, 0x67, 0x3E} },
    { 98, 0xA7, 0, {0x3B, 0xDD, 0x5F, 0x7F, 0xFD, 0xF5, 0x67, 0x3E} },
    { 3, 0xA8, 0, {0x4C, 0xDD, 0xBF, 0x07, 0x89, 0x64, 0x38, 0x0F} },
    { 95, 0x121, 0, {0xA2, 0x0F, 0x00, 0x40, 0x36, 0x62, 0x7E, 0xFE} },
    { 2, 0xA7, 0, {0xB0, 0xDE, 0x5F, 0x7F, 0xFD, 0xF5, 0x67, 0x3E} },
    { 2, 0xA8, 0, {0xFE, 0xDE, 0xBF, 0x07, 0x89, 0x64, 0x38, 0x0F} },
    { 14, 0x640, 0, {0x02, 0x81, 0x6F, 0xB7, 0x76, 0x20, 0x03, 0x28} },
    { 89, 0xA7, 0, {0x6E, 0xDF, 0x5F, 0x7F, 0xFD, 0xF5, 0x67, 0x3E} },
    { 2, 0xA8, 0, {0x71, 0xDF, 0xBF, 0x07, 0x89, 0x64, 0x38, 0x0F} },
    { 89, 0x121, 0, {0x6C, 0x00, 0x00, 0x40, 0x36, 0x62, 0x7E, 0xFE} },
    { 3, 0x3BE, 0, {0x54, 0x19, 0x07, 0x01, 0xA8, 0xC0, 0x08, 0x80} },
    { 2, 0xA7, 0, {0x16, 0xD0, 0x5F, 0x7F, 0xFD, 0xF9, 0x67, 0x3E} },
    { 2, 0xA8, 0, {0x51, 0xD0, 0xBF, 0x07, 0x89, 0x64, 0x34, 0x0F} },
    { 99, 0xA7, 0, {0x9E, 0xD1, 0x5F, 0x7F, 0xFD, 0xF9, 0x67, 0x3E} },
    { 2, 0xA8, 0, {0x0F, 0xD1, 0xBF, 0x07, 0x89, 0x64, 0x32, 0x0F} },
    { 94, 0x121, 0, {0x00, 0x01, 0x00, 0x40, 0x36, 0x62, 0x7E, 0xFE} },
    { 2, 0xA7, 0, {0xEA, 0xD2, 0x5F, 0x7F, 0xFD, 0xF9, 0x67, 0x3E} },
    { 3, 0xA8, 0, {0xC7, 0xD2, 0xBF, 0x07, 0x89, 0x64, 0x34, 0x0F} },
    { 99, 0xA7, 0, {0x6B, 0xD3, 0x5F, 0x7F, 0xFD, 0xF9, 0x67, 0x3E} },
    { 3, 0xA8, 0, {0x34, 0xD3, 0xBF, 0x07, 0x89, 0x64, 0x36, 0x0F} },
    { 91, 0x121, 0, {0x8F, 0x02, 0x00, 0x40, 0x36, 0x62, 0x7E, 0xFE} },
    { 5, 0xA7, 0, {0x51, 0xD4, 0x5F, 0x7F, 0xFD, 0xF9, 0x67, 0x3E} },
    { 3, 0xA8, 0, {0xCC, 0xD4, 0xBF, 0x07, 0x89, 0x64, 0x38, 0x0F} },
    { 99, 0xA7, 0, {0x2A, 0xD5, 0x5F, 0x7F, 0xFD, 0xF9, 0x67, 0x3E} },
    { 2, 0xA8, 0, {0x9E, 0xD5, 0xBF, 0x07, 0x89, 0x64, 0x3C, 0x0F} },
    { 93, 0x121, 0, {0x7D, 0x03, 0x00, 0x40, 0x36, 0x62, 0x7E, 0xFE} },
    { 2, 0xA7, 0, {0xB9, 0xD6, 0x5F, 0x7F, 0xFD, 0xF9, 0x67, 0x3E} },
    { 3, 0xA8, 0, {0xB2, 0xD6, 0xBF, 0x07, 0x89, 0x64, 0x3E, 0x0F} },
    { 100, 0xA7, 0, {0x30, 0xD7, 0x5F, 0x7F, 0xFD, 0xF9, 0x67, 0x3E} },
    { 2, 0xA8, 0, {0x0D, 0xD7, 0xBF, 0x07, 0x89, 0x64, 0x40, 0x0F} },
    { 90, 0x121, 0, {0xC0, 0x04, 0x00, 0x40, 0x36, 0x62, 0x7E, 0xFE} },
    { 4, 0xA8, 0, {0x2F, 0xD8, 0xBF, 0x07, 0x89, 0x64, 0x40, 0x0F} },
    { 2, 0xA7, 0, {0xCC, 0xD8, 0x5F, 0x7F, 0xFD, 0xF5, 0x67, 0x3E} },
    { 103, 0xA7, 0, {0x1C, 0xD9, 0x5F, 0x7F, 0xFD, 0xF5, 0x67, 0x3E} },
    { 3, 0xA8, 0, {0x5D, 0xD9, 0xBF, 0x07, 0x89, 0x64, 0x40, 0x0F} },
    { 89, 0x121, 0, {0xF7, 0x05, 0x00, 0x40, 0x36, 0x62, 0x7E, 0xFE} },
    { 2, 0x3BE, 0, {0x9F, 0x1A, 0x07, 0x01, 0xA8, 0xC0, 0x08, 0x80} },
    { 2, 0xA7, 0, {0x1A, 0xDA, 0x5F, 0x7F, 0xFD, 0xF5, 0x67, 0x3E} },
    { 3, 0xA8, 0, {0x1E, 0xDA, 0xBF, 0x07, 0x89, 0x64, 0x42, 0x0F} },
    { 67, 0x1B000076, 1, {0x76, 0x00, 0x04, 0x01, 0x01, 0x00, 0x00, 0x00} },
    { 28, 0xA7, 0, {0x74, 0xDB, 0x5F, 0x7F, 0xFD, 0xF5, 0x67, 0x3E} },
    { 2, 0xA8, 0, {0xD3, 0xDB, 0xBF, 0x07, 0x89, 0x64, 0x42, 0x0F} },
    { 96, 0x121, 0, {0xF0, 0x06, 0x00, 0x40, 0x36, 0x62, 0x7E, 0xFE} },
    { 5, 0xA8, 0, {0xCD, 0xDC, 0xBF, 0x07, 0x89, 0x64, 0x42, 0x0F} },
    { 3, 0xA7, 0, {0xCB, 0xDC, 0x5F, 0x7F, 0xFD, 0xF5, 0x67, 0x3E} },
    { 97, 0xA7, 0, {0x3B, 0xDD, 0x5F, 0x7F, 0xFD, 0xF5, 0x67, 0x3E} },
    { 3, 0xA8, 0, {0xDE, 0xDD, 0xBF, 0x07, 0x89, 0x64, 0x42, 0x0F} },
    { 92, 0x121, 0, {0xA3, 0x07, 0x00, 0x40, 0x36, 0x62, 0x7E, 0xFE} },
    { 2, 0xA7, 0, {0xB0, 0xDE, 0x5F, 0x7F, 0xFD, 0xF5, 0x67, 0x3E} },
    { 3, 0xA8, 0, {0x48, 0xDE, 0xBF, 0x07, 0x89, 0x64, 0x44, 0x0F} },
    { 97, 0xA7, 0, {0x6E, 0xDF, 0x5F, 0x7F, 0xFD, 0xF5, 0x67, 0x3E} },
    { 2, 0xA8, 0, {0xDB, 0xDF, 0xBF, 0x07, 0x89, 0x64, 0x46, 0x0F} },
    { 96, 0x121, 0, {0x60, 0x08, 0x00, 0x40, 0x36, 0x62, 0x7E, 0xFE} },
    { 3, 0xA8, 0, {0xDF, 0xD0, 0xBF, 0x07, 0x89, 0x64, 0x4C, 0x0F} },
    { 2, 0xA7, 0, {0xA7, 0xD0, 0x5F, 0x7F, 0xFD, 0xF5, 0x67, 0x3E} },
    { 101, 0xA7, 0, {0x2F, 0xD1, 0x5F, 0x7F, 0xFD, 0xF5, 0x67, 0x3E} },
    { 2, 0xA8, 0, {0x0D, 0xD1, 0xBF, 0x07, 0x89, 0x64, 0x50, 0x0F} },
    { 92, 0x121, 0, {0x9F, 0x09, 0x00, 0x40, 0x36, 0x62, 0x7E, 0xFE} },
    { 4, 0xA7, 0, {0x5B, 0xD2, 0x5F, 0x7F, 0xFD, 0xF5, 0x67, 0x3E} },
    { 3, 0xA8, 0, {0xD9, 0xD2, 0xBF, 0x07, 0x89, 0x64, 0x54, 0x0F} },
    { 97, 0xA7, 0, {0xDA, 0xD3, 0x5F, 0x7F, 0xFD, 0xF5, 0x67, 0x3E} },
    { 2, 0xA8, 0, {0x2A, 0xD3, 0xBF, 0x07, 0x89, 0x64, 0x56, 0x0F} },
    { 94, 0x121, 0, {0xFA, 0x0A, 0x00, 0x40, 0x36, 0x62, 0x7E, 0xFE} },
    { 2, 0x3BE, 0, {0xE9, 0x1B, 0x07, 0x01, 0xA8, 0xC0, 0x08, 0x80} },
    { 3, 0xA7, 0, {0xE0, 0xD4, 0x5F, 0x7F, 0xFD, 0xF5, 0x67, 0x3E} },
    { 2, 0xA8, 0, {0x86, 0xD4, 0xBF, 0x07, 0x89, 0x64, 0x56, 0x0F} },
    { 99, 0xA7, 0, {0x9B, 0xD5, 0x5F, 0x7F, 0xFD, 0xF5, 0x67, 0x3E} },
    { 3, 0xA8, 0, {0xB8, 0xD5, 0xBF, 0x07, 0x89, 0x64, 0x58, 0x0F} },
    { 91, 0x121, 0, {0x51, 0x0B, 0x00, 0x40, 0x36, 0x62, 0x7E, 0xFE} },
    { 2, 0xA7, 0, {0x08, 0xD6, 0x5F, 0x7F, 0xFD, 0xF5, 0x67, 0x3E} },
    { 3, 0xA8, 0, {0xC0, 0xD6, 0xBF, 0x07, 0x89, 0x64, 0x54, 0x0F} },
    { 96, 0xA7, 0, {0x81, 0xD7, 0x5F, 0x7F, 0xFD, 0xF5, 0x67, 0x3E} },
    { 3, 0xA8, 0, {0xD5, 0xD7, 0xBF, 0x07, 0x89, 0x64, 0x54, 0x0F} },
    { 96, 0x121, 0, {0x94, 0x0C, 0x00, 0x40, 0x36, 0x62, 0x7E, 0xFE} },
    { 5, 0xA7, 0, {0xCC, 0xD8, 0x5F, 0x7F, 0xFD, 0xF5, 0x67, 0x3E} },
    { 2, 0xA8, 0, {0xCF, 0xD8, 0xBF, 0x07, 0x89, 0x64, 0x50, 0x0F} },
    { 99, 0xA7, 0, {0x1C, 0xD9, 0x5F, 0x7F, 0xFD, 0xF5, 0x67, 0x3E} },
    { 2, 0xA8, 0, {0x15, 0xD9, 0xBF, 0x07, 0x89, 0x64, 0x4C, 0x0F} },
    { 92, 0x121, 0, {0x87, 0x0D, 0x00, 0x40, 0x36, 0x62, 0x7E, 0xFE} },
    { 5, 0xA7, 0, {0x1A, 0xDA, 0x5F, 0x7F, 0xFD, 0xF5, 0x67, 0x3E} },
    { 2, 0xA8, 0, {0x72, 0xDA, 0xBF, 0x07, 0x89, 0x64, 0x48, 0x0F} },
    { 95, 0xA7, 0, {0x74, 0xDB, 0x5F, 0x7F, 0xFD, 0xF5, 0x67, 0x3E} },
    { 2, 0xA8, 0, {0xF7, 0xDB, 0xBF, 0x07, 0x89, 0x64, 0x44, 0x0F} },
    { 95, 0x121, 0, {0x14, 0x0E, 0x00, 0x40, 0x36, 0x62, 0x7E, 0xFE} },
    { 3, 0xA8, 0, {0xCD, 0xDC, 0xBF, 0x07, 0x89, 0x64, 0x42, 0x0F} },
    { 2, 0xA7, 0, {0xCB, 0xDC, 0x5F, 0x7F, 0xFD, 0xF5, 0x67, 0x3E} },
    { 104, 0xA7, 0, {0x3B, 0xDD, 0x5F, 0x7F, 0xFD, 0xF5, 0x67, 0x3E} },
    { 2, 0xA8, 0, {0xC2, 0xDD, 0xBF, 0x07, 0x89, 0x64, 0x40, 0x0F} },
    { 90, 0x121, 0, {0xA2, 0x0F, 0x00, 0x40, 0x36, 0x62, 0x7E, 0xFE} },
    { 2, 0x3BE, 0, {0x6C, 0x1C, 0x07, 0x01, 0xA8, 0xC0, 0x08, 0x80} },
    { 3, 0xA7, 0, {0xB0, 0xDE, 0x5F, 0x7F, 0xFD, 0xF5, 0x67, 0x3E} },
    { 2, 0xA8, 0, {0x6C, 0xDE, 0xBF, 0x07, 0x89, 0x64, 0x42, 0x0F} },
    { 67, 0x1B000076, 1, {0x76, 0x00, 0x04, 0x01, 0x01, 0x00, 0x00, 0x00} },
    { 27, 0xA7, 0, {0x6E, 0xDF, 0x5F, 0x7F, 0xFD, 0xF5, 0x67, 0x3E} },
    { 3, 0xA8, 0, {0xE3, 0xDF, 0xBF, 0x07, 0x89, 0x64, 0x42, 0x0F} },
    { 96, 0x121, 0, {0x6C, 0x00, 0x00, 0x40, 0x36, 0x62, 0x7E, 0xFE} },
    { 5, 0xA8, 0, {0x8B, 0xD0, 0xBF, 0x07, 0x89, 0x64, 0x42, 0x0F} },
    { 2, 0xA7, 0, {0xA7, 0xD0, 0x5F, 0x7F, 0xFD, 0xF5, 0x67, 0x3E} },
    { 98, 0xA7, 0, {0x2F, 0xD1, 0x5F, 0x7F, 0xFD, 0xF5, 0x67, 0x3E} },
    { 2, 0xA8, 0, {0xED, 0xD1, 0xBF, 0x07, 0x89, 0x64, 0x40, 0x0F} },
    { 93, 0x121, 0, {0x00, 0x01, 0x00, 0x40, 0x36, 0x62, 0x7E, 0xFE} },
    { 2, 0xA7, 0, {0x5B, 0xD2, 0x5F, 0x7F, 0xFD, 0xF5, 0x67, 0x3E} },
    { 2, 0xA8, 0, {0x1D, 0xD2, 0xBF, 0x07, 0x89, 0x64, 0x42, 0x0F} },
    { 98, 0xA7, 0, {0xDA, 0xD3, 0x5F, 0x7F, 0xFD, 0xF5, 0x67, 0x3E} },
    { 2, 0xA8, 0, {0xD6, 0xD3, 0xBF, 0x07, 0x89, 0x64, 0x44, 0x0F} },
    { 96, 0x121, 0, {0x8F, 0x02, 0x00, 0x40, 0x36, 0x62, 0x7E, 0xFE} },
    { 3, 0xA8, 0, {0x32, 0xD4, 0xBF, 0x07, 0x89, 0x64, 0x48, 0x0F} },
    { 2, 0xA7, 0, {0xE0, 0xD4, 0x5F, 0x7F, 0xFD, 0xF5, 0x67, 0x3E} },
    { 99, 0xA7, 0, {0x9B, 0xD5, 0x5F, 0x7F, 0xFD, 0xF5, 0x67, 0x3E} },
    { 2, 0xA8, 0, {0x58, 0xD5, 0xBF, 0x07, 0x89, 0x64, 0x48, 0x0F} },
    { 95, 0x121, 0, {0x7D, 0x03, 0x00, 0x40, 0x36, 0x62, 0x7E, 0xFE} },
    { 2, 0xA7, 0, {0x08, 0xD6, 0x5F, 0x7F, 0xFD, 0xF5, 0x67, 0x3E} },
    { 3, 0xA8, 0, {0x3C, 0xD6, 0xBF, 0x07, 0x89, 0x64, 0x46, 0x0F} },
    { 100, 0xA7, 0, {0x81, 0xD7, 0x5F, 0x7F, 0xFD, 0xF5, 0x67, 0x3E} },
    { 2, 0xA8, 0, {0x35, 0xD7, 0xBF, 0x07, 0x89, 0x64, 0x44, 0x0F} },
    { 96, 0x121, 0, {0xC0, 0x04, 0x00, 0x40, 0x36, 0x62, 0x7E, 0xFE} },
    { 3, 0x3BE, 0, {0xD7, 0x1D, 0x07, 0x01, 0xA8, 0xC0, 0x08, 0x80} },
    { 2, 0xA7, 0, {0xCC, 0xD8, 0x5F, 0x7F, 0xFD, 0xF5, 0x67, 0x3E} },
    { 3, 0xA8, 0, {0x0B, 0xD8, 0xBF, 0x07, 0x89, 0x64, 0x46, 0x0F} },
    { 92, 0xA7, 0, {0x1C, 0xD9, 0x5F, 0x7F, 0xFD, 0xF5, 0x67, 0x3E} },
    { 2, 0xA8, 0, {0x79, 0xD9, 0xBF, 0x07, 0x89, 0x64, 0x46, 0x0F} },
    { 96, 0x121, 0, {0xF7, 0x05, 0x00, 0x40, 0x36, 0x62, 0x7E, 0xFE} },
    { 3, 0xA7, 0, {0x1A, 0xDA, 0x5F, 0x7F, 0xFD, 0xF5, 0x67, 0x3E} },
    { 2, 0xA8, 0, {0x6E, 0xDA, 0xBF, 0x07, 0x89, 0x64, 0x4A, 0x0F} },
    { 96, 0xA7, 0, {0x74, 0xDB, 0x5F, 0x7F, 0xFD, 0xF5, 0x67, 0x3E} },
    { 2, 0xA8, 0, {0xA3, 0xDB, 0xBF, 0x07, 0x89, 0x64, 0x4A, 0x0F} },
    { 99, 0x121, 0, {0xF0, 0x06, 0x00, 0x40, 0x36, 0x62, 0x7E, 0xFE} },
    { 6, 0xA8, 0, {0xA1, 0xDC, 0xBF, 0x07, 0x89, 0x64, 0x48, 0x0F} },
    { 3, 0xA7, 0, {0xCB, 0xDC, 0x5F, 0x7F, 0xFD, 0xF5, 0x67, 0x3E} },
    { 90, 0xA7, 0, {0x3B, 0xDD, 0x5F, 0x7F, 0xFD, 0xF5, 0x67, 0x3E} },
    { 2, 0xA8, 0, {0xE6, 0xDD, 0xBF, 0x07, 0x89, 0x64, 0x46, 0x0F} },
    { 98, 0x121, 0, {0xA3, 0x07, 0x00, 0x40, 0x36, 0x62, 0x7E, 0xFE} },
    { 2, 0xA7, 0, {0xB0, 0xDE, 0x5F, 0x7F, 0xFD, 0xF5, 0x67, 0x3E} },
    { 3, 0xA8, 0, {0x48, 0xDE, 0xBF, 0x07, 0x89, 0x64, 0x44, 0x0F} },
    { 96, 0xA7, 0, {0x6E, 0xDF, 0x5F, 0x7F, 0xFD, 0xF5, 0x67, 0x3E} },
    { 2, 0xA8, 0, {0xDB, 0xDF, 0xBF, 0x07, 0x89, 0x64, 0x46, 0x0F} },
    { 99, 0x121, 0, {0x60, 0x08, 0x00, 0x40, 0x36, 0x62, 0x7E, 0xFE} },
    { 3, 0xA8, 0, {0xB3, 0xD0, 0xBF, 0x07, 0x89, 0x64, 0x46, 0x0F} },
    { 2, 0xA7, 0, {0xA7, 0xD0, 0x5F, 0x7F, 0xFD, 0xF5, 0x67, 0x3E} },
    { 16, 0x640, 0, {0x02, 0x81, 0x6F, 0xB7, 0x76, 0x20, 0x03, 0x28} },
    { 79, 0xA7, 0, {0x2F, 0xD1, 0x5F, 0x7F, 0xFD, 0xF5, 0x67, 0x3E} },
    { 2, 0xA8, 0, {0x9D, 0xD1, 0xBF, 0x07, 0x89, 0x64, 0x48, 0x0F} },
    { 97, 0x121, 0, {0x9F, 0x09, 0x00, 0x40, 0x36, 0x62, 0x7E, 0xFE} },
    { 2, 0x3BE, 0, {0xC8, 0x1E, 0x07, 0x01, 0xA8, 0xC0, 0x08, 0x80} },
    { 2, 0xA7, 0, {0x5B, 0xD2, 0x5F, 0x7F, 0xFD, 0xF5, 0x67, 0x3E} },
    { 3, 0xA8, 0, {0x25, 0xD2, 0xBF, 0x07, 0x89, 0x64, 0x46, 0x0F} },
    { 64, 0x1B000076, 1, {0x76, 0x00, 0x04, 0x01, 0x01, 0x00, 0x00, 0x00} },
    { 29, 0xA7, 0, {0xDA, 0xD3, 0x5F, 0x7F, 0xFD, 0xF5, 0x67, 0x3E} },
    { 3, 0xA8, 0, {0xEE, 0xD3, 0xBF, 0x07, 0x89, 0x64, 0x40, 0x0F} },
    { 93, 0x121, 0, {0xFA, 0x0A, 0x00, 0x40, 0x36, 0x62, 0x7E, 0xFE} },
    { 10, 0xA8, 0, {0xF4, 0xD4, 0xBF, 0x07, 0x89, 0x64, 0x3C, 0x0F} },
    { 3, 0xA7, 0, {0xE0, 0xD4, 0x5F, 0x7F, 0xFD, 0xF5, 0x67, 0x3E} },
    { 89, 0xA7, 0, {0x9B, 0xD5, 0x5F, 0x7F, 0xFD, 0xF5, 0x67, 0x3E} },
    { 3, 0xA8, 0, {0xBA, 0xD5, 0xBF, 0x07, 0x89, 0x64, 0x3A, 0x0F} },
    { 98, 0x121, 0, {0x51, 0x0B, 0x00, 0x40, 0x36, 0x62, 0x7E, 0xFE} },
    { 2, 0xA7, 0, {0x08, 0xD6, 0x5F, 0x7F, 0xFD, 0xF5, 0x67, 0x3E} },
    { 3, 0xA8, 0, {0x96, 0xD6, 0xBF, 0x07, 0x89, 0x64, 0x38, 0x0F} },
    { 94, 0xA7, 0, {0x81, 0xD7, 0x5F, 0x7F, 0xFD, 0xF5, 0x67, 0x3E} },
    { 2, 0xA8, 0, {0xA7, 0xD7, 0xBF, 0x07, 0x89, 0x64, 0x3E, 0x0F} },
    { 96, 0x121, 0, {0x94, 0x0C, 0x00, 0x40, 0x36, 0x62, 0x7E, 0xFE} },
    { 3, 0xA8, 0, {0x2F, 0xD8, 0xBF, 0x07, 0x89, 0x64, 0x40, 0x0F} },
    { 2, 0xA7, 0, {0xCC, 0xD8, 0x5F, 0x7F, 0xFD, 0xF5, 0x67, 0x3E} },
    { 98, 0xA7, 0, {0x1C, 0xD9, 0x5F, 0x7F, 0xFD, 0xF5, 0x67, 0x3E} },
    { 2, 0xA8, 0, {0xF7, 0xD9, 0xBF, 0x07, 0x89, 0x64, 0x3E, 0x0F} },
    { 98, 0x121, 0, {0x87, 0x0D, 0x00, 0x40, 0x36, 0x62, 0x7E, 0xFE} },
    { 2, 0xA7, 0, {0x1A, 0xDA, 0x5F, 0x7F, 0xFD, 0xF5, 0x67, 0x3E} },
    { 3, 0xA8, 0, {0xA8, 0xDA, 0xBF, 0x07, 0x89, 0x64, 0x3E, 0x0F} },
    { 96, 0xA7, 0, {0x74, 0xDB, 0x5F, 0x7F, 0xFD, 0xF5, 0x67, 0x3E} },
    { 2, 0xA8, 0, {0x5D, 0xDB, 0xBF, 0x07, 0x89, 0x64, 0x3A, 0x0F} },
    { 94, 0x121, 0, {0x14, 0x0E, 0x00, 0x40, 0x36, 0x62, 0x7E, 0xFE} },
    { 3, 0x3BE, 0, {0xC5, 0x1F, 0x07, 0x01, 0xA8, 0xC0, 0x08, 0x80} },
    { 2, 0xA8, 0, {0x5F, 0xDC, 0xBF, 0x07, 0x89, 0x64, 0x38, 0x0F} },
    { 2, 0xA7, 0, {0xCB, 0xDC, 0x5F, 0x7F, 0xFD, 0xF5, 0x67, 0x3E} },
    { 95, 0xA7, 0, {0x3B, 0xDD, 0x5F, 0x7F, 0xFD, 0xF5, 0x67, 0x3E} },
    { 3, 0xA8, 0, {0x04, 0xDD, 0xBF, 0x07, 0x89, 0x64, 0x34, 0x0F} },
    { 98, 0x121, 0, {0xA2, 0x0F, 0x00, 0x40, 0x36, 0x62, 0x7E, 0xFE} },
    { 3, 0xA7, 0, {0x01, 0xDE, 0x5F, 0x7F, 0xFD, 0xF9, 0x67, 0x3E} },
    { 2, 0xA8, 0, {0x8E, 0xDE, 0xBF, 0x07, 0x89, 0x64, 0x30, 0x0F} },
    { 94, 0xA7, 0, {0xDF, 0xDF, 0x5F, 0x7F, 0xFD, 0xF9, 0x67, 0x3E} },
    { 2, 0xA8, 0, {0xB5, 0xDF, 0xBF, 0x07, 0x89, 0x64, 0x2E, 0x0F} },
    { 96, 0x121, 0, {0x6C, 0x00, 0x00, 0x40, 0x36, 0x62, 0x7E, 0xFE} },
    { 5, 0xA7, 0, {0x16, 0xD0, 0x5F, 0x7F, 0xFD, 0xF9, 0x67, 0x3E} },
    { 2, 0xA8, 0, {0xDD, 0xD0, 0xBF, 0x07, 0x89, 0x64, 0x2E, 0x0F} },
    { 96, 0xA7, 0, {0x9E, 0xD1, 0x5F, 0x7F, 0xFD, 0xF9, 0x67, 0x3E} },
    { 2, 0xA8, 0, {0xA7, 0xD1, 0xBF, 0x07, 0x89, 0x64, 0x2E, 0x0F} },
    { 99, 0x121, 0, {0x00, 0x01, 0x00, 0x40, 0x36, 0x62, 0x7E, 0xFE} },
    { 2, 0xA7, 0, {0xEA, 0xD2, 0x5F, 0x7F, 0xFD, 0xF9, 0x67, 0x3E} },
    { 2, 0xA8, 0, {0x4B, 0xD2, 0xBF, 0x07, 0x89, 0x64, 0x2E, 0x0F} },
    { 94, 0xA7, 0, {0x6B, 0xD3, 0x5F, 0x7F, 0xFD, 0xF9, 0x67, 0x3E} },
    { 2, 0xA8, 0, {0x9C, 0xD3, 0xBF, 0x07, 0x89, 0x64, 0x2A, 0x0F} },
    { 95, 0x121, 0, {0x8F, 0x02, 0x00, 0x40, 0x36, 0x62, 0x7E, 0xFE} },
    { 3, 0xA8, 0, {0x78, 0xD4, 0xBF, 0x07, 0x89, 0x64, 0x26, 0x0F} },
    { 3, 0xA7, 0, {0x51, 0xD4, 0x5F, 0x7F, 0xFD, 0xF9, 0x67, 0x3E} },
    { 100, 0xA7, 0, {0x2A, 0xD5, 0x5F, 0x7F, 0xFD, 0xF9, 0x67, 0x3E} },
    { 3, 0xA8, 0, {0x2A, 0xD5, 0xBF, 0x07, 0x89, 0x64, 0x22, 0x0F} },
    { 94, 0x121, 0, {0x7D, 0x03, 0x00, 0x40, 0x36, 0x62, 0x7E, 0xFE} },
    { 2, 0x3BE, 0, {0x7C, 0x10, 0x07, 0x01, 0xA8, 0xC0, 0x08, 0x80} },
    { 3, 0xA7, 0, {0xB9, 0xD6, 0x5F, 0x7F, 0xFD, 0xF9, 0x67, 0x3E} },
    { 2, 0xA8, 0, {0x5D, 0xD6, 0xBF, 0x07, 0x89, 0x64, 0x1E, 0x0F} },
    { 65, 0x1B000076, 1, {0x76, 0x00, 0x04, 0x01, 0x01, 0x00, 0x00, 0x00} },
    { 28, 0xA7, 0, {0x30, 0xD7, 0x5F, 0x7F, 0xFD, 0xF9, 0x67, 0x3E} },
    { 2, 0xA8, 0, {0x13, 0xD7, 0xBF, 0x07, 0x89, 0x64, 0x20, 0x0F} },
    { 96, 0x121, 0, {0xC0, 0x04, 0x00, 0x40, 0x36, 0x62, 0x7E, 0xFE} },
    { 5, 0xA8, 0, {0x09, 0xD8, 0xBF, 0x07, 0x89, 0x64, 0x24, 0x0F} },
    { 2, 0xA7, 0, {0x7D, 0xD8, 0x5F, 0x7F, 0xFD, 0xF9, 0x67, 0x3E} },
    { 95, 0xA7, 0, {0xAD, 0xD9, 0x5F, 0x7F, 0xFD, 0xF9, 0x67, 0x3E} },
    { 3, 0xA8, 0, {0x67, 0xD9, 0xBF, 0x07, 0x89, 0x64, 0x26, 0x0F} },
    { 96, 0x121, 0, {0xF7, 0x05, 0x00, 0x40, 0x36, 0x62, 0x7E, 0xFE} },
    { 2, 0xA7, 0, {0x62, 0xEA, 0x5F, 0x7F, 0xFD, 0xF9, 0x67, 0x3E} },
    { 3, 0xA8, 0, {0x38, 0xDA, 0xBF, 0x07, 0x89, 0x64, 0x26, 0x0F} },
    { 99, 0xA7, 0, {0x0C, 0xEB, 0x5F, 0x7F, 0xFD, 0xF9, 0x67, 0x3E} },
    { 2, 0xA8, 0, {0xF5, 0xDB, 0xBF, 0x07, 0x89, 0x64, 0x26, 0x0F} },
    { 95, 0x121, 0, {0xF0, 0x06, 0x00, 0x40, 0x36, 0x62, 0x7E, 0xFE} },
    { 3, 0xA8, 0, {0xEB, 0xDC, 0xBF, 0x07, 0x89, 0x64, 0x26, 0x0F} },
    { 2, 0xA7, 0, {0x98, 0xEC, 0x9F, 0x7F, 0xFD, 0xF9, 0x67, 0x3E} },
    { 99, 0xA7, 0, {0x68, 0xED, 0x9F, 0x7F, 0xFD, 0xF9, 0x67, 0x3E} },
    { 5, 0xA8, 0, {0xAC, 0xDD, 0xBF, 0x07, 0x89, 0x64, 0x28, 0x0F} },
    { 89, 0x121, 0, {0xA3, 0x07, 0x00, 0x40, 0x36, 0x62, 0x7E, 0xFE} },
    { 2, 0xA7, 0, {0xE3, 0xEE, 0x9F, 0x7F, 0xFD, 0xF9, 0x67, 0x3E} },
    { 2, 0xA8, 0, {0x02, 0xDE, 0xBF, 0x07, 0x89, 0x64, 0x2A, 0x0F} },
    { 103, 0xA7, 0, {0x3D, 0xEF, 0x9F, 0x7F, 0xFD, 0xF9, 0x67, 0x3E} },
    { 3, 0xA8, 0, {0xA9, 0xDF, 0xBF, 0x07, 0x89, 0x64, 0x2C, 0x0F} },
    { 92, 0x121, 0, {0x60, 0x08, 0x00, 0x40, 0x36, 0x62, 0x7E, 0xFE} },
    { 2, 0x3BE, 0, {0x08, 0x11, 0x07, 0x01, 0xA8, 0xC0, 0x08, 0x80} },
    { 2, 0xA8, 0, {0xC1, 0xD0, 0xBF, 0x07, 0x89, 0x64, 0x2C, 0x0F} },
    { 3, 0xA7, 0, {0xDF, 0xE0, 0x5F, 0x7F, 0xFD, 0xF9, 0x67, 0x3E} },
    { 99, 0xA7, 0, {0x57, 0xE1, 0x5F, 0x7F, 0xFD, 0xF9, 0x67, 0x3E} },
    { 2, 0xA8, 0, {0xBB, 0xD1, 0xBF, 0x07, 0x89, 0x64, 0x2C, 0x0F} },
    { 90, 0x121, 0, {0x9F, 0x09, 0x00, 0x40, 0x36, 0x62, 0x7E, 0xFE} },
    { 2, 0xA7, 0, {0x23, 0xE2, 0x5F, 0x7F, 0xFD, 0xF9, 0x67, 0x3E} },
    { 3, 0xA8, 0, {0x57, 0xD2, 0xBF, 0x07, 0x89, 0x64, 0x2C, 0x0F} },
    { 100, 0xA7, 0, {0xA2, 0xE3, 0x5F, 0x7F, 0xFD, 0xF9, 0x67, 0x3E} },
    { 2, 0xA8, 0, {0xB8, 0xD3, 0xBF, 0x07, 0x89, 0x64, 0x2C, 0x0F} },
    { 95, 0x121, 0, {0xFA, 0x0A, 0x00, 0x40, 0x36, 0x62, 0x7E, 0xFE} },
    { 5, 0xA7, 0, {0x98, 0xE4, 0x5F, 0x7F, 0xFD, 0xF9, 0x67, 0x3E} },
    { 2, 0xA8, 0, {0x14, 0xD4, 0xBF, 0x07, 0x89, 0x64, 0x2C, 0x0F} },
    { 98, 0xA7, 0, {0xE3, 0xE5, 0x5F, 0x7F, 0xFD, 0xF9, 0x67, 0x3E} },
    { 3, 0xA8, 0, {0x7E, 0xD5, 0xBF, 0x07, 0x89, 0x64, 0x2C, 0x0F} },
    { 90, 0x121, 0, {0x51, 0x0B, 0x00, 0x40, 0x36, 0x62, 0x7E, 0xFE} },
    { 3, 0xA7, 0, {0x70, 0xE6, 0x5F, 0x7F, 0xFD, 0xF9, 0x67, 0x3E} },
    { 2, 0xA8, 0, {0x4E, 0xD6, 0xBF, 0x07, 0x89, 0x64, 0x2C, 0x0F} },
    { 101, 0xA7, 0, {0xF9, 0xE7, 0x5F, 0x7F, 0xFD, 0xF9, 0x67, 0x3E} },
    { 5, 0xA8, 0, {0x63, 0xD7, 0xBF, 0x07, 0x89, 0x64, 0x28, 0x0F} },
    { 89, 0x121, 0, {0x94, 0x0C, 0x00, 0x40, 0x36, 0x62, 0x7E, 0xFE} },
    { 2, 0xA8, 0, {0x09, 0xD8, 0xBF, 0x07, 0x89, 0x64, 0x24, 0x0F} },
    { 2, 0xA7, 0, {0xB4, 0xE8, 0x5F, 0x7F, 0xFD, 0xF9, 0x67, 0x3E} },
    { 26, 0x641, 0, {0xC8, 0x12, 0x21, 0x4F, 0x13, 0x0A, 0x55, 0x92} },
    { 75, 0xA7, 0, {0x64, 0xE9, 0x5F, 0x7F, 0xFD, 0xF9, 0x67, 0x3E} },
    { 2, 0xA8, 0, {0x43, 0xD9, 0xBF, 0x07, 0x89, 0x64, 0x20, 0x0F} },
    { 93, 0x121, 0, {0x87, 0x0D, 0x00, 0x40, 0x36, 0x62, 0x7E, 0xFE} },
    { 2, 0x3BE, 0, {0x67, 0x12, 0x07, 0x01, 0xA8, 0xC0, 0x08, 0x80} },
    { 3, 0xA7, 0, {0x62, 0xEA, 0x5F, 0x7F, 0xFD, 0xF9, 0x67, 0x3E} },
    { 2, 0xA8, 0, {0x47, 0xDA, 0xBF, 0x07, 0x89, 0x64, 0x1E, 0x0F} },
    { 68, 0x1B000076, 1, {0x76, 0x00, 0x04, 0x01, 0x01, 0x00, 0x00, 0x00} },
    { 30, 0xA7, 0, {0x0C, 0xEB, 0x5F, 0x7F, 0xFD, 0xF9, 0x67, 0x3E} },
    { 3, 0xA8, 0, {0x8A, 0xDB, 0xBF, 0x07, 0x89, 0x64, 0x1E, 0x0F} },
    { 92, 0x121, 0, {0x14, 0x0E, 0x00, 0x40, 0x36, 0x62, 0x7E, 0xFE} },
    { 5, 0xA8, 0, {0xF7, 0xDC, 0xBF, 0x07, 0x89, 0x64, 0x24, 0x0F} },
    { 2, 0xA7, 0, {0xB3, 0xEC, 0x5F, 0x7F, 0xFD, 0xF9, 0x67, 0x3E} },
    { 95, 0xA7, 0, {0x68, 0xED, 0x9F, 0x7F, 0xFD, 0xF9, 0x67, 0x3E} },
    { 3, 0xA8, 0, {0xF8, 0xDD, 0xBF, 0x07, 0x89, 0x64, 0x26, 0x0F} },
    { 94, 0x121, 0, {0xA2, 0x0F, 0x00, 0x40, 0x36, 0x62, 0x7E, 0xFE} },
    { 2, 0xA7, 0, {0xE3, 0xEE, 0x9F, 0x7F, 0xFD, 0xF9, 0x67, 0x3E} },
    { 3, 0xA8, 0, {0x4A, 0xDE, 0xBF, 0x07, 0x89, 0x64, 0x26, 0x0F} },
    { 102, 0xA7, 0, {0x3D, 0xEF, 0x9F, 0x7F, 0xFD, 0xF9, 0x67, 0x3E} },
    { 3, 0xA8, 0, {0xD9, 0xDF, 0xBF, 0x07, 0x89, 0x64, 0x24, 0x0F} },
    { 92, 0x121, 0, {0x6C, 0x00, 0x00, 0x40, 0x36, 0x62, 0x7E, 0xFE} },
    { 2, 0xA8, 0, {0x89, 0xD0, 0xBF, 0x07, 0x89, 0x64, 0x20, 0x0F} },
    { 2, 0xA7, 0, {0xF4, 0xE0, 0x9F, 0x7F, 0xFD, 0xF9, 0x67, 0x3E} },
    { 98, 0xA7, 0, {0x58, 0xE1, 0x5F, 0x7F, 0xFD, 0xF9, 0x57, 0x3E} },
    { 2, 0xA8, 0, {0xF3, 0xD1, 0xBF, 0x07, 0x89, 0x64, 0x20, 0x0F} },
    { 94, 0x121, 0, {0x00, 0x01, 0x00, 0x40, 0x36, 0x62, 0x7E, 0xFE} },
    { 3, 0xA7, 0, {0x2C, 0xE2, 0x5F, 0x7F, 0xFD, 0xF9, 0x57, 0x3E} },
    { 2, 0xA8, 0, {0x44, 0xD2, 0xBF, 0x07, 0x89, 0x64, 0x1E, 0x0F} },
    { 15, 0x640, 0, {0x02, 0x81, 0x6F, 0xB7, 0x76, 0x20, 0x03, 0x28} },
    { 88, 0xA7, 0, {0xAD, 0xE3, 0x5F, 0x7F, 0xFD, 0xF9, 0x57, 0x3E} },
    { 3, 0xA8, 0, {0xB7, 0xD3, 0xBF, 0x07, 0x89, 0x64, 0x1C, 0x0F} },
    { 90, 0x121, 0, {0x8F, 0x02, 0x00, 0x40, 0x36, 0x62, 0x7E, 0xFE} },
    { 3, 0x3BE, 0, {0x94, 0x13, 0x07, 0x01, 0xA8, 0xC0, 0x08, 0x80} },
    { 2, 0xA7, 0, {0x97, 0xE4, 0x5F, 0x7F, 0xFD, 0xF9, 0x57, 0x3E} },
    { 2, 0xA8, 0, {0x40, 0xD4, 0xBF, 0x07, 0x89, 0x64, 0x22, 0x0F} },
    { 96, 0xA7, 0, {0xC8, 0xE5, 0x9F, 0x7F, 0xFD, 0xF9, 0x67, 0x3E} },
    { 2, 0xA8, 0, {0x12, 0xD5, 0xBF, 0x07, 0x89, 0x64, 0x26, 0x0F} },
    { 95, 0x121, 0, {0x7D, 0x03, 0x00, 0x40, 0x36, 0x62, 0x7E, 0xFE} },
    { 3, 0xA7, 0, {0x5B, 0xE6, 0x9F, 0x7F, 0xFD, 0xF9, 0x67, 0x3E} },
    { 2, 0xA8, 0, {0x4E, 0xD6, 0xBF, 0x07, 0x89, 0x64, 0x2C, 0x0F} },
    { 99, 0xA7, 0, {0xF6, 0xE7, 0x5F, 0x7F, 0xFD, 0xF9, 0x57, 0x3E} },
    { 2, 0xA8, 0, {0xF3, 0xD7, 0xBF, 0x07, 0x89, 0x64, 0x30, 0x0F} },
    { 94, 0x121, 0, {0xC0, 0x04, 0x00, 0x40, 0x36, 0x62, 0x7E, 0xFE} },
    { 5, 0xA8, 0, {0xCD, 0xD8, 0xBF, 0x07, 0x89, 0x64, 0x32, 0x0F} },
    { 2, 0xA7, 0, {0xBB, 0xE8, 0x5F, 0x7F, 0xFD, 0xF9, 0x57, 0x3E} },
    { 96, 0xA7, 0, {0x40, 0xE9, 0x9F, 0x7F, 0xFD, 0xF9, 0x57, 0x3E} },
    { 2, 0xA8, 0, {0xBF, 0xD9, 0xBF, 0x07, 0x89, 0x64, 0x32, 0x0F} },
    { 95, 0x121, 0, {0xF7, 0x05, 0x00, 0x40, 0x36, 0x62, 0x7E, 0xFE} },
    { 5, 0xA7, 0, {0x46, 0xEA, 0x9F, 0x7F, 0xFD, 0xF9, 0x57, 0x3E} },
    { 3, 0xA8, 0, {0xE0, 0xDA, 0xBF, 0x07, 0x89, 0x64, 0x32, 0x0F} },
    { 96, 0xA7, 0, {0x28, 0xEB, 0x9F, 0x7F, 0xFD, 0xF9, 0x57, 0x3E} },
    { 2, 0xA8, 0, {0x15, 0xDB, 0xBF, 0x07, 0x89, 0x64, 0x36, 0x0F} },
    { 94, 0x121, 0, {0xF0, 0x06, 0x00, 0x40, 0x36, 0x62, 0x7E, 0xFE} },
    { 3, 0xA8, 0, {0x17, 0xDC, 0xBF, 0x07, 0x89, 0x64, 0x34, 0x0F} },
    { 2, 0xA7, 0, {0x97, 0xEC, 0x9F, 0x7F, 0xFD, 0xF9, 0x57, 0x3E} },
    { 101, 0xA7, 0, {0x4C, 0xED, 0x5F, 0x7F, 0xFD, 0xF9, 0x57, 0x3E} },
    { 3, 0xA8, 0, {0x3C, 0xDD, 0xBF, 0x07, 0x89, 0x64, 0x30, 0x0F} },
    { 95, 0x121, 0, {0xA3, 0x07, 0x00, 0x40, 0x36, 0x62, 0x7E, 0xFE} },
    { 3, 0x3BE, 0, {0x63, 0x14, 0x07, 0x01, 0xA8, 0xC0, 0x08, 0x80} },
    { 2, 0xA7, 0, {0xC7, 0xEE, 0x5F, 0x7F, 0xFD, 0xF9, 0x57, 0x3E} },
    { 3, 0xA8, 0, {0x8E, 0xDE, 0xBF, 0x07, 0x89, 0x64, 0x30, 0x0F} },
    { 62, 0x1B000076, 1, {0x76, 0x00, 0x04, 0x01, 0x01, 0x00, 0x00, 0x00} },
    { 29, 0xA7, 0, {0x19, 0xEF, 0x5F, 0x7F, 0xFD, 0xF9, 0x57, 0x3E} },
    { 2, 0xA8, 0, {0xA9, 0xDF, 0xBF, 0x07, 0x89, 0x64, 0x2C, 0x0F} },
    { 97, 0x121, 0, {0x60, 0x08, 0x00, 0x40, 0x36, 0x62, 0x7E, 0xFE} },
    { 5, 0xA8, 0, {0xC1, 0xD0, 0xBF, 0x07, 0x89, 0x64, 0x2C, 0x0F} },
    { 2, 0xA7, 0, {0xD0, 0xE0, 0x5F, 0x7F, 0xFD, 0xF9, 0x57, 0x3E} },
    { 95, 0xA7, 0, {0x58, 0xE1, 0x5F, 0x7F, 0xFD, 0xF9, 0x57, 0x3E} },
    { 2, 0xA8, 0, {0x13, 0xD1, 0xBF, 0x07, 0x89, 0x64, 0x30, 0x0F} },
    { 99, 0x121, 0, {0x9F, 0x09, 0x00, 0x40, 0x36, 0x62, 0x7E, 0xFE} },
    { 2, 0xA7, 0, {0x2C, 0xE2, 0x5F, 0x7F, 0xFD, 0xF9, 0x57, 0x3E} },
    { 2, 0xA8, 0, {0xE3, 0xD2, 0xBF, 0x07, 0x89, 0x64, 0x32, 0x0F} },
    { 94, 0xA7, 0, {0xAD, 0xE3, 0x5F, 0x7F, 0xFD, 0xF9, 0x57, 0x3E} },
    { 2, 0xA8, 0, {0x34, 0xD3, 0xBF, 0x07, 0x89, 0x64, 0x36, 0x0F} },
    { 98, 0x121, 0, {0xFA, 0x0A, 0x00, 0x40, 0x36, 0x62, 0x7E, 0xFE} },
    { 3, 0xA8, 0, {0xD0, 0xD4, 0xBF, 0x07, 0x89, 0x64, 0x3A, 0x0F} },
    { 2, 0xA7, 0, {0x97, 0xE4, 0x5F, 0x7F, 0xFD, 0xF9, 0x57, 0x3E} },
    { 96, 0xA7, 0, {0xEC, 0xE5, 0x5F, 0x7F, 0xFD, 0xF9, 0x57, 0x3E} },
    { 3, 0xA8, 0, {0x82, 0xD5, 0xBF, 0x07, 0x89, 0x64, 0x3E, 0x0F} },
    { 98, 0x121, 0, {0x51, 0x0B, 0x00, 0x40, 0x36, 0x62, 0x7E, 0xFE} },
    { 2, 0xA7, 0, {0x54, 0xE6, 0x9F, 0x7F, 0xFD, 0xF9, 0x57, 0x3E} },
    { 2, 0xA8, 0, {0x18, 0xD6, 0xBF, 0x07, 0x89, 0x64, 0x40, 0x0F} },
    { 95, 0xA7, 0, {0x6C, 0xE7, 0x9F, 0x7F, 0xFD, 0xF5, 0x57, 0x3E} },
    { 3, 0xA8, 0, {0x11, 0xD7, 0xBF, 0x07, 0x89, 0x64, 0x42, 0x0F} },
    { 97, 0x121, 0, {0x94, 0x0C, 0x00, 0x40, 0x36, 0x62, 0x7E, 0xFE} },
    { 2, 0x3BE, 0, {0x1C, 0x15, 0x07, 0x01, 0xA8, 0xC0, 0x08, 0x80} },
    { 3, 0xA7, 0, {0x21, 0xE8, 0x9F, 0x7F, 0xFD, 0xF5, 0x57, 0x3E} },
    { 2, 0xA8, 0, {0x0B, 0xD8, 0xBF, 0x07, 0x89, 0x64, 0x46, 0x0F} },
    { 93, 0xA7, 0, {0xF1, 0xE9, 0x9F, 0x7F, 0xFD, 0xF5, 0x57, 0x3E} },
    { 2, 0xA8, 0, {0x79, 0xD9, 0xBF, 0x07, 0x89, 0x64, 0x46, 0x0F} },
    { 101, 0x121, 0, {0x87, 0x0D, 0x00, 0x40, 0x36, 0x62, 0x7E, 0xFE} },
    { 2, 0xA7, 0, {0xDC, 0xEA, 0x5F, 0x7F, 0xFD, 0xF5, 0x57, 0x3E} },
    { 2, 0xA8, 0, {0x6E, 0xDA, 0xBF, 0x07, 0x89, 0x64, 0x4A, 0x0F} },
    { 91, 0xA7, 0, {0xB2, 0xEB, 0x5F, 0x7F, 0xFD, 0xF5, 0x57, 0x3E} },
    { 2, 0xA8, 0, {0x87, 0xDB, 0xBF, 0x07, 0x89, 0x64, 0x4C, 0x0F} },
    { 99, 0x121, 0, {0x14, 0x0E, 0x00, 0x40, 0x36, 0x62, 0x7E, 0xFE} },
    { 7, 0xA8, 0, {0x99, 0xDC, 0xBF, 0x07, 0x89, 0x64, 0x4C, 0x0F} },
    { 3, 0xA7, 0, {0x0D, 0xEC, 0x5F, 0x7F, 0xFD, 0xF5, 0x57, 0x3E} },
    { 89, 0xA7, 0, {0xFD, 0xED, 0x5F, 0x7F, 0xFD, 0xF5, 0x57, 0x3E} },
    { 3, 0xA8, 0, {0x96, 0xDD, 0xBF, 0x07, 0x89, 0x64, 0x4E, 0x0F} },
    { 95, 0x121, 0, {0xA2, 0x0F, 0x00, 0x40, 0x36, 0x62, 0x7E, 0xFE} },
    { 3, 0xA7, 0, {0x76, 0xEE, 0x5F, 0x7F, 0xFD, 0xF5, 0x57, 0x3E} },
    { 2, 0xA8, 0, {0x24, 0xDE, 0xBF, 0x07, 0x89, 0x64, 0x4E, 0x0F} },
    { 97, 0xA7, 0, {0xA8, 0xEF, 0x5F, 0x7F, 0xFD, 0xF5, 0x57, 0x3E} },
    { 3, 0xA8, 0, {0x03, 0xDF, 0xBF, 0x07, 0x89, 0x64, 0x52, 0x0F} },
    { 98, 0x121, 0, {0x6C, 0x00, 0x00, 0x40, 0x36, 0x62, 0x7E, 0xFE} },
    { 3, 0xA8, 0, {0x53, 0xD0, 0xBF, 0x07, 0x89, 0x64, 0x56, 0x0F} },
    { 3, 0xA7, 0, {0xA8, 0xD0, 0x5F, 0x7F, 0xFD, 0xF5, 0x57, 0x3E} },
    { 96, 0xA7, 0, {0x20, 0xD1, 0x5F, 0x7F, 0xFD, 0xF5, 0x57, 0x3E} },
    { 2, 0xA8, 0, {0x7D, 0xD1, 0xBF, 0x07, 0x89, 0x64, 0x58, 0x0F} },
    { 93, 0x121, 0, {0x00, 0x01, 0x00, 0x40, 0x36, 0x62, 0x7E, 0xFE} },
    { 2, 0x3BE, 0, {0x01, 0x16, 0x07, 0x01, 0xA8, 0xC0, 0x08, 0x80} },
    { 3, 0xA7, 0, {0x54, 0xD2, 0x5F, 0x7F, 0xFD, 0xF5, 0x57, 0x3E} },
    { 2, 0xA8, 0, {0x91, 0xD2, 0xBF, 0x07, 0x89, 0x64, 0x58, 0x0F} },
    { 67, 0x1B000076, 1, {0x76, 0x00, 0x04, 0x01, 0x01, 0x00, 0x00, 0x00} },
    { 28, 0xA7, 0, {0xD5, 0xD3, 0x5F, 0x7F, 0xFD, 0xF5, 0x57, 0x3E} },
    { 2, 0xA8, 0, {0x7E, 0xD3, 0xBF, 0x07, 0x89, 0x64, 0x58, 0x0F} },
    { 99, 0x121, 0, {0x8F, 0x02, 0x00, 0x40, 0x36, 0x62, 0x7E, 0xFE} },
    { 5, 0xA8, 0, {0xCE, 0xD4, 0xBF, 0x07, 0x89, 0x64, 0x5A, 0x0F} },
    { 2, 0xA7, 0, {0xEF, 0xD4, 0x5F, 0x7F, 0xFD, 0xF5, 0x57, 0x3E} },
    { 92, 0xA7, 0, {0x94, 0xD5, 0x5F, 0x7F, 0xFD, 0xF5, 0x57, 0x3E} },
    { 2, 0xA8, 0, {0xB8, 0xD5, 0xBF, 0x07, 0x89, 0x64, 0x58, 0x0F} },
    { 95, 0x121, 0, {0x7D, 0x03, 0x00, 0x40, 0x36, 0x62, 0x7E, 0xFE} },
    { 2, 0xA7, 0, {0x07, 0xD6, 0x5F, 0x7F, 0xFD, 0xF5, 0x57, 0x3E} },
    { 2, 0xA8, 0, {0xDC, 0xD6, 0xBF, 0x07, 0x89, 0x64, 0x56, 0x0F} },
    { 99, 0xA7, 0, {0x8E, 0xD7, 0x5F, 0x7F, 0xFD, 0xF5, 0x57, 0x3E} },
    { 3, 0xA8, 0, {0xD5, 0xD7, 0xBF, 0x07, 0x89, 0x64, 0x54, 0x0F} },
    { 98, 0x121, 0, {0xC0, 0x04, 0x00, 0x40, 0x36, 0x62, 0x7E, 0xFE} },
    { 4, 0xA8, 0, {0xD3, 0xD8, 0xBF, 0x07, 0x89, 0x64, 0x52, 0x0F} },
    { 3, 0xA7, 0, {0xC3, 0xD8, 0x5F, 0x7F, 0xFD, 0xF5, 0x57, 0x3E} },
    { 93, 0xA7, 0, {0x13, 0xD9, 0x5F, 0x7F, 0xFD, 0xF5, 0x57, 0x3E} },
    { 2, 0xA8, 0, {0xA1, 0xD9, 0xBF, 0x07, 0x89, 0x64, 0x52, 0x0F} },
    { 95, 0x121, 0, {0xF7, 0x05, 0x00, 0x40, 0x36, 0x62, 0x7E, 0xFE} },
    { 2, 0xA7, 0, {0x1A, 0xDA, 0x5F, 0x7F, 0xFD, 0xF5, 0x67, 0x3E} },
    { 3, 0xA8, 0, {0xFE, 0xDA, 0xBF, 0x07, 0x89, 0x64, 0x52, 0x0F} },
    { 96, 0xA7, 0, {0x74, 0xDB, 0x5F, 0x7F, 0xFD, 0xF5, 0x67, 0x3E} },
    { 3, 0xA8, 0, {0x17, 0xDB, 0xBF, 0x07, 0x89, 0x64, 0x54, 0x0F} },
    { 96, 0x121, 0, {0xF0, 0x06, 0x00, 0x40, 0x36, 0x62, 0x7E, 0xFE} },
    { 3, 0x3BE, 0, {0x8D, 0x17, 0x07, 0x01, 0xA8, 0xC0, 0x08, 0x80} },
    { 2, 0xA7, 0, {0xCB, 0xDC, 0x5F, 0x7F, 0xFD, 0xF5, 0x67, 0x3E} },
    { 3, 0xA8, 0, {0x41, 0xDC, 0xBF, 0x07, 0x89, 0x64, 0x58, 0x0F} },
    { 93, 0xA7, 0, {0x3B, 0xDD, 0x5F, 0x7F, 0xFD, 0xF5, 0x67, 0x3E} },
    { 2, 0xA8, 0, {0x1A, 0xDD, 0xBF, 0x07, 0x89, 0x64, 0x54, 0x0F} },
    { 94, 0x121, 0, {0xA3, 0x07, 0x00, 0x40, 0x36, 0x62, 0x7E, 0xFE} },
    { 2, 0xA7, 0, {0xB0, 0xDE, 0x5F, 0x7F, 0xFD, 0xF5, 0x67, 0x3E} },
    { 3, 0xA8, 0, {0x24, 0xDE, 0xBF, 0x07, 0x89, 0x64, 0x4E, 0x0F} },
    { 97, 0xA7, 0, {0x6E, 0xDF, 0x5F, 0x7F, 0xFD, 0xF5, 0x67, 0x3E} },
    { 2, 0xA8, 0, {0x93, 0xDF, 0xBF, 0x07, 0x89, 0x64, 0x4A, 0x0F} },
    { 100, 0x121, 0, {0x60, 0x08, 0x00, 0x40, 0x36, 0x62, 0x7E, 0xFE} },
    { 6, 0xA7, 0, {0xA7, 0xD0, 0x5F, 0x7F, 0xFD, 0xF5, 0x67, 0x3E} },
    { 2, 0xA8, 0, {0xB3, 0xD0, 0xBF, 0x07, 0x89, 0x64, 0x46, 0x0F} },
    { 91, 0xA7, 0, {0x2F, 0xD1, 0x5F, 0x7F, 0xFD, 0xF5, 0x67, 0x3E} },
    { 3, 0xA8, 0, {0xC9, 0xD1, 0xBF, 0x07, 0x89, 0x64, 0x46, 0x0F} },
    { 94, 0x121, 0, {0x9F, 0x09, 0x00, 0x40, 0x36, 0x62, 0x7E, 0xFE} },
    { 2, 0xA7, 0, {0x5B, 0xD2, 0x5F, 0x7F, 0xFD, 0xF5, 0x67, 0x3E} },
    { 3, 0xA8, 0, {0x71, 0xD2, 0xBF, 0x07, 0x89, 0x64, 0x48, 0x0F} },
    { 98, 0xA7, 0, {0xDA, 0xD3, 0x5F, 0x7F, 0xFD, 0xF5, 0x67, 0x3E} },
    { 2, 0xA8, 0, {0x82, 0xD3, 0xBF, 0x07, 0x89, 0x64, 0x4A, 0x0F} },
    { 97, 0x121, 0, {0xFA, 0x0A, 0x00, 0x40, 0x36, 0x62, 0x7E, 0xFE} },
    { 4, 0xA8, 0, {0x32, 0xD4, 0xBF, 0x07, 0x89, 0x64, 0x48, 0x0F} },
    { 2, 0xA7, 0, {0xE0, 0xD4, 0x5F, 0x7F, 0xFD, 0xF5, 0x67, 0x3E} },
    { 21, 0x640, 0, {0x02, 0x81, 0x6F, 0xB7, 0x76, 0x20, 0x03, 0x28} },
    { 76, 0xA7, 0, {0x9B, 0xD5, 0x5F, 0x7F, 0xFD, 0xF5, 0x67, 0x3E} },
    { 3, 0xA8, 0, {0x10, 0xD5, 0xBF, 0x07, 0x89, 0x64, 0x44, 0x0F} },
    { 93, 0x121, 0, {0x51, 0x0B, 0x00, 0x40, 0x36, 0x62, 0x7E, 0xFE} },
    { 2, 0x3BE, 0, {0x77, 0x18, 0x07, 0x01, 0xA8, 0xC0, 0x08, 0x80} },
    { 2, 0xA7, 0, {0x08, 0xD6, 0x5F, 0x7F, 0xFD, 0xF5, 0x67, 0x3E} },
    { 3, 0xA8, 0, {0x04, 0xD6, 0xBF, 0x07, 0x89, 0x64, 0x42, 0x0F} },
    { 67, 0x1B000076, 1, {0x76, 0x00, 0x04, 0x01, 0x01, 0x00, 0x00, 0x00} },
    { 28, 0xA7, 0, {0x81, 0xD7, 0x5F, 0x7F, 0xFD, 0xF5, 0x67, 0x3E} },
    { 3, 0xA8, 0, {0x35, 0xD7, 0xBF, 0x07, 0x89, 0x64, 0x44, 0x0F} },
    { 96, 0x121, 0, {0x94, 0x0C, 0x00, 0x40, 0x36, 0x62, 0x7E, 0xFE} },
    { 4, 0xA7, 0, {0xCC, 0xD8, 0x5F, 0x7F, 0xFD, 0xF5, 0x67, 0x3E} },
    { 3, 0xA8, 0, {0x0B, 0xD8, 0xBF, 0x07, 0x89, 0x64, 0x46, 0x0F} },
    { 94, 0xA7, 0, {0x1C, 0xD9, 0x5F, 0x7F, 0xFD, 0xF5, 0x67, 0x3E} },
    { 3, 0xA8, 0, {0x31, 0xD9, 0xBF, 0x07, 0x89, 0x64, 0x4A, 0x0F} },
    { 94, 0x121, 0, {0x87, 0x0D, 0x00, 0x40, 0x36, 0x62, 0x7E, 0xFE} },
    { 2, 0xA7, 0, {0x1A, 0xDA, 0x5F, 0x7F, 0xFD, 0xF5, 0x67, 0x3E} },
    { 2, 0xA8, 0, {0x56, 0xDA, 0xBF, 0x07, 0x89, 0x64, 0x4E, 0x0F} },
    { 101, 0xA7, 0, {0x74, 0xDB, 0x5F, 0x7F, 0xFD, 0xF5, 0x67, 0x3E} },
    { 2, 0xA8, 0, {0x9B, 0xDB, 0xBF, 0x07, 0x89, 0x64, 0x4E, 0x0F} },
    { 94, 0x121, 0, {0x14, 0x0E, 0x00, 0x40, 0x36, 0x62, 0x7E, 0xFE} },
    { 4, 0xA8, 0, {0x31, 0xDC, 0xBF, 0x07, 0x89, 0x64, 0x50, 0x0F} },
    { 2, 0xA7, 0, {0xCB, 0xDC, 0x5F, 0x7F, 0xFD, 0xF5, 0x67, 0x3E} },
    { 98, 0xA7, 0, {0x3B, 0xDD, 0x5F, 0x7F, 0xFD, 0xF5, 0x67, 0x3E} },
    { 2, 0xA8, 0, {0x22, 0xDD, 0xBF, 0x07, 0x89, 0x64, 0x50, 0x0F} },
    { 95, 0x121, 0, {0xA2, 0x0F, 0x00, 0x40, 0x36, 0x62, 0x7E, 0xFE} },
    { 2, 0xA7, 0, {0xB0, 0xDE, 0x5F, 0x7F, 0xFD, 0xF5, 0x67, 0x3E} },
    { 2, 0xA8, 0, {0x8C, 0xDE, 0xBF, 0x07, 0x89, 0x64, 0x52, 0x0F} },
    { 104, 0xA7, 0, {0x6E, 0xDF, 0x5F, 0x7F, 0xFD, 0xF5, 0x67, 0x3E} },
    { 3, 0xA8, 0, {0x27, 0xDF, 0xBF, 0x07, 0x89, 0x64, 0x54, 0x0F} },
    { 87, 0x121, 0, {0x6C, 0x00, 0x00, 0x40, 0x36, 0x62, 0x7E, 0xFE} },
    { 3, 0x3BE, 0, {0x54, 0x19, 0x07, 0x01, 0xA8, 0xC0, 0x08, 0x80} },
    { 2, 0xA7, 0, {0xA7, 0xD0, 0x5F, 0x7F, 0xFD, 0xF5, 0x67, 0x3E} },
    { 2, 0xA8, 0, {0x53, 0xD0, 0xBF, 0x07, 0x89, 0x64, 0x56, 0x0F} },
    { 99, 0xA7, 0, {0x2F, 0xD1, 0x5F, 0x7F, 0xFD, 0xF5, 0x67, 0x3E} },
    { 2, 0xA8, 0, {0x29, 0xD1, 0xBF, 0x07, 0x89, 0x64, 0x56, 0x0F} },
    { 94, 0x121, 0, {0x00, 0x01, 0x00, 0x40, 0x36, 0x62, 0x7E, 0xFE} },
    { 3, 0xA7, 0, {0x5B, 0xD2, 0x5F, 0x7F, 0xFD, 0xF5, 0x67, 0x3E} },
    { 2, 0xA8, 0, {0xC5, 0xD2, 0xBF, 0x07, 0x89, 0x64, 0x56, 0x0F} },
    { 100, 0xA7, 0, {0xDA, 0xD3, 0x5F, 0x7F, 0xFD, 0xF5, 0x67, 0x3E} },
    { 3, 0xA8, 0, {0x7E, 0xD3, 0xBF, 0x07, 0x89, 0x64, 0x58, 0x0F} },
    { 90, 0x121, 0, {0x8F, 0x02, 0x00, 0x40, 0x36, 0x62, 0x7E, 0xFE} },
    { 6, 0xA8, 0, {0xEA, 0xD4, 0xBF, 0x07, 0x89, 0x64, 0x5C, 0x0F} },
    { 2, 0xA7, 0, {0xE0, 0xD4, 0x5F, 0x7F, 0xFD, 0xF5, 0x67, 0x3E} },
    { 99, 0xA7, 0, {0x9B, 0xD5, 0x5F, 0x7F, 0xFD, 0xF5, 0x67, 0x3E} },
    { 2, 0xA8, 0, {0x9C, 0xD5, 0xBF, 0x07, 0x89, 0x64, 0x5E, 0x0F} },
    { 94, 0x121, 0, {0x7D, 0x03, 0x00, 0x40, 0x36, 0x62, 0x7E, 0xFE} },
    { 2, 0xA7, 0, {0x08, 0xD6, 0x5F, 0x7F, 0xFD, 0xF5, 0x67, 0x3E} },
    { 3, 0xA8, 0, {0x94, 0xD6, 0xBF, 0x07, 0x89, 0x64, 0x5A, 0x0F} },
    { 98, 0xA7, 0, {0x81, 0xD7, 0x5F, 0x7F, 0xFD, 0xF5, 0x67, 0x3E} },
    { 5, 0xA8, 0, {0xC9, 0xD7, 0xBF, 0x07, 0x89, 0x64, 0x56, 0x0F} },
    { 89, 0x121, 0, {0xC0, 0x04, 0x00, 0x40, 0x36, 0x62, 0x7E, 0xFE} },
    { 4, 0xA8, 0, {0xD3, 0xD8, 0xBF, 0x07, 0x89, 0x64, 0x52, 0x0F} },
    { 2, 0xA7, 0, {0xCC, 0xD8, 0x5F, 0x7F, 0xFD, 0xF5, 0x67, 0x3E} },
    { 104, 0xA7, 0, {0x1C, 0xD9, 0x5F, 0x7F, 0xFD, 0xF5, 0x67, 0x3E} },
    { 2, 0xA8, 0, {0xBD, 0xD9, 0xBF, 0x07, 0x89, 0x64, 0x50, 0x0F} },
    { 90, 0x121, 0, {0xF7, 0x05, 0x00, 0x40, 0x36, 0x62, 0x7E, 0xFE} },
    { 2, 0x3BE, 0, {0x9F, 0x1A, 0x07, 0x01, 0xA8, 0xC0, 0x08, 0x80} },
    { 2, 0xA7, 0, {0x1A, 0xDA, 0x5F, 0x7F, 0xFD, 0xF5, 0x67, 0x3E} },
    { 3, 0xA8, 0, {0xFE, 0xDA, 0xBF, 0x07, 0x89, 0x64, 0x52, 0x0F} },
    { 66, 0x1B000076, 1, {0x76, 0x00, 0x04, 0x01, 0x01, 0x00, 0x00, 0x00} },
    { 33, 0xA7, 0, {0x74, 0xDB, 0x5F, 0x7F, 0xFD, 0xF5, 0x67, 0x3E} },
    { 2, 0xA8, 0, {0x33, 0xDB, 0xBF, 0x07, 0x89, 0x64, 0x52, 0x0F} },
    { 91, 0x121, 0, {0xF0, 0x06, 0x00, 0x40, 0x36, 0x62, 0x7E, 0xFE} },
    { 5, 0xA7, 0, {0xCB, 0xDC, 0x5F, 0x7F, 0xFD, 0xF5, 0x67, 0x3E} },
    { 2, 0xA8, 0, {0x2D, 0xDC, 0xBF, 0x07, 0x89, 0x64, 0x52, 0x0F} },
    { 98, 0xA7, 0, {0x3B, 0xDD, 0x5F, 0x7F, 0xFD, 0xF5, 0x67, 0x3E} },
    { 3, 0xA8, 0, {0x96, 0xDD, 0xBF, 0x07, 0x89, 0x64, 0x4E, 0x0F} },
    { 91, 0x121, 0, {0xA3, 0x07, 0x00, 0x40, 0x36, 0x62, 0x7E, 0xFE} },
    { 2, 0xA7, 0, {0xB0, 0xDE, 0x5F, 0x7F, 0xFD, 0xF5, 0x67, 0x3E} },
    { 3, 0xA8, 0, {0x38, 0xDE, 0xBF, 0x07, 0x89, 0x64, 0x4C, 0x0F} },
    { 98, 0xA7, 0, {0x6E, 0xDF, 0x5F, 0x7F, 0xFD, 0xF5, 0x67, 0x3E} },
    { 2, 0xA8, 0, {0x93, 0xDF, 0xBF, 0x07, 0x89, 0x64, 0x4A, 0x0F} },
    { 95, 0x121, 0, {0x60, 0x08, 0x00, 0x40, 0x36, 0x62, 0x7E, 0xFE} },
    { 4, 0xA8, 0, {0xDF, 0xD0, 0xBF, 0x07, 0x89, 0x64, 0x4C, 0x0F} },
    { 2, 0xA7, 0, {0xA7, 0xD0, 0x5F, 0x7F, 0xFD, 0xF5, 0x67, 0x3E} },
    { 102, 0xA7, 0, {0x2F, 0xD1, 0x5F, 0x7F, 0xFD, 0xF5, 0x67, 0x3E} },
    { 2, 0xA8, 0, {0xB9, 0xD1, 0xBF, 0x07, 0x89, 0x64, 0x4E, 0x0F} },
    { 90, 0x121, 0, {0x9F, 0x09, 0x00, 0x40, 0x36, 0x62, 0x7E, 0xFE} },
    { 2, 0xA7, 0, {0x5B, 0xD2, 0x5F, 0x7F, 0xFD, 0xF5, 0x67, 0x3E} },
    { 3, 0xA8, 0, {0x49, 0xD2, 0xBF, 0x07, 0x89, 0x64, 0x4C, 0x0F} },
    { 99, 0xA7, 0, {0xDA, 0xD3, 0x5F, 0x7F, 0xFD, 0xF5, 0x67, 0x3E} },
    { 3, 0xA8, 0, {0x82, 0xD3, 0xBF, 0x07, 0x89, 0x64, 0x4A, 0x0F} },
    { 93, 0x121, 0, {0xFA, 0x0A, 0x00, 0x40, 0x36, 0x62, 0x7E, 0xFE} },
    { 3, 0x3BE, 0, {0xE9, 0x1B, 0x07, 0x01, 0xA8, 0xC0, 0x08, 0x80} },
    { 2, 0xA7, 0, {0xE0, 0xD4, 0x5F, 0x7F, 0xFD, 0xF5, 0x67, 0x3E} },
    { 2, 0xA8, 0, {0x66, 0xD4, 0xBF, 0x07, 0x89, 0x64, 0x46, 0x0F} },
    { 100, 0xA7, 0, {0x9B, 0xD5, 0x5F, 0x7F, 0xFD, 0xF5, 0x67, 0x3E} },
    { 2, 0xA8, 0, {0x28, 0xD5, 0xBF, 0x07, 0x89, 0x64, 0x40, 0x0F} },
    { 91, 0x121, 0, {0x51, 0x0B, 0x00, 0x40, 0x36, 0x62, 0x7E, 0xFE} },
    { 2, 0xA7, 0, {0x08, 0xD6, 0x5F, 0x7F, 0xFD, 0xF5, 0x67, 0x3E} },
    { 3, 0xA8, 0, {0xAE, 0xD6, 0xBF, 0x07, 0x89, 0x64, 0x3C, 0x0F} },
    { 98, 0xA7, 0, {0x81, 0xD7, 0x5F, 0x7F, 0xFD, 0xF5, 0x67, 0x3E} },
    { 2, 0xA8, 0, {0x83, 0xD7, 0xBF, 0x07, 0x89, 0x64, 0x38, 0x0F} },
    { 95, 0x121, 0, {0x94, 0x0C, 0x00, 0x40, 0x36, 0x62, 0x7E, 0xFE} },
    { 6, 0xA8, 0, {0xF5, 0xD8, 0xBF, 0x07, 0x89, 0x64, 0x36, 0x0F} },
    { 2, 0xA7, 0, {0x7D, 0xD8, 0x5F, 0x7F, 0xFD, 0xF9, 0x67, 0x3E} },
    { 99, 0xA7, 0, {0xAD, 0xD9, 0x5F, 0x7F, 0xFD, 0xF9, 0x67, 0x3E} },
    { 2, 0xA8, 0, {0xA3, 0xD9, 0xBF, 0x07, 0x89, 0x64, 0x30, 0x0F} },
    { 92, 0x121, 0, {0x87, 0x0D, 0x00, 0x40, 0x36, 0x62, 0x7E, 0xFE} },
    { 2, 0xA7, 0, {0xAB, 0xDA, 0x5F, 0x7F, 0xFD, 0xF9, 0x67, 0x3E} },
    { 3, 0xA8, 0, {0x54, 0xDA, 0xBF, 0x07, 0x89, 0x64, 0x2C, 0x0F} },
    { 97, 0xA7, 0, {0xC5, 0xDB, 0x5F, 0x7F, 0xFD, 0xF9, 0x67, 0x3E} },
    { 2, 0xA8, 0, {0xBD, 0xDB, 0xBF, 0x07, 0x89, 0x64, 0x2A, 0x0F} },
    { 95, 0x121, 0, {0x14, 0x0E, 0x00, 0x40, 0x36, 0x62, 0x7E, 0xFE} },
    { 3, 0xA8, 0, {0xEB, 0xDC, 0xBF, 0x07, 0x89, 0x64, 0x26, 0x0F} },
    { 2, 0xA7, 0, {0x7A, 0xDC, 0x5F, 0x7F, 0xFD, 0xF9, 0x67, 0x3E} },
    { 27, 0x641, 0, {0xAC, 0x13, 0x21, 0x4F, 0x13, 0x0A, 0x55, 0x92} },
    { 74, 0xA7, 0, {0x8A, 0xDD, 0x5F, 0x7F, 0xFD, 0xF9, 0x67, 0x3E} },
    { 5, 0xA8, 0, {0xE4, 0xDD, 0xBF, 0x07, 0x89, 0x64, 0x24, 0x0F} },
    { 89, 0x121, 0, {0xA2, 0x0F, 0x00, 0x40, 0x36, 0x62, 0x7E, 0xFE} },
    { 2, 0x3BE, 0, {0x6C, 0x1C, 0x07, 0x01, 0xA8, 0xC0, 0x08, 0x80} },
    { 3, 0xA7, 0, {0x01, 0xDE, 0x5F, 0x7F, 0xFD, 0xF9, 0x67, 0x3E} },
    { 2, 0xA8, 0, {0x1E, 0xDE, 0xBF, 0x07, 0x89, 0x64, 0x28, 0x0F} },
    { 68, 0x1B000076, 1, {0x76, 0x00, 0x04, 0x01, 0x01, 0x00, 0x00, 0x00} },
    { 28, 0xA7, 0, {0xF4, 0xDF, 0x9F, 0x7F, 0xFD, 0xF9, 0x67, 0x3E} },
    { 2, 0xA8, 0, {0x8D, 0xDF, 0xBF, 0x07, 0x89, 0x64, 0x2A, 0x0F} },
    { 95, 0x121, 0, {0x6C, 0x00, 0x00, 0x40, 0x36, 0x62, 0x7E, 0xFE} },
    { 5, 0xA7, 0, {0x3D, 0xD0, 0x9F, 0x7F, 0xFD, 0xF9, 0x67, 0x3E} },
    { 3, 0xA8, 0, {0xE5, 0xD0, 0xBF, 0x07, 0x89, 0x64, 0x2A, 0x0F} },
    { 98, 0xA7, 0, {0xB5, 0xD1, 0x9F, 0x7F, 0xFD, 0xF9, 0x67, 0x3E} },
    { 2, 0xA8, 0, {0xBB, 0xD1, 0xBF, 0x07, 0x89, 0x64, 0x2C, 0x0F} },
    { 92, 0x121, 0, {0x00, 0x01, 0x00, 0x40, 0x36, 0x62, 0x7E, 0xFE} },
    { 3, 0xA7, 0, {0xC1, 0xD2, 0x9F, 0x7F, 0xFD, 0xF9, 0x67, 0x3E} },
    { 2, 0xA8, 0, {0x6F, 0xD2, 0xBF, 0x07, 0x89, 0x64, 0x28, 0x0F} },
    { 98, 0xA7, 0, {0x6B, 0xD3, 0x5F, 0x7F, 0xFD, 0xF9, 0x67, 0x3E} },
    { 2, 0xA8, 0, {0x80, 0xD3, 0xBF, 0x07, 0x89, 0x64, 0x28, 0x0F} },
    { 96, 0x121, 0, {0x8F, 0x02, 0x00, 0x40, 0x36, 0x62, 0x7E, 0xFE} },
    { 3, 0xA8, 0, {0x2C, 0xD4, 0xBF, 0x07, 0x89, 0x64, 0x28, 0x0F} },
    { 2, 0xA7, 0, {0x51, 0xD4, 0x5F, 0x7F, 0xFD, 0xF9, 0x67, 0x3E} },
    { 98, 0xA7, 0, {0x2A, 0xD5, 0x5F, 0x7F, 0xFD, 0xF9, 0x67, 0x3E} },
    { 3, 0xA8, 0, {0x12, 0xD5, 0xBF, 0x07, 0x89, 0x64, 0x26, 0x0F} },
    { 95, 0x121, 0, {0x7D, 0x03, 0x00, 0x40, 0x36, 0x62, 0x7E, 0xFE} },
    { 2, 0xA7, 0, {0x70, 0xE6, 0x5F, 0x7F, 0xFD, 0xF9, 0x67, 0x3E} },
    { 2, 0xA8, 0, {0x22, 0xD6, 0xBF, 0x07, 0x89, 0x64, 0x26, 0x0F} },
    { 18, 0x640, 0, {0x02, 0x81, 0x6F, 0xB7, 0x76, 0x20, 0x03, 0x28} },
    { 83, 0xA7, 0, {0xF9, 0xE7, 0x5F, 0x7F, 0xFD, 0xF9, 0x67, 0x3E} },
    { 2, 0xA8, 0, {0x37, 0xD7, 0xBF, 0x07, 0x89, 0x64, 0x26, 0x0F} },
    { 97, 0x121, 0, {0xC0, 0x04, 0x00, 0x40, 0x36, 0x62, 0x7E, 0xFE} },
    { 2, 0x3BE, 0, {0xD7, 0x1D, 0x07, 0x01, 0xA8, 0xC0, 0x08, 0x80} },
    { 3, 0xA8, 0, {0x15, 0xD8, 0xBF, 0x07, 0x89, 0x64, 0x26, 0x0F} },
    { 2, 0xA7, 0, {0xB4, 0xE8, 0x5F, 0x7F, 0xFD, 0xF9, 0x67, 0x3E} },
    { 91, 0xA7, 0, {0x64, 0xE9, 0x5F, 0x7F, 0xFD, 0xF9, 0x67, 0x3E} },
    { 2, 0xA8, 0, {0x33, 0xD9, 0xBF, 0x07, 0x89, 0x64, 0x28, 0x0F} },
    { 97, 0x121, 0, {0xF7, 0x05, 0x00, 0x40, 0x36, 0x62, 0x7E, 0xFE} },
    { 3, 0xA7, 0, {0x62, 0xEA, 0x5F, 0x7F, 0xFD, 0xF9, 0x67, 0x3E} },
    { 2, 0xA8, 0, {0x70, 0xDA, 0xBF, 0x07, 0x89, 0x64, 0x2A, 0x0F} },
    { 96, 0xA7, 0, {0x0C, 0xEB, 0x5F, 0x7F, 0xFD, 0xF9, 0x67, 0x3E} },
    { 2, 0xA8, 0, {0x85, 0xDB, 0xBF, 0x07, 0x89, 0x64, 0x2E, 0x0F} },
    { 101, 0x121, 0, {0xF0, 0x06, 0x00, 0x40, 0x36, 0x62, 0x7E, 0xFE} },
    { 5, 0xA8, 0, {0x9B, 0xDC, 0xBF, 0x07, 0x89, 0x64, 0x2E, 0x0F} },
    { 2, 0xA7, 0, {0xB3, 0xEC, 0x5F, 0x7F, 0xFD, 0xF9, 0x67, 0x3E} },
    { 90, 0xA7, 0, {0x43, 0xED, 0x5F, 0x7F, 0xFD, 0xF9, 0x67, 0x3E} },
    { 3, 0xA8, 0, {0x88, 0xDD, 0xBF, 0x07, 0x89, 0x64, 0x2E, 0x0F} },
    { 98, 0x121, 0, {0xA3, 0x07, 0x00, 0x40, 0x36, 0x62, 0x7E, 0xFE} },
    { 3, 0xA7, 0, {0xC8, 0xEE, 0x5F, 0x7F, 0xFD, 0xF9, 0x67, 0x3E} },
    { 2, 0xA8, 0, {0x3A, 0xDE, 0xBF, 0x07, 0x89, 0x64, 0x2E, 0x0F} },
    { 94, 0xA7, 0, {0x16, 0xEF, 0x5F, 0x7F, 0xFD, 0xF9, 0x67, 0x3E} },
    { 5, 0xA8, 0, {0xA9, 0xDF, 0xBF, 0x07, 0x89, 0x64, 0x2C, 0x0F} },
    { 91, 0x121, 0, {0x60, 0x08, 0x00, 0x40, 0x36, 0x62, 0x7E, 0xFE} },
    { 8, 0xA8, 0, {0xC1, 0xD0, 0xBF, 0x07, 0x89, 0x64, 0x2C, 0x0F} },
    { 3, 0xA7, 0, {0xDF, 0xE0, 0x5F, 0x7F, 0xFD, 0xF9, 0x67, 0x3E} },
    { 96, 0xA7, 0, {0x57, 0xE1, 0x5F, 0x7F, 0xFD, 0xF9, 0x67, 0x3E} },
    { 2, 0xA8, 0, {0xBB, 0xD1, 0xBF, 0x07, 0x89, 0x64, 0x2C, 0x0F} },
    { 96, 0x121, 0, {0x9F, 0x09, 0x00, 0x40, 0x36, 0x62, 0x7E, 0xFE} },
    { 2, 0x3BE, 0, {0xC8, 0x1E, 0x07, 0x01, 0xA8, 0xC0, 0x08, 0x80} },
    { 2, 0xA7, 0, {0x23, 0xE2, 0x5F, 0x7F, 0xFD, 0xF9, 0x67, 0x3E} },
    { 3, 0xA8, 0, {0x6F, 0xD2, 0xBF, 0x07, 0x89, 0x64, 0x28, 0x0F} },
    { 63, 0x1B000076, 1, {0x76, 0x00, 0x04, 0x01, 0x01, 0x00, 0x00, 0x00} },
    { 28, 0xA7, 0, {0xA2, 0xE3, 0x5F, 0x7F, 0xFD, 0xF9, 0x67, 0x3E} },
    { 2, 0xA8, 0, {0x9C, 0xD3, 0xBF, 0x07, 0x89, 0x64, 0x2A, 0x0F} },
    { 95, 0x121, 0, {0xFA, 0x0A, 0x00, 0x40, 0x36, 0x62, 0x7E, 0xFE} },
    { 5, 0xA7, 0, {0x98, 0xE4, 0x5F, 0x7F, 0xFD, 0xF9, 0x67, 0x3E} },
    { 2, 0xA8, 0, {0x14, 0xD4, 0xBF, 0x07, 0x89, 0x64, 0x2C, 0x0F} },
    { 97, 0xA7, 0, {0xE3, 0xE5, 0x5F, 0x7F, 0xFD, 0xF9, 0x67, 0x3E} },
    { 2, 0xA8, 0, {0x62, 0xD5, 0xBF, 0x07, 0x89, 0x64, 0x2E, 0x0F} },
    { 97, 0x121, 0, {0x51, 0x0B, 0x00, 0x40, 0x36, 0x62, 0x7E, 0xFE} },
    { 3, 0xA7, 0, {0x70, 0xE6, 0x5F, 0x7F, 0xFD, 0xF9, 0x67, 0x3E} },
    { 2, 0xA8, 0, {0xE6, 0xD6, 0xBF, 0x07, 0x89, 0x64, 0x30, 0x0F} },
    { 96, 0xA7, 0, {0xF9, 0xE7, 0x5F, 0x7F, 0xFD, 0xF9, 0x67, 0x3E} },
    { 2, 0xA8, 0, {0x5B, 0xD7, 0xBF, 0x07, 0x89, 0x64, 0x2C, 0x0F} },
    { 95, 0x121, 0, {0x94, 0x0C, 0x00, 0x40, 0x36, 0x62, 0x7E, 0xFE} },
    { 3, 0xA8, 0, {0x5D, 0xD8, 0xBF, 0x07, 0x89, 0x64, 0x2A, 0x0F} },
    { 2, 0xA7, 0, {0xB4, 0xE8, 0x5F, 0x7F, 0xFD, 0xF9, 0x67, 0x3E} },
    { 98, 0xA7, 0, {0x64, 0xE9, 0x5F, 0x7F, 0xFD, 0xF9, 0x67, 0x3E} },
    { 2, 0xA8, 0, {0x33, 0xD9, 0xBF, 0x07, 0x89, 0x64, 0x28, 0x0F} },
    { 98, 0x121, 0, {0x87, 0x0D, 0x00, 0x40, 0x36, 0x62, 0x7E, 0xFE} },
    { 2, 0xA7, 0, {0x62, 0xEA, 0x5F, 0x7F, 0xFD, 0xF9, 0x67, 0x3E} },
    { 3, 0xA8, 0, {0x38, 0xDA, 0xBF, 0x07, 0x89, 0x64, 0x26, 0x0F} },
    { 97, 0xA7, 0, {0x0C, 0xEB, 0x5F, 0x7F, 0xFD, 0xF9, 0x67, 0x3E} },
    { 2, 0xA8, 0, {0xE9, 0xDB, 0xBF, 0x07, 0x89, 0x64, 0x24, 0x0F} },
    { 93, 0x121, 0, {0x14, 0x0E, 0x00, 0x40, 0x36, 0x62, 0x7E, 0xFE} },
    { 2, 0x3BE, 0, {0xC5, 0x1F, 0x07, 0x01, 0xA8, 0xC0, 0x08, 0x80} },
    { 2, 0xA7, 0, {0xB3, 0xEC, 0x5F, 0x7F, 0xFD, 0xF9, 0x67, 0x3E} },
    { 2, 0xA8, 0, {0xD3, 0xDC, 0xBF, 0x07, 0x89, 0x64, 0x22, 0x0F} },
    { 97, 0xA7, 0, {0x43, 0xED, 0x5F, 0x7F, 0xFD, 0xF9, 0x67, 0x3E} },
    { 2, 0xA8, 0, {0xDC, 0xDD, 0xBF, 0x07, 0x89, 0x64, 0x20, 0x0F} },
    { 100, 0x121, 0, {0xA2, 0x0F, 0x00, 0x40, 0x36, 0x62, 0x7E, 0xFE} },
    { 2, 0xA7, 0, {0xC7, 0xEE, 0x5F, 0x7F, 0xFD, 0xF9, 0x57, 0x3E} },
    { 3, 0xA8, 0, {0x0D, 0xDE, 0xBF, 0x07, 0x89, 0x64, 0x1A, 0x0F} },
    { 92, 0xA7, 0, {0x19, 0xEF, 0x5F, 0x7F, 0xFD, 0xF9, 0x57, 0x3E} },
    { 3, 0xA8, 0, {0xA6, 0xDF, 0xBF, 0x07, 0x89, 0x64, 0x1C, 0x0F} },
    { 94, 0x121, 0, {0x6C, 0x00, 0x00, 0x40, 0x36, 0x62, 0x7E, 0xFE} },
    { 6, 0xA8, 0, {0xD2, 0xD0, 0xBF, 0x07, 0x89, 0x64, 0x1E, 0x0F} },
    { 2, 0xA7, 0, {0xFB, 0xE0, 0x9F, 0x7F, 0xFD, 0xF9, 0x57, 0x3E} },
    { 96, 0xA7, 0, {0x7C, 0xE1, 0x9F, 0x7F, 0xFD, 0xF9, 0x67, 0x3E} },
    { 3, 0xA8, 0, {0xF3, 0xD1, 0xBF, 0x07, 0x89, 0x64, 0x20, 0x0F} },
    { 97, 0x121, 0, {0x00, 0x01, 0x00, 0x40, 0x36, 0x62, 0x7E, 0xFE} },
    { 2, 0xA7, 0, {0x08, 0xE2, 0x9F, 0x7F, 0xFD, 0xF9, 0x67, 0x3E} },
    { 3, 0xA8, 0, {0x27, 0xD2, 0xBF, 0x07, 0x89, 0x64, 0x24, 0x0F} },
    { 97, 0xA7, 0, {0x89, 0xE3, 0x9F, 0x7F, 0xFD, 0xF9, 0x67, 0x3E} },
    { 2, 0xA8, 0, {0x9C, 0xD3, 0xBF, 0x07, 0x89, 0x64, 0x2A, 0x0F} },
    { 93, 0x121, 0, {0x8F, 0x02, 0x00, 0x40, 0x36, 0x62, 0x7E, 0xFE} },
    { 3, 0xA8, 0, {0x14, 0xD4, 0xBF, 0x07, 0x89, 0x64, 0x2C, 0x0F} },
    { 2, 0xA7, 0, {0xB3, 0xE4, 0x9F, 0x7F, 0xFD, 0xF9, 0x67, 0x3E} },
    { 100, 0xA7, 0, {0xC8, 0xE5, 0x9F, 0x7F, 0xFD, 0xF9, 0x67, 0x3E} },
    { 2, 0xA8, 0, {0x62, 0xD5, 0xBF, 0x07, 0x89, 0x64, 0x2E, 0x0F} },
    { 93, 0x121, 0, {0x7D, 0x03, 0x00, 0x40, 0x36, 0x62, 0x7E, 0xFE} },
    { 2, 0x3BE, 0, {0x7C, 0x10, 0x07, 0x01, 0xA8, 0xC0, 0x08, 0x80} },
    { 3, 0xA7, 0, {0x54, 0xE6, 0x9F, 0x7F, 0xFD, 0xF9, 0x57, 0x3E} },
    { 2, 0xA8, 0, {0xFA, 0xD6, 0xBF, 0x07, 0x89, 0x64, 0x32, 0x0F} },
    { 69, 0x1B000076, 1, {0x76, 0x00, 0x04, 0x01, 0x01, 0x00, 0x00, 0x00} },
    { 28, 0xA7, 0, {0xDD, 0xE7, 0x9F, 0x7F, 0xFD, 0xF9, 0x57, 0x3E} },
    { 2, 0xA8, 0, {0xF3, 0xD7, 0xBF, 0x07, 0x89, 0x64, 0x30, 0x0F} },
    { 96, 0x121, 0, {0xC0, 0x04, 0x00, 0x40, 0x36, 0x62, 0x7E, 0xFE} },
    { 5, 0xA8, 0, {0x65, 0xD8, 0xBF, 0x07, 0x89, 0x64, 0x2E, 0x0F} },
    { 2, 0xA7, 0, {0xBB, 0xE8, 0x5F, 0x7F, 0xFD, 0xF9, 0x57, 0x3E} },
    { 98, 0xA7, 0, {0x6B, 0xE9, 0x5F, 0x7F, 0xFD, 0xF9, 0x57, 0x3E} },
    { 3, 0xA8, 0, {0x17, 0xD9, 0xBF, 0x07, 0x89, 0x64, 0x2E, 0x0F} },
    { 89, 0x121, 0, {0xF7, 0x05, 0x00, 0x40, 0x36, 0x62, 0x7E, 0xFE} },
    { 3, 0xA7, 0, {0x6D, 0xEA, 0x5F, 0x7F, 0xFD, 0xF9, 0x57, 0x3E} },
    { 2, 0xA8, 0, {0x54, 0xDA, 0xBF, 0x07, 0x89, 0x64, 0x2C, 0x0F} },
    { 101, 0xA7, 0, {0x03, 0xEB, 0x5F, 0x7F, 0xFD, 0xF9, 0x57, 0x3E} },
    { 2, 0xA8, 0, {0xA1, 0xDB, 0xBF, 0x07, 0x89, 0x64, 0x28, 0x0F} },
    { 96, 0x121, 0, {0xF0, 0x06, 0x00, 0x40, 0x36, 0x62, 0x7E, 0xFE} },
    { 2, 0xA8, 0, {0xF7, 0xDC, 0xBF, 0x07, 0x89, 0x64, 0x24, 0x0F} },
    { 2, 0xA7, 0, {0xBC, 0xEC, 0x5F, 0x7F, 0xFD, 0xF9, 0x57, 0x3E} },
    { 101, 0xA7, 0, {0x4C, 0xED, 0x5F, 0x7F, 0xFD, 0xF9, 0x57, 0x3E} },
    { 2, 0xA8, 0, {0xC0, 0xDD, 0xBF, 0x07, 0x89, 0x64, 0x22, 0x0F} },
    { 89, 0x121, 0, {0xA3, 0x07, 0x00, 0x40, 0x36, 0x62, 0x7E, 0xFE} },
    { 3, 0xA7, 0, {0xC7, 0xEE, 0x5F, 0x7F, 0xFD, 0xF9, 0x57, 0x3E} },
    { 2, 0xA8, 0, {0x72, 0xDE, 0xBF, 0x07, 0x89, 0x64, 0x22, 0x0F} },
    { 104, 0xA7, 0, {0x19, 0xEF, 0x5F, 0x7F, 0xFD, 0xF9, 0x57, 0x3E} },
    { 3, 0xA8, 0, {0xFD, 0xDF, 0xBF, 0x07, 0x89, 0x64, 0x22, 0x0F} },
    { 89, 0x121, 0, {0x60, 0x08, 0x00, 0x40, 0x36, 0x62, 0x7E, 0xFE} },
    { 2, 0x3BE, 0, {0x08, 0x11, 0x07, 0x01, 0xA8, 0xC0, 0x08, 0x80} },
    { 3, 0xA8, 0, {0x95, 0xD0, 0xBF, 0x07, 0x89, 0x64, 0x22, 0x0F} },
    { 2, 0xA7, 0, {0xD0, 0xE0, 0x5F, 0x7F, 0xFD, 0xF9, 0x57, 0x3E} },
    { 101, 0xA7, 0, {0x58, 0xE1, 0x5F, 0x7F, 0xFD, 0xF9, 0x57, 0x3E} },
    { 2, 0xA8, 0, {0xA8, 0xD1, 0xBF, 0x07, 0x89, 0x64, 0x1E, 0x0F} },
    { 90, 0x121, 0, {0x9F, 0x09, 0x00, 0x40, 0x36, 0x62, 0x7E, 0xFE} },
    { 2, 0xA7, 0, {0x2C, 0xE2, 0x5F, 0x7F, 0xFD, 0xF9, 0x57, 0x3E} },
    { 3, 0xA8, 0, {0x7C, 0xD2, 0xBF, 0x07, 0x89, 0x64, 0x1A, 0x0F} },
    { 101, 0xA7, 0, {0xAD, 0xE3, 0x5F, 0x7F, 0xFD, 0xF9, 0x57, 0x3E} },
    { 2, 0xA8, 0, {0x14, 0xD3, 0x9F, 0x07, 0x89, 0x64, 0x18, 0x0F} },
    { 92, 0x121, 0, {0xFA, 0x0A, 0x00, 0x40, 0x36, 0x62, 0x7E, 0xFE} },
    { 5, 0xA7, 0, {0x97, 0xE4, 0x5F, 0x7F, 0xFD, 0xF9, 0x57, 0x3E} },
    { 3, 0xA8, 0, {0x9C, 0xD4, 0x9F, 0x07, 0x89, 0x64, 0x1E, 0x0F} },
    { 95, 0xA7, 0, {0xC7, 0xE5, 0x9F, 0x7F, 0xFD, 0xF9, 0x57, 0x3E} },
    { 2, 0xA8, 0, {0xB1, 0xD5, 0x9F, 0x07, 0x89, 0x64, 0x22, 0x0F} },
    { 95, 0x121, 0, {0x51, 0x0B, 0x00, 0x40, 0x36, 0x62, 0x7E, 0xFE} },
    { 3, 0xA7, 0, {0x54, 0xE6, 0x9F, 0x7F, 0xFD, 0xF9, 0x57, 0x3E} },
    { 2, 0xA8, 0, {0xA5, 0xD6, 0x9F, 0x07, 0x89, 0x64, 0x24, 0x0F} },
    { 102, 0xA7, 0, {0xDD, 0xE7, 0x9F, 0x7F, 0xFD, 0xF9, 0x57, 0x3E} },
    { 2, 0xA8, 0, {0xAC, 0xD7, 0x9F, 0x07, 0x89, 0x64, 0x26, 0x0F} },
    { 91, 0x121, 0, {0x94, 0x0C, 0x00, 0x40, 0x36, 0x62, 0x7E, 0xFE} },
    { 3, 0xA8, 0, {0x92, 0xD8, 0x9F, 0x07, 0x89, 0x64, 0x24, 0x0F} },
    { 2, 0xA7, 0, {0x90, 0xE8, 0x9F, 0x7F, 0xFD, 0xF9, 0x57, 0x3E} },
    { 18, 0x640, 0, {0x02, 0x81, 0x6F, 0xB7, 0x76, 0x20, 0x03, 0x28} },
    { 82, 0xA7, 0, {0x40, 0xE9, 0x9F, 0x7F, 0xFD, 0xF9, 0x57, 0x3E} },
    { 3, 0xA8, 0, {0xC4, 0xD9, 0x9F, 0x07, 0x89, 0x64, 0x22, 0x0F} },
    { 92, 0x121, 0, {0x87, 0x0D, 0x00, 0x40, 0x36, 0x62, 0x7E, 0xFE} },
    { 2, 0x3BE, 0, {0x67, 0x12, 0x07, 0x01, 0xA8, 0xC0, 0x08, 0x80} },
    { 2, 0xA7, 0, {0x46, 0xEA, 0x9F, 0x7F, 0xFD, 0xF9, 0x57, 0x3E} },
    { 3, 0xA8, 0, {0x9B, 0xDA, 0x9F, 0x07, 0x89, 0x64, 0x22, 0x0F} },
    { 67, 0x1B000076, 1, {0x76, 0x00, 0x04, 0x01, 0x01, 0x00, 0x00, 0x00} },
    { 32, 0xA7, 0, {0x28, 0xEB, 0x9F, 0x7F, 0xFD, 0xF9, 0x57, 0x3E} },
    { 2, 0xA8, 0, {0xF5, 0xDB, 0xBF, 0x07, 0x89, 0x64, 0x26, 0x0F} },
    { 92, 0x121, 0, {0x14, 0x0E, 0x00, 0x40, 0x36, 0x62, 0x7E, 0xFE} },
    { 5, 0xA7, 0, {0x97, 0xEC, 0x9F, 0x7F, 0xFD, 0xF9, 0x57, 0x3E} },
    { 2, 0xA8, 0, {0x9B, 0xDC, 0xBF, 0x07, 0x89, 0x64, 0x2E, 0x0F} },
    { 96, 0xA7, 0, {0x67, 0xED, 0x9F, 0x7F, 0xFD, 0xF9, 0x57, 0x3E} },
    { 2, 0xA8, 0, {0x20, 0xDD, 0xBF, 0x07, 0x89, 0x64, 0x32, 0x0F} },
    { 95, 0x121, 0, {0xA2, 0x0F, 0x00, 0x40, 0x36, 0x62, 0x7E, 0xFE} },
    { 2, 0xA7, 0, {0xEC, 0xEE, 0x9F, 0x7F, 0xFD, 0xF9, 0x57, 0x3E} },
    { 2, 0xA8, 0, {0xAA, 0xDE, 0xBF, 0x07, 0x89, 0x64, 0x36, 0x0F} },
    { 103, 0xA7, 0, {0x32, 0xEF, 0x9F, 0x7F, 0xFD, 0xF9, 0x57, 0x3E} },
    { 2, 0xA8, 0, {0x6D, 0xDF, 0xBF, 0x07, 0x89, 0x64, 0x3A, 0x0F} },
    { 91, 0x121, 0, {0x6C, 0x00, 0x00, 0x40, 0x36, 0x62, 0x7E, 0xFE} },
    { 3, 0xA8, 0, {0xBA, 0xD0, 0x9F, 0x07, 0x89, 0x64, 0x3C, 0x0F} },
    { 3, 0xA7, 0, {0xFB, 0xE0, 0x9F, 0x7F, 0xFD, 0xF9, 0x57, 0x3E} },
    { 96, 0xA7, 0, {0x58, 0xE1, 0x5F, 0x7F, 0xFD, 0xF9, 0x57, 0x3E} },
    { 4, 0xA8, 0, {0x76, 0xD1, 0x9F, 0x07, 0x89, 0x64, 0x40, 0x0F} },
    { 94, 0x121, 0, {0x00, 0x01, 0x00, 0x40, 0x36, 0x62, 0x7E, 0xFE} },
    { 2, 0xA7, 0, {0x2C, 0xE2, 0x5F, 0x7F, 0xFD, 0xF9, 0x57, 0x3E} },
    { 3, 0xA8, 0, {0xBE, 0xD2, 0x9F, 0x07, 0x89, 0x64, 0x46, 0x0F} },
    { 103, 0xA7, 0, {0xAD, 0xE3, 0x5F, 0x7F, 0xFD, 0xF9, 0x57, 0x3E} },
    { 2, 0xA8, 0, {0x19, 0xD3, 0x9F, 0x07, 0x89, 0x64, 0x4A, 0x0F} },
    { 90, 0x121, 0, {0x8F, 0x02, 0x00, 0x40, 0x36, 0x62, 0x7E, 0xFE} },
    { 2, 0x3BE, 0, {0x94, 0x13, 0x07, 0x01, 0xA8, 0xC0, 0x08, 0x80} },
    { 2, 0xA7, 0, {0x97, 0xE4, 0x5F, 0x7F, 0xFD, 0xF9, 0x57, 0x3E} },
    { 3, 0xA8, 0, {0x91, 0xD4, 0x9F, 0x07, 0x89, 0x64, 0x4C, 0x0F} },
    { 96, 0xA7, 0, {0xEC, 0xE5, 0x5F, 0x7F, 0xFD, 0xF9, 0x57, 0x3E} },
    { 3, 0xA8, 0, {0x53, 0xD5, 0x9F, 0x07, 0x89, 0x64, 0x50, 0x0F} },
    { 94, 0x121, 0, {0x7D, 0x03, 0x00, 0x40, 0x36, 0x62, 0x7E, 0xFE} },
    { 2, 0xA7, 0, {0xCE, 0xE6, 0x5F, 0x7F, 0xFD, 0xF5, 0x57, 0x3E} },
    { 3, 0xA8, 0, {0x5B, 0xD6, 0x9F, 0x07, 0x89, 0x64, 0x54, 0x0F} },
    { 100, 0xA7, 0, {0x47, 0xE7, 0x5F, 0x7F, 0xFD, 0xF5, 0x57, 0x3E} },
    { 2, 0xA8, 0, {0x81, 0xD7, 0xBF, 0x07, 0x89, 0x64, 0x5A, 0x0F} },
    { 93, 0x121, 0, {0xC0, 0x04, 0x00, 0x40, 0x36, 0x62, 0x7E, 0xFE} },
    { 6, 0xA7, 0, {0x0A, 0xE8, 0x5F, 0x7F, 0xFD, 0xF5, 0x57, 0x3E} },
    { 2, 0xA8, 0, {0xC0, 0xD8, 0xBF, 0x07, 0x89, 0x64, 0x60, 0x0F} },
    { 95, 0xA7, 0, {0xDA, 0xE9, 0x5F, 0x7F, 0xFD, 0xF5, 0x57, 0x3E} },
    { 2, 0xA8, 0, {0xAE, 0xD9, 0xBF, 0x07, 0x89, 0x64, 0x62, 0x0F} },
    { 95, 0x121, 0, {0xF7, 0x05, 0x00, 0x40, 0x36, 0x62, 0x7E, 0xFE} },
    { 3, 0xA7, 0, {0xDC, 0xEA, 0x5F, 0x7F, 0xFD, 0xF5, 0x57, 0x3E} },
    { 2, 0xA8, 0, {0xD5, 0xDA, 0xBF, 0x07, 0x89, 0x64, 0x64, 0x0F} },
    { 100, 0xA7, 0, {0xB2, 0xEB, 0x5F, 0x7F, 0xFD, 0xF5, 0x57, 0x3E} },
    { 2, 0xA8, 0, {0x50, 0xDB, 0xBF, 0x07, 0x89, 0x64, 0x68, 0x0F} },
    { 93, 0x121, 0, {0xF0, 0x06, 0x00, 0x40, 0x36, 0x62, 0x7E, 0xFE} },
    { 3, 0xA8, 0, {0x4E, 0xDC, 0xBF, 0x07, 0x89, 0x64, 0x68, 0x0F} },
    { 2, 0xA7, 0, {0x0D, 0xEC, 0x5F, 0x7F, 0xFD, 0xF5, 0x57, 0x3E} },
    { 100, 0xA7, 0, {0xFD, 0xED, 0x5F, 0x7F, 0xFD, 0xF5, 0x57, 0x3E} },
    { 3, 0xA8, 0, {0x5D, 0xDD, 0xBF, 0x07, 0x89, 0x64, 0x68, 0x0F} },
    { 93, 0x121, 0, {0xA3, 0x07, 0x00, 0x40, 0x36, 0x62, 0x7E, 0xFE} },
    { 2, 0x3BE, 0, {0x63, 0x14, 0x07, 0x01, 0xA8, 0xC0, 0x08, 0x80} },
    { 3, 0xA7, 0, {0xBF, 0xDE, 0x5F, 0x7F, 0xFD, 0xF5, 0x57, 0x3E} },
    { 2, 0xA8, 0, {0xF3, 0xDE, 0xBF, 0x07, 0x89, 0x64, 0x6A, 0x0F} },
    { 66, 0x1B000076, 1, {0x76, 0x00, 0x04, 0x01, 0x01, 0x00, 0x00, 0x00} },
    { 30, 0xA7, 0, {0x61, 0xDF, 0x5F, 0x7F, 0xFD, 0xF5, 0x57, 0x3E} },
    { 2, 0xA8, 0, {0x7C, 0xDF, 0xBF, 0x07, 0x89, 0x64, 0x6A, 0x0F} },
    { 97, 0x121, 0, {0x60, 0x08, 0x00, 0x40, 0x36, 0x62, 0x7E, 0xFE} },
    { 3, 0xA7, 0, {0xA8, 0xD0, 0x5F, 0x7F, 0xFD, 0xF5, 0x57, 0x3E} },
    { 2, 0xA8, 0, {0x5C, 0xD0, 0xBF, 0x07, 0x89, 0x64, 0x66, 0x0F} },
    { 97, 0xA7, 0, {0x20, 0xD1, 0x5F, 0x7F, 0xFD, 0xF5, 0x57, 0x3E} },
    { 2, 0xA8, 0, {0x1E, 0xD1, 0xBF, 0x07, 0x89, 0x64, 0x62, 0x0F} },
    { 98, 0x121, 0, {0x9F, 0x09, 0x00, 0x40, 0x36, 0x62, 0x7E, 0xFE} },
    { 2, 0xA7, 0, {0x54, 0xD2, 0x5F, 0x7F, 0xFD, 0xF5, 0x57, 0x3E} },
    { 3, 0xA8, 0, {0xB5, 0xD2, 0xBF, 0x07, 0x89, 0x64, 0x5E, 0x0F} },
    { 93, 0xA7, 0, {0xD5, 0xD3, 0x5F, 0x7F, 0xFD, 0xF5, 0x57, 0x3E} },
    { 2, 0xA8, 0, {0x5A, 0xD3, 0xBF, 0x07, 0x89, 0x64, 0x5E, 0x0F} },
    { 99, 0x121, 0, {0xFA, 0x0A, 0x00, 0x40, 0x36, 0x62, 0x7E, 0xFE} },
    { 2, 0xA8, 0, {0xB1, 0xD4, 0xBF, 0x07, 0x89, 0x64, 0x62, 0x0F} },
    { 2, 0xA7, 0, {0xEF, 0xD4, 0x5F, 0x7F, 0xFD, 0xF5, 0x57, 0x3E} },
    { 97, 0xA7, 0, {0x94, 0xD5, 0x5F, 0x7F, 0xFD, 0xF5, 0x57, 0x3E} },
    { 2, 0xA8, 0, {0xB7, 0xD5, 0xBF, 0x07, 0x89, 0x64, 0x68, 0x0F} },
    { 98, 0x121, 0, {0x51, 0x0B, 0x00, 0x40, 0x36, 0x62, 0x7E, 0xFE} },
    { 3, 0xA7, 0, {0x07, 0xD6, 0x5F, 0x7F, 0xFD, 0xF5, 0x57, 0x3E} },
    { 2, 0xA8, 0, {0x87, 0xD6, 0xBF, 0x07, 0x89, 0x64, 0x68, 0x0F} },
    { 95, 0xA7, 0, {0x8E, 0xD7, 0x5F, 0x7F, 0xFD, 0xF5, 0x57, 0x3E} },
    { 2, 0xA8, 0, {0x8E, 0xD7, 0xBF, 0x07, 0x89, 0x64, 0x6A, 0x0F} },
    { 96, 0x121, 0, {0x94, 0x0C, 0x00, 0x40, 0x36, 0x62, 0x7E, 0xFE} },
    { 2, 0x3BE, 0, {0x1C, 0x15, 0x07, 0x01, 0xA8, 0xC0, 0x08, 0x80} },
    { 3, 0xA8, 0, {0xB0, 0xD8, 0xBF, 0x07, 0x89, 0x64, 0x68, 0x0F} },
    { 2, 0xA7, 0, {0xC3, 0xD8, 0x5F, 0x7F, 0xFD, 0xF5, 0x57, 0x3E} },
    { 95, 0xA7, 0, {0x1C, 0xD9, 0x5F, 0x7F, 0xFD, 0xF5, 0x67, 0x3E} },
    { 2, 0xA8, 0, {0x8A, 0xD9, 0xBF, 0x07, 0x89, 0x64, 0x64, 0x0F} },
    { 99, 0x121, 0, {0x87, 0x0D, 0x00, 0x40, 0x36, 0x62, 0x7E, 0xFE} },
    { 2, 0xA7, 0, {0x1A, 0xDA, 0x5F, 0x7F, 0xFD, 0xF5, 0x67, 0x3E} },
    { 2, 0xA8, 0, {0xD5, 0xDA, 0xBF, 0x07, 0x89, 0x64, 0x64, 0x0F} },
    { 92, 0xA7, 0, {0x74, 0xDB, 0x5F, 0x7F, 0xFD, 0xF5, 0x67, 0x3E} },
    { 3, 0xA8, 0, {0x3C, 0xDB, 0xBF, 0x07, 0x89, 0x64, 0x62, 0x0F} },
    { 99, 0x121, 0, {0x14, 0x0E, 0x00, 0x40, 0x36, 0x62, 0x7E, 0xFE} },
    { 4, 0xA7, 0, {0xCB, 0xDC, 0x5F, 0x7F, 0xFD, 0xF5, 0x67, 0x3E} },
    { 3, 0xA8, 0, {0x22, 0xDC, 0xBF, 0x07, 0x89, 0x64, 0x62, 0x0F} },
    { 94, 0xA7, 0, {0x3B, 0xDD, 0x5F, 0x7F, 0xFD, 0xF5, 0x67, 0x3E} },
    { 3, 0xA8, 0, {0x09, 0xDD, 0xBF, 0x07, 0x89, 0x64, 0x66, 0x0F} },
    { 98, 0x121, 0, {0xA2, 0x0F, 0x00, 0x40, 0x36, 0x62, 0x7E, 0xFE} },
    { 2, 0xA7, 0, {0xB0, 0xDE, 0x5F, 0x7F, 0xFD, 0xF5, 0x67, 0x3E} },
    { 3, 0xA8, 0, {0xF3, 0xDE, 0xBF, 0x07, 0x89, 0x64, 0x6A, 0x0F} },
    { 92, 0xA7, 0, {0x6E, 0xDF, 0x5F, 0x7F, 0xFD, 0xF5, 0x67, 0x3E} },
    { 2, 0xA8, 0, {0x44, 0xDF, 0xBF, 0x07, 0x89, 0x64, 0x6E, 0x0F} },
    { 99, 0x121, 0, {0x6C, 0x00, 0x00, 0x40, 0x36, 0x62, 0x7E, 0xFE} },
    { 3, 0xA8, 0, {0x98, 0xD0, 0xBF, 0x07, 0x89, 0x64, 0x70, 0x0F} },
    { 2, 0xA7, 0, {0xA7, 0xD0, 0x5F, 0x7F, 0xFD, 0xF5, 0x67, 0x3E} },
    { 26, 0x641, 0, {0xBF, 0x14, 0x21, 0x4F, 0x13, 0x0A, 0x55, 0x92} },
    { 72, 0xA7, 0, {0x2F, 0xD1, 0x5F, 0x7F, 0xFD, 0xF5, 0x67, 0x3E} },
    { 2, 0xA8, 0, {0xE2, 0xD1, 0xBF, 0x07, 0x89, 0x64, 0x70, 0x0F} },
    { 96, 0x121, 0, {0x00, 0x01, 0x00, 0x40, 0x36, 0x62, 0x7E, 0xFE} },
    { 3, 0x3BE, 0, {0x01, 0x16, 0x07, 0x01, 0xA8, 0xC0, 0x08, 0x80} },
    { 2, 0xA7, 0, {0x5B, 0xD2, 0x5F, 0x7F, 0xFD, 0xF5, 0x67, 0x3E} },
    { 2, 0xA8, 0, {0xBA, 0xD2, 0xBF, 0x07, 0x89, 0x64, 0x6E, 0x0F} },
    { 62, 0x1B000076, 1, {0x76, 0x00, 0x04, 0x01, 0x01, 0x00, 0x00, 0x00} },
    { 29, 0xA7, 0, {0xDA, 0xD3, 0x5F, 0x7F, 0xFD, 0xF5, 0x67, 0x3E} },
    { 2, 0xA8, 0, {0x55, 0xD3, 0xBF, 0x07, 0x89, 0x64, 0x6E, 0x0F} },
    { 99, 0x121, 0, {0x8F, 0x02, 0x00, 0x40, 0x36, 0x62, 0x7E, 0xFE} },
    { 5, 0xA8, 0, {0x4D, 0xD4, 0xBF, 0x07, 0x89, 0x64, 0x70, 0x0F} },
    { 2, 0xA7, 0, {0xE0, 0xD4, 0x5F, 0x7F, 0xFD, 0xF5, 0x67, 0x3E} },
    { 94, 0xA7, 0, {0x9B, 0xD5, 0x5F, 0x7F, 0xFD, 0xF5, 0x67, 0x3E} },
    { 2, 0xA8, 0, {0x03, 0xD5, 0xBF, 0x07, 0x89, 0x64, 0x76, 0x0F} },
    { 93, 0x121, 0, {0x7D, 0x03, 0x00, 0x40, 0x36, 0x62, 0x7E, 0xFE} },
    { 8, 0xA7, 0, {0x08, 0xD6, 0x5F, 0x7F, 0xFD, 0xF5, 0x67, 0x3E} },
    { 2, 0xA8, 0, {0x5F, 0xD6, 0xBF, 0x07, 0x89, 0x64, 0x7C, 0x0F} },
    { 95, 0xA7, 0, {0x81, 0xD7, 0x5F, 0x7F, 0xFD, 0xF5, 0x67, 0x3E} },
    { 2, 0xA8, 0, {0x56, 0xD7, 0xBF, 0x07, 0x89, 0x64, 0x7E, 0x0F} },
    { 97, 0x121, 0, {0xC0, 0x04, 0x00, 0x40, 0x36, 0x62, 0x7E, 0xFE} },
    { 4, 0xA8, 0, {0x68, 0xD8, 0xBF, 0x07, 0x89, 0x64, 0x7C, 0x0F} },
    { 2, 0xA7, 0, {0xCC, 0xD8, 0x5F, 0x7F, 0xFD, 0xF5, 0x67, 0x3E} },
    { 93, 0xA7, 0, {0x1C, 0xD9, 0x5F, 0x7F, 0xFD, 0xF5, 0x67, 0x3E} },
    { 2, 0xA8, 0, {0x76, 0xD9, 0xBF, 0x07, 0x89, 0x64, 0x76, 0x0F} },
    { 95, 0x121, 0, {0xF7, 0x05, 0x00, 0x40, 0x36, 0x62, 0x7E, 0xFE} },
    { 2, 0xA7, 0, {0x03, 0xDA, 0x1F, 0x7F, 0xFD, 0xF5, 0x67, 0x3E} },
    { 2, 0xA8, 0, {0x11, 0xDA, 0xBF, 0x07, 0x89, 0x64, 0x72, 0x0F} },
    { 22, 0x640, 0, {0x02, 0x81, 0x6F, 0xB7, 0x76, 0x20, 0x03, 0x28} },
    { 79, 0xA7, 0, {0x6D, 0xDB, 0x1F, 0x7F, 0xFD, 0xF5, 0x67, 0x3E} },
    { 3, 0xA8, 0, {0xDC, 0xDB, 0xBF, 0x07, 0x89, 0x64, 0x72, 0x0F} },
    { 96, 0x121, 0, {0xF0, 0x06, 0x00, 0x40, 0x36, 0x62, 0x7E, 0xFE} },
    { 2, 0x3BE, 0, {0x8D, 0x17, 0x07, 0x01, 0xA8, 0xC0, 0x08, 0x80} },
    { 3, 0xA7, 0, {0xD2, 0xDC, 0x1F, 0x7F, 0xFD, 0xF5, 0x67, 0x3E} },
    { 2, 0xA8, 0, {0xE6, 0xDC, 0xBF, 0x07, 0x89, 0x64, 0x74, 0x0F} },
    { 92, 0xA7, 0, {0x22, 0xDD, 0x1F, 0x7F, 0xFD, 0xF5, 0x67, 0x3E} },
    { 3, 0xA8, 0, {0xA1, 0xDD, 0xBF, 0x07, 0x89, 0x64, 0x7A, 0x0F} },
    { 96, 0x121, 0, {0xA3, 0x07, 0x00, 0x40, 0x36, 0x62, 0x7E, 0xFE} },
    { 3, 0xA7, 0, {0xA9, 0xDE, 0x1F, 0x7F, 0xFD, 0xF5, 0x67, 0x3E} },
    { 2, 0xA8, 0, {0x13, 0xDE, 0xBF, 0x07, 0x89, 0x64, 0x7A, 0x0F} },
    { 95, 0xA7, 0, {0x77, 0xDF, 0x1F, 0x7F, 0xFD, 0xF5, 0x67, 0x3E} },
    { 3, 0xA8, 0, {0x9C, 0xDF, 0xBF, 0x07, 0x89, 0x64, 0x7A, 0x0F} },
    { 101, 0x121, 0, {0x60, 0x08, 0x00, 0x40, 0x36, 0x62, 0x7E, 0xFE} },
    { 7, 0xA7, 0, {0xBE, 0xD0, 0x1F, 0x7F, 0xFD, 0xF5, 0x67, 0x3E} },
    { 2, 0xA8, 0, {0xBC, 0xD0, 0xBF, 0x07, 0x89, 0x64, 0x76, 0x0F} },
    { 88, 0xA7, 0, {0x36, 0xD1, 0x1F, 0x7F, 0xFD, 0xF5, 0x67, 0x3E} },
    { 2, 0xA8, 0, {0xE2, 0xD1, 0xBF, 0x07, 0x89, 0x64, 0x70, 0x0F} },
    { 98, 0x121, 0, {0x9F, 0x09, 0x00, 0x40, 0x36, 0x62, 0x7E, 0xFE} },
    { 5, 0xA7, 0, {0x42, 0xD2, 0x1F, 0x7F, 0xFD, 0xF5, 0x67, 0x3E} },
    { 2, 0xA8, 0, {0xA6, 0xD2, 0xBF, 0x07, 0x89, 0x64, 0x6C, 0x0F} },
    { 95, 0xA7, 0, {0xC3, 0xD3, 0x1F, 0x7F, 0xFD, 0xF5, 0x67, 0x3E} },
    { 3, 0xA8, 0, {0x25, 0xD3, 0xBF, 0x07, 0x89, 0x64, 0x66, 0x0F} },
    { 98, 0x121, 0, {0xFA, 0x0A, 0x00, 0x40, 0x36, 0x62, 0x7E, 0xFE} },
    { 2, 0xA8, 0, {0xAD, 0xD4, 0xBF, 0x07, 0x89, 0x64, 0x60, 0x0F} },
    { 3, 0xA7, 0, {0xF9, 0xD4, 0x1F, 0x7F, 0xFD, 0xF5, 0x67, 0x3E} },
    { 97, 0xA7, 0, {0x82, 0xD5, 0x1F, 0x7F, 0xFD, 0xF5, 0x67, 0x3E} },
    { 2, 0xA8, 0, {0xC7, 0xD5, 0xBF, 0x07, 0x89, 0x64, 0x60, 0x0F} },
    { 92, 0x121, 0, {0x51, 0x0B, 0x00, 0x40, 0x36, 0x62, 0x7E, 0xFE} },
    { 3, 0x3BE, 0, {0x77, 0x18, 0x07, 0x01, 0xA8, 0xC0, 0x08, 0x80} },
    { 2, 0xA7, 0, {0x08, 0xD6, 0x5F, 0x7F, 0xFD, 0xF5, 0x67, 0x3E} },
    { 3, 0xA8, 0, {0xF7, 0xD6, 0xBF, 0x07, 0x89, 0x64, 0x60, 0x0F} },
    { 67, 0x1B000076, 1, {0x76, 0x00, 0x04, 0x01, 0x01, 0x00, 0x00, 0x00} },
    { 28, 0xA7, 0, {0x81, 0xD7, 0x5F, 0x7F, 0xFD, 0xF5, 0x67, 0x3E} },
    { 2, 0xA8, 0, {0xFE, 0xD7, 0xBF, 0x07, 0x89, 0x64, 0x62, 0x0F} },
    { 99, 0x121, 0, {0x94, 0x0C, 0x00, 0x40, 0x36, 0x62, 0x7E, 0xFE} },
    { 7, 0xA8, 0, {0xDC, 0xD8, 0xBF, 0x07, 0x89, 0x64, 0x62, 0x0F} },
    { 2, 0xA7, 0, {0xCC, 0xD8, 0x5F, 0x7F, 0xFD, 0xF5, 0x67, 0x3E} },
    { 89, 0xA7, 0, {0x1C, 0xD9, 0x5F, 0x7F, 0xFD, 0xF5, 0x67, 0x3E} },
    { 3, 0xA8, 0, {0xE9, 0xD9, 0xBF, 0x07, 0x89, 0x64, 0x5E, 0x0F} },
    { 95, 0x121, 0, {0x87, 0x0D, 0x00, 0x40, 0x36, 0x62, 0x7E, 0xFE} },
    { 2, 0xA7, 0, {0x03, 0xDA, 0x1F, 0x7F, 0xFD, 0xF5, 0x67, 0x3E} },
    { 2, 0xA8, 0, {0x8E, 0xDA, 0xBF, 0x07, 0x89, 0x64, 0x5A, 0x0F} },
    { 99, 0xA7, 0, {0x6D, 0xDB, 0x1F, 0x7F, 0xFD, 0xF5, 0x67, 0x3E} },
    { 2, 0xA8, 0, {0x17, 0xDB, 0xBF, 0x07, 0x89, 0x64, 0x54, 0x0F} },
    { 99, 0x121, 0, {0x14, 0x0E, 0x00, 0x40, 0x36, 0x62, 0x7E, 0xFE} },
    { 4, 0xA8, 0, {0x31, 0xDC, 0xBF, 0x07, 0x89, 0x64, 0x50, 0x0F} },
    { 2, 0xA7, 0, {0xD2, 0xDC, 0x1F, 0x7F, 0xFD, 0xF5, 0x67, 0x3E} },
    { 93, 0xA7, 0, {0x22, 0xDD, 0x1F, 0x7F, 0xFD, 0xF5, 0x67, 0x3E} },
    { 2, 0xA8, 0, {0x22, 0xDD, 0xBF, 0x07, 0x89, 0x64, 0x50, 0x0F} },
    { 95, 0x121, 0, {0xA2, 0x0F, 0x00, 0x40, 0x36, 0x62, 0x7E, 0xFE} },
    { 2, 0xA7, 0, {0xB0, 0xDE, 0x5F, 0x7F, 0xFD, 0xF5, 0x67, 0x3E} },
    { 3, 0xA8, 0, {0x8C, 0xDE, 0xBF, 0x07, 0x89, 0x64, 0x52, 0x0F} },
    { 99, 0xA7, 0, {0x6E, 0xDF, 0x5F, 0x7F, 0xFD, 0xF5, 0x67, 0x3E} },
    { 3, 0xA8, 0, {0x1F, 0xDF, 0xBF, 0x07, 0x89, 0x64, 0x50, 0x0F} },
    { 96, 0x121, 0, {0x6C, 0x00, 0x00, 0x40, 0x36, 0x62, 0x7E, 0xFE} },
    { 3, 0x3BE, 0, {0x54, 0x19, 0x07, 0x01, 0xA8, 0xC0, 0x08, 0x80} },
    { 2, 0xA7, 0, {0xA7, 0xD0, 0x5F, 0x7F, 0xFD, 0xF5, 0x67, 0x3E} },
    { 2, 0xA8, 0, {0xC3, 0xD0, 0xBF, 0x07, 0x89, 0x64, 0x4E, 0x0F} },
    { 93, 0xA7, 0, {0x2F, 0xD1, 0x5F, 0x7F, 0xFD, 0xF5, 0x67, 0x3E} },
    { 2, 0xA8, 0, {0x0D, 0xD1, 0xBF, 0x07, 0x89, 0x64, 0x50, 0x0F} },
    { 95, 0x121, 0, {0x00, 0x01, 0x00, 0x40, 0x36, 0x62, 0x7E, 0xFE} },
    { 3, 0xA7, 0, {0x5B, 0xD2, 0x5F, 0x7F, 0xFD, 0xF5, 0x67, 0x3E} },
    { 2, 0xA8, 0, {0xFD, 0xD2, 0xBF, 0x07, 0x89, 0x64, 0x52, 0x0F} },
    { 97, 0xA7, 0, {0xDA, 0xD3, 0x5F, 0x7F, 0xFD, 0xF5, 0x67, 0x3E} },
    { 2, 0xA8, 0, {0x36, 0xD3, 0xBF, 0x07, 0x89, 0x64, 0x54, 0x0F} },
    { 99, 0x121, 0, {0x8F, 0x02, 0x00, 0x40, 0x36, 0x62, 0x7E, 0xFE} },
    { 7, 0xA7, 0, {0xE0, 0xD4, 0x5F, 0x7F, 0xFD, 0xF5, 0x67, 0x3E} },
    { 3, 0xA8, 0, {0xD2, 0xD4, 0xBF, 0x07, 0x89, 0x64, 0x58, 0x0F} },
    { 90, 0xA7, 0, {0x9B, 0xD5, 0x5F, 0x7F, 0xFD, 0xF5, 0x67, 0x3E} },
    { 2, 0xA8, 0, {0xB8, 0xD5, 0xBF, 0x07, 0x89, 0x64, 0x58, 0x0F} },
    { 95, 0x121, 0, {0x7D, 0x03, 0x00, 0x40, 0x36, 0x62, 0x7E, 0xFE} },
    { 2, 0xA7, 0, {0x08, 0xD6, 0x5F, 0x7F, 0xFD, 0xF5, 0x67, 0x3E} },
    { 3, 0xA8, 0, {0x94, 0xD6, 0xBF, 0x07, 0x89, 0x64, 0x5A, 0x0F} },
    { 98, 0xA7, 0, {0x81, 0xD7, 0x5F, 0x7F, 0xFD, 0xF5, 0x67, 0x3E} },
    { 2, 0xA8, 0, {0x9D, 0xD7, 0xBF, 0x07, 0x89, 0x64, 0x58, 0x0F} },
    { 97, 0x121, 0, {0xC0, 0x04, 0x00, 0x40, 0x36, 0x62, 0x7E, 0xFE} },
    { 4, 0xA8, 0, {0xA3, 0xD8, 0xBF, 0x07, 0x89, 0x64, 0x5A, 0x0F} },
    { 2, 0xA7, 0, {0xCC, 0xD8, 0x5F, 0x7F, 0xFD, 0xF5, 0x67, 0x3E} },
    { 97, 0xA7, 0, {0x1C, 0xD9, 0x5F, 0x7F, 0xFD, 0xF5, 0x67, 0x3E} },
    { 2, 0xA8, 0, {0x99, 0xD9, 0xBF, 0x07, 0x89, 0x64, 0x56, 0x0F} },
    { 93, 0x121, 0, {0xF7, 0x05, 0x00, 0x40, 0x36, 0x62, 0x7E, 0xFE} },
    { 2, 0x3BE, 0, {0x9F, 0x1A, 0x07, 0x01, 0xA8, 0xC0, 0x08, 0x80} },
    { 3, 0xA7, 0, {0x1A, 0xDA, 0x5F, 0x7F, 0xFD, 0xF5, 0x67, 0x3E} },
    { 2, 0xA8, 0, {0xE2, 0xDA, 0xBF, 0x07, 0x89, 0x64, 0x50, 0x0F} },
    { 67, 0x1B000076, 1, {0x76, 0x00, 0x04, 0x01, 0x01, 0x00, 0x00, 0x00} },
    { 28, 0xA7, 0, {0x74, 0xDB, 0x5F, 0x7F, 0xFD, 0xF5, 0x67, 0x3E} },
    { 2, 0xA8, 0, {0xA3, 0xDB, 0xBF, 0x07, 0x89, 0x64, 0x4A, 0x0F} },
    { 98, 0x121, 0, {0xF0, 0x06, 0x00, 0x40, 0x36, 0x62, 0x7E, 0xFE} },
    { 5, 0xA8, 0, {0xCD, 0xDC, 0xBF, 0x07, 0x89, 0x64, 0x42, 0x0F} },
    { 3, 0xA7, 0, {0xCB, 0xDC, 0x5F, 0x7F, 0xFD, 0xF5, 0x67, 0x3E} },
    { 92, 0xA7, 0, {0x3B, 0xDD, 0x5F, 0x7F, 0xFD, 0xF5, 0x67, 0x3E} },
    { 3, 0xA8, 0, {0x68, 0xDD, 0xBF, 0x07, 0x89, 0x64, 0x3E, 0x0F} },
    { 95, 0x121, 0, {0xA3, 0x07, 0x00, 0x40, 0x36, 0x62, 0x7E, 0xFE} },
    { 2, 0xA7, 0, {0xB0, 0xDE, 0x5F, 0x7F, 0xFD, 0xF5, 0x67, 0x3E} },
    { 3, 0xA8, 0, {0xC6, 0xDE, 0xBF, 0x07, 0x89, 0x64, 0x3C, 0x0F} },
    { 101, 0xA7, 0, {0x6E, 0xDF, 0x5F, 0x7F, 0xFD, 0xF5, 0x67, 0x3E} },
    { 3, 0xA8, 0, {0x49, 0xDF, 0xBF, 0x07, 0x89, 0x64, 0x3C, 0x0F} },
    { 92, 0x121, 0, {0x60, 0x08, 0x00, 0x40, 0x36, 0x62, 0x7E, 0xFE} },
    { 3, 0xA8, 0, {0x05, 0xD0, 0xBF, 0x07, 0x89, 0x64, 0x3A, 0x0F} },
    { 2, 0xA7, 0, {0xA7, 0xD0, 0x5F, 0x7F, 0xFD, 0xF5, 0x67, 0x3E} },
    { 98, 0xA7, 0, {0x2F, 0xD1, 0x5F, 0x7F, 0xFD, 0xF5, 0x67, 0x3E} },
    { 3, 0xA8, 0, {0x5B, 0xD1, 0xBF, 0x07, 0x89, 0x64, 0x3C, 0x0F} },
    { 94, 0x121, 0, {0x9F, 0x09, 0x00, 0x40, 0x36, 0x62, 0x7E, 0xFE} },
    { 3, 0xA7, 0, {0x5B, 0xD2, 0x5F, 0x7F, 0xFD, 0xF5, 0x67, 0x3E} },
    { 2, 0xA8, 0, {0x93, 0xD2, 0xBF, 0x07, 0x89, 0x64, 0x3A, 0x0F} },
    { 103, 0xA7, 0, {0xDA, 0xD3, 0x5F, 0x7F, 0xFD, 0xF5, 0x67, 0x3E} },
    { 2, 0xA8, 0, {0x60, 0xD3, 0xBF, 0x07, 0x89, 0x64, 0x38, 0x0F} },
    { 89, 0x121, 0, {0xFA, 0x0A, 0x00, 0x40, 0x36, 0x62, 0x7E, 0xFE} },
    { 2, 0x3BE, 0, {0xE9, 0x1B, 0x07, 0x01, 0xA8, 0xC0, 0x08, 0x80} },
    { 2, 0xA7, 0, {0xE0, 0xD4, 0x5F, 0x7F, 0xFD, 0xF5, 0x67, 0x3E} },
    { 3, 0xA8, 0, {0x98, 0xD4, 0xBF, 0x07, 0x89, 0x64, 0x36, 0x0F} },
    { 99, 0xA7, 0, {0x9B, 0xD5, 0x5F, 0x7F, 0xFD, 0xF5, 0x67, 0x3E} },
    { 2, 0xA8, 0, {0xA6, 0xD5, 0xBF, 0x07, 0x89, 0x64, 0x38, 0x0F} },
    { 94, 0x121, 0, {0x51, 0x0B, 0x00, 0x40, 0x36, 0x62, 0x7E, 0xFE} },
    { 2, 0xA7, 0, {0x08, 0xD6, 0x5F, 0x7F, 0xFD, 0xF5, 0x67, 0x3E} },
    { 2, 0xA8, 0, {0x8A, 0xD6, 0xBF, 0x07, 0x89, 0x64, 0x3A, 0x0F} },
    { 101, 0xA7, 0, {0x81, 0xD7, 0x5F, 0x7F, 0xFD, 0xF5, 0x67, 0x3E} },
    { 2, 0xA8, 0, {0xA7, 0xD7, 0xBF, 0x07, 0x89, 0x64, 0x3E, 0x0F} },
    { 91, 0x121, 0, {0x94, 0x0C, 0x00, 0x40, 0x36, 0x62, 0x7E, 0xFE} },
    { 5, 0xA7, 0, {0xCC, 0xD8, 0x5F, 0x7F, 0xFD, 0xF5, 0x67, 0x3E} },
    { 3, 0xA8, 0, {0x85, 0xD8, 0xBF, 0x07, 0x89, 0x64, 0x3E, 0x0F} },
    { 99, 0xA7, 0, {0x1C, 0xD9, 0x5F, 0x7F, 0xFD, 0xF5, 0x67, 0x3E} },
    { 2, 0xA8, 0, {0xEB, 0xD9, 0xBF, 0x07, 0x89, 0x64, 0x3C, 0x0F} },
    { 93, 0x121, 0, {0x87, 0x0D, 0x00, 0x40, 0x36, 0x62, 0x7E, 0xFE} },
    { 5, 0xA7, 0, {0x1A, 0xDA, 0x5F, 0x7F, 0xFD, 0xF5, 0x67, 0x3E} },
    { 2, 0xA8, 0, {0xB4, 0xDA, 0xBF, 0x07, 0x89, 0x64, 0x3C, 0x0F} },
    { 98, 0xA7, 0, {0x74, 0xDB, 0x5F, 0x7F, 0xFD, 0xF5, 0x67, 0x3E} },
    { 2, 0xA8, 0, {0x79, 0xDB, 0xBF, 0x07, 0x89, 0x64, 0x3C, 0x0F} },
    { 91, 0x121, 0, {0x14, 0x0E, 0x00, 0x40, 0x36, 0x62, 0x7E, 0xFE} },
    { 3, 0xA8, 0, {0x7B, 0xDC, 0xBF, 0x07, 0x89, 0x64, 0x3E, 0x0F} },
    { 2, 0xA7, 0, {0xCB, 0xDC, 0x5F, 0x7F, 0xFD, 0xF5, 0x67, 0x3E} },
    { 16, 0x640, 0, {0x02, 0x81, 0x6F, 0xB7, 0x76, 0x20, 0x03, 0x28} },
    { 87, 0xA7, 0, {0x3B, 0xDD, 0x5F, 0x7F, 0xFD, 0xF5, 0x67, 0x3E} },
    { 3, 0xA8, 0, {0xFA, 0xDD, 0xBF, 0x07, 0x89, 0x64, 0x44, 0x0F} },
    { 89, 0x121, 0, {0xA2, 0x0F, 0x00, 0x40, 0x36, 0x62, 0x7E, 0xFE} },
    { 2, 0x3BE, 0, {0x6C, 0x1C, 0x07, 0x01, 0xA8, 0xC0, 0x08, 0x80} },
    { 3, 0xA7, 0, {0xB0, 0xDE, 0x5F, 0x7F, 0xFD, 0xF5, 0x67, 0x3E} },
    { 2, 0xA8, 0, {0x48, 0xDE, 0xBF, 0x07, 0x89, 0x64, 0x44, 0x0F} },
    { 68, 0x1B000076, 1, {0x76, 0x00, 0x04, 0x01, 0x01, 0x00, 0x00, 0x00} },
    { 27, 0xA7, 0, {0x6E, 0xDF, 0x5F, 0x7F, 0xFD, 0xF5, 0x67, 0x3E} },
    { 2, 0xA8, 0, {0xC7, 0xDF, 0xBF, 0x07, 0x89, 0x64, 0x44, 0x0F} },
    { 96, 0x121, 0, {0x6C, 0x00, 0x00, 0x40, 0x36, 0x62, 0x7E, 0xFE} },
    { 5, 0xA8, 0, {0xAF, 0xD0, 0xBF, 0x07, 0x89, 0x64, 0x44, 0x0F} },
    { 3, 0xA7, 0, {0xA7, 0xD0, 0x5F, 0x7F, 0xFD, 0xF5, 0x67, 0x3E} },
    { 98, 0xA7, 0, {0x2F, 0xD1, 0x5F, 0x7F, 0xFD, 0xF5, 0x67, 0x3E} },
    { 2, 0xA8, 0, {0xF1, 0xD1, 0xBF, 0x07, 0x89, 0x64, 0x42, 0x0F} },
    { 92, 0x121, 0, {0x00, 0x01, 0x00, 0x40, 0x36, 0x62, 0x7E, 0xFE} },
    { 2, 0xA7, 0, {0x5B, 0xD2, 0x5F, 0x7F, 0xFD, 0xF5, 0x67, 0x3E} },
    { 3, 0xA8, 0, {0x01, 0xD2, 0xBF, 0x07, 0x89, 0x64, 0x40, 0x0F} },
    { 97, 0xA7, 0, {0xDA, 0xD3, 0x5F, 0x7F, 0xFD, 0xF5, 0x67, 0x3E} },
    { 2, 0xA8, 0, {0xEE, 0xD3, 0xBF, 0x07, 0x89, 0x64, 0x40, 0x0F} },
    { 96, 0x121, 0, {0x8F, 0x02, 0x00, 0x40, 0x36, 0x62, 0x7E, 0xFE} },
    { 3, 0xA8, 0, {0xE8, 0xD4, 0xBF, 0x07, 0x89, 0x64, 0x3E, 0x0F} },
    { 2, 0xA7, 0, {0xE0, 0xD4, 0x5F, 0x7F, 0xFD, 0xF5, 0x67, 0x3E} },
    { 101, 0xA7, 0, {0x9B, 0xD5, 0x5F, 0x7F, 0xFD, 0xF5, 0x67, 0x3E} },
    { 3, 0xA8, 0, {0x9E, 0xD5, 0xBF, 0x07, 0x89, 0x64, 0x3C, 0x0F} },
    { 91, 0x121, 0, {0x7D, 0x03, 0x00, 0x40, 0x36, 0x62, 0x7E, 0xFE} },
    { 2, 0xA7, 0, {0xB9, 0xD6, 0x5F, 0x7F, 0xFD, 0xF9, 0x67, 0x3E} },
    { 3, 0xA8, 0, {0xB2, 0xD6, 0xBF, 0x07, 0x89, 0x64, 0x3E, 0x0F} },
    { 99, 0xA7, 0, {0x30, 0xD7, 0x5F, 0x7F, 0xFD, 0xF9, 0x67, 0x3E} },
    { 3, 0xA8, 0, {0xA7, 0xD7, 0xBF, 0x07, 0x89, 0x64, 0x3E, 0x0F} },
    { 93, 0x121, 0, {0xC0, 0x04, 0x00, 0x40, 0x36, 0x62, 0x7E, 0xFE} },
    { 2, 0x3BE, 0, {0xD7, 0x1D, 0x07, 0x01, 0xA8, 0xC0, 0x08, 0x80} },
    { 3, 0xA7, 0, {0xCC, 0xD8, 0x5F, 0x7F, 0xFD, 0xF5, 0x67, 0x3E} },
    { 2, 0xA8, 0, {0x33, 0xD8, 0xBF, 0x07, 0x89, 0x64, 0x42, 0x0F} },
    { 99, 0xA7, 0, {0x1C, 0xD9, 0x5F, 0x7F, 0xFD, 0xF5, 0x67, 0x3E} },
    { 2, 0xA8, 0, {0x79, 0xD9, 0xBF, 0x07, 0x89, 0x64, 0x46, 0x0F} },
    { 92, 0x121, 0, {0xF7, 0x05, 0x00, 0x40, 0x36, 0x62, 0x7E, 0xFE} },
    { 5, 0xA7, 0, {0x1A, 0xDA, 0x5F, 0x7F, 0xFD, 0xF5, 0x67, 0x3E} },
    { 2, 0xA8, 0, {0x72, 0xDA, 0xBF, 0x07, 0x89, 0x64, 0x48, 0x0F} },
    { 95, 0xA7, 0, {0x74, 0xDB, 0x5F, 0x7F, 0xFD, 0xF5, 0x67, 0x3E} },
    { 2, 0xA8, 0, {0xBF, 0xDB, 0xBF, 0x07, 0x89, 0x64, 0x48, 0x0F} },
    { 96, 0x121, 0, {0xF0, 0x06, 0x00, 0x40, 0x36, 0x62, 0x7E, 0xFE} },
    { 4, 0xA7, 0, {0xCB, 0xDC, 0x5F, 0x7F, 0xFD, 0xF5, 0x67, 0x3E} },
    { 3, 0xA8, 0, {0xBD, 0xDC, 0xBF, 0x07, 0x89, 0x64, 0x4A, 0x0F} },
    { 100, 0xA7, 0, {0x3B, 0xDD, 0x5F, 0x7F, 0xFD, 0xF5, 0x67, 0x3E} },
    { 2, 0xA8, 0, {0x8A, 0xDD, 0xBF, 0x07, 0x89, 0x64, 0x4C, 0x0F} },
    { 92, 0x121, 0, {0xA3, 0x07, 0x00, 0x40, 0x36, 0x62, 0x7E, 0xFE} },
    { 2, 0xA7, 0, {0xB0, 0xDE, 0x5F, 0x7F, 0xFD, 0xF5, 0x67, 0x3E} },
    { 2, 0xA8, 0, {0x00, 0xDE, 0xBF, 0x07, 0x89, 0x64, 0x48, 0x0F} },
    { 97, 0xA7, 0, {0x6E, 0xDF, 0x5F, 0x7F, 0xFD, 0xF5, 0x67, 0x3E} },
    { 2, 0xA8, 0, {0xDB, 0xDF, 0xBF, 0x07, 0x89, 0x64, 0x46, 0x0F} },
    { 96, 0x121, 0, {0x60, 0x08, 0x00, 0x40, 0x36, 0x62, 0x7E, 0xFE} },
    { 3, 0xA8, 0, {0xB3, 0xD0, 0xBF, 0x07, 0x89, 0x64, 0x46, 0x0F} },
    { 2, 0xA7, 0, {0xA7, 0xD0, 0x5F, 0x7F, 0xFD, 0xF5, 0x67, 0x3E} },
    { 103, 0xA7, 0, {0x2F, 0xD1, 0x5F, 0x7F, 0xFD, 0xF5, 0x67, 0x3E} },
    { 2, 0xA8, 0, {0xF1, 0xD1, 0xBF, 0x07, 0x89, 0x64, 0x42, 0x0F} },
    { 90, 0x121, 0, {0x9F, 0x09, 0x00, 0x40, 0x36, 0x62, 0x7E, 0xFE} },
    { 2, 0x3BE, 0, {0xC8, 0x1E, 0x07, 0x01, 0xA8, 0xC0, 0x08, 0x80} },
    { 3, 0xA7, 0, {0x5B, 0xD2, 0x5F, 0x7F, 0xFD, 0xF5, 0x67, 0x3E} },
    { 2, 0xA8, 0, {0x01, 0xD2, 0xBF, 0x07, 0x89, 0x64, 0x40, 0x0F} },
    { 67, 0x1B000076, 1, {0x76, 0x00, 0x04, 0x01, 0x01, 0x00, 0x00, 0x00} },
    { 28, 0xA7, 0, {0xDA, 0xD3, 0x5F, 0x7F, 0xFD, 0xF5, 0x67, 0x3E} },
    { 2, 0xA8, 0, {0x44, 0xD3, 0xBF, 0x07, 0x89, 0x64, 0x3E, 0x0F} },
    { 96, 0x121, 0, {0xFA, 0x0A, 0x00, 0x40, 0x36, 0x62, 0x7E, 0xFE} },
    { 5, 0xA8, 0, {0xE8, 0xD4, 0xBF, 0x07, 0x89, 0x64, 0x3E, 0x0F} },
    { 2, 0xA7, 0, {0xE0, 0xD4, 0x5F, 0x7F, 0xFD, 0xF5, 0x67, 0x3E} },
    { 97, 0xA7, 0, {0x9B, 0xD5, 0x5F, 0x7F, 0xFD, 0xF5, 0x67, 0x3E} },
    { 2, 0xA8, 0, {0x28, 0xD5, 0xBF, 0x07, 0x89, 0x64, 0x40, 0x0F} },
    { 94, 0x121, 0, {0x51, 0x0B, 0x00, 0x40, 0x36, 0x62, 0x7E, 0xFE} },
    { 2, 0xA7, 0, {0x08, 0xD6, 0x5F, 0x7F, 0xFD, 0xF5, 0x67, 0x3E} },
    { 3, 0xA8, 0, {0x3C, 0xD6, 0xBF, 0x07, 0x89, 0x64, 0x46, 0x0F} },
    { 97, 0xA7, 0, {0x81, 0xD7, 0x5F, 0x7F, 0xFD, 0xF5, 0x67, 0x3E} },
    { 3, 0xA8, 0, {0x7D, 0xD7, 0xBF, 0x07, 0x89, 0x64, 0x48, 0x0F} },
    { 96, 0x121, 0, {0x94, 0x0C, 0x00, 0x40, 0x36, 0x62, 0x7E, 0xFE} },
    { 3, 0xA8, 0, {0x43, 0xD8, 0xBF, 0x07, 0x89, 0x64, 0x4A, 0x0F} },
    { 2, 0xA7, 0, {0xCC, 0xD8, 0x5F, 0x7F, 0xFD, 0xF5, 0x67, 0x3E} },
    { 97, 0xA7, 0, {0x1C, 0xD9, 0x5F, 0x7F, 0xFD, 0xF5, 0x67, 0x3E} },
    { 3, 0xA8, 0, {0x15, 0xD9, 0xBF, 0x07, 0x89, 0x64, 0x4C, 0x0F} },
    { 95, 0x121, 0, {0x87, 0x0D, 0x00, 0x40, 0x36, 0x62, 0x7E, 0xFE} },
    { 5, 0xA7, 0, {0x1A, 0xDA, 0x5F, 0x7F, 0xFD, 0xF5, 0x67, 0x3E} },
    { 3, 0xA8, 0, {0x6E, 0xDA, 0xBF, 0x07, 0x89, 0x64, 0x4A, 0x0F} },
    { 97, 0xA7, 0, {0x74, 0xDB, 0x5F, 0x7F, 0xFD, 0xF5, 0x67, 0x3E} },
    { 2, 0xA8, 0, {0xA3, 0xDB, 0xBF, 0x07, 0x89, 0x64, 0x4A, 0x0F} },
    { 96, 0x121, 0, {0x14, 0x0E, 0x00, 0x40, 0x36, 0x62, 0x7E, 0xFE} },
    { 3, 0x3BE, 0, {0xC5, 0x1F, 0x07, 0x01, 0xA8, 0xC0, 0x08, 0x80} },
    { 2, 0xA7, 0, {0xCB, 0xDC, 0x5F, 0x7F, 0xFD, 0xF5, 0x67, 0x3E} },
    { 3, 0xA8, 0, {0xBD, 0xDC, 0xBF, 0x07, 0x89, 0x64, 0x4A, 0x0F} },
    { 91, 0xA7, 0, {0x3B, 0xDD, 0x5F, 0x7F, 0xFD, 0xF5, 0x67, 0x3E} },
    { 3, 0xA8, 0, {0xAE, 0xDD, 0xBF, 0x07, 0x89, 0x64, 0x4A, 0x0F} },
    { 96, 0x121, 0, {0xA2, 0x0F, 0x00, 0x40, 0x36, 0x62, 0x7E, 0xFE} },
    { 3, 0xA7, 0, {0xB0, 0xDE, 0x5F, 0x7F, 0xFD, 0xF5, 0x67, 0x3E} },
    { 2, 0xA8, 0, {0x1C, 0xDE, 0xBF, 0x07, 0x89, 0x64, 0x4A, 0x0F} },
    { 97, 0xA7, 0, {0x6E, 0xDF, 0x5F, 0x7F, 0xFD, 0xF5, 0x67, 0x3E} },
    { 2, 0xA8, 0, {0xB7, 0xDF, 0xBF, 0x07, 0x89, 0x64, 0x4C, 0x0F} },
    { 99, 0x121, 0, {0x6C, 0x00, 0x00, 0x40, 0x36, 0x62, 0x7E, 0xFE} },
    { 6, 0xA7, 0, {0xA7, 0xD0, 0x5F, 0x7F, 0xFD, 0xF5, 0x67, 0x3E} },
    { 2, 0xA8, 0, {0xC3, 0xD0, 0xBF, 0x07, 0x89, 0x64, 0x4E, 0x0F} },
    { 90, 0xA7, 0, {0x2F, 0xD1, 0x5F, 0x7F, 0xFD, 0xF5, 0x67, 0x3E} },
    { 2, 0xA8, 0, {0x0D, 0xD1, 0xBF, 0x07, 0x89, 0x64, 0x50, 0x0F} },
    { 98, 0x121, 0, {0x00, 0x01, 0x00, 0x40, 0x36, 0x62, 0x7E, 0xFE} },
    { 3, 0xA7, 0, {0x5B, 0xD2, 0x5F, 0x7F, 0xFD, 0xF5, 0x67, 0x3E} },
    { 2, 0xA8, 0, {0xD9, 0xD2, 0xBF, 0x07, 0x89, 0x64, 0x54, 0x0F} },
    { 96, 0xA7, 0, {0xDA, 0xD3, 0x5F, 0x7F, 0xFD, 0xF5, 0x67, 0x3E} },
    { 2, 0xA8, 0, {0x2A, 0xD3, 0xBF, 0x07, 0x89, 0x64, 0x56, 0x0F} },
    { 98, 0x121, 0, {0x8F, 0x02, 0x00, 0x40, 0x36, 0x62, 0x7E, 0xFE} },
    { 4, 0xA8, 0, {0x86, 0xD4, 0xBF, 0x07, 0x89, 0x64, 0x56, 0x0F} },
    { 2, 0xA7, 0, {0xE0, 0xD4, 0x5F, 0x7F, 0xFD, 0xF5, 0x67, 0x3E} },
    { 28, 0x641, 0, {0xDB, 0x15, 0x21, 0x4F, 0x13, 0x0A, 0x55, 0x92} },
    { 67, 0xA7, 0, {0x9B, 0xD5, 0x5F, 0x7F, 0xFD, 0xF5, 0x67, 0x3E} },
    { 2, 0xA8, 0, {0xB8, 0xD5, 0xBF, 0x07, 0x89, 0x64, 0x58, 0x0F} },
    { 97, 0x121, 0, {0x7D, 0x03, 0x00, 0x40, 0x36, 0x62, 0x7E, 0xFE} },
    { 2, 0x3BE, 0, {0x7C, 0x10, 0x07, 0x01, 0xA8, 0xC0, 0x08, 0x80} },
    { 3, 0xA7, 0, {0x08, 0xD6, 0x5F, 0x7F, 0xFD, 0xF5, 0x67, 0x3E} },
    { 2, 0xA8, 0, {0x88, 0xD6, 0xBF, 0x07, 0x89, 0x64, 0x58, 0x0F} },
    { 63, 0x1B000076, 1, {0x76, 0x00, 0x04, 0x01, 0x01, 0x00, 0x00, 0x00} },
    { 30, 0xA7, 0, {0x81, 0xD7, 0x5F, 0x7F, 0xFD, 0xF5, 0x67, 0x3E} },
    { 2, 0xA8, 0, {0xC9, 0xD7, 0xBF, 0x07, 0x89, 0x64, 0x56, 0x0F} },
    { 99, 0x121, 0, {0xC0, 0x04, 0x00, 0x40, 0x36, 0x62, 0x7E, 0xFE} },
    { 5, 0xA8, 0, {0xBF, 0xD8, 0xBF, 0x07, 0x89, 0x64, 0x58, 0x0F} },
    { 3, 0xA7, 0, {0xCC, 0xD8, 0x5F, 0x7F, 0xFD, 0xF5, 0x67, 0x3E} },
    { 90, 0xA7, 0, {0x1C, 0xD9, 0x5F, 0x7F, 0xFD, 0xF5, 0x67, 0x3E} },
    { 2, 0xA8, 0, {0xCD, 0xD9, 0xBF, 0x07, 0x89, 0x64, 0x58, 0x0F} },
    { 98, 0x121, 0, {0xF7, 0x05, 0x00, 0x40, 0x36, 0x62, 0x7E, 0xFE} },
    { 2, 0xA7, 0, {0x1A, 0xDA, 0x5F, 0x7F, 0xFD, 0xF5, 0x67, 0x3E} },
    { 3, 0xA8, 0, {0xC6, 0xDA, 0xBF, 0x07, 0x89, 0x64, 0x56, 0x0F} },
    { 94, 0xA7, 0, {0x74, 0xDB, 0x5F, 0x7F, 0xFD, 0xF5, 0x67, 0x3E} },
    { 2, 0xA8, 0, {0x9B, 0xDB, 0xBF, 0x07, 0x89, 0x64, 0x4E, 0x0F} },
    { 96, 0x121, 0, {0xF0, 0x06, 0x00, 0x40, 0x36, 0x62, 0x7E, 0xFE} },
    { 3, 0xA8, 0, {0xF5, 0xDC, 0xBF, 0x07, 0x89, 0x64, 0x46, 0x0F} },
    { 2, 0xA7, 0, {0xCB, 0xDC, 0x5F, 0x7F, 0xFD, 0xF5, 0x67, 0x3E} },
    { 98, 0xA7, 0, {0x3B, 0xDD, 0x5F, 0x7F, 0xFD, 0xF5, 0x67, 0x3E} },
    { 2, 0xA8, 0, {0xC2, 0xDD, 0xBF, 0x07, 0x89, 0x64, 0x40, 0x0F} },
    { 98, 0x121, 0, {0xA3, 0x07, 0x00, 0x40, 0x36, 0x62, 0x7E, 0xFE} },
    { 2, 0xA7, 0, {0xB0, 0xDE, 0x5F, 0x7F, 0xFD, 0xF5, 0x67, 0x3E} },
    { 3, 0xA8, 0, {0xDA, 0xDE, 0xBF, 0x07, 0x89, 0x64, 0x3E, 0x0F} },
    { 16, 0x640, 0, {0x02, 0x81, 0x6F, 0xB7, 0x76, 0x20, 0x03, 0x28} },
    { 80, 0xA7, 0, {0x6E, 0xDF, 0x5F, 0x7F, 0xFD, 0xF5, 0x67, 0x3E} },
    { 2, 0xA8, 0, {0xE3, 0xDF, 0xBF, 0x07, 0x89, 0x64, 0x42, 0x0F} },
    { 93, 0x121, 0, {0x60, 0x08, 0x00, 0x40, 0x36, 0x62, 0x7E, 0xFE} },
    { 2, 0x3BE, 0, {0x08, 0x11, 0x07, 0x01, 0xA8, 0xC0, 0x08, 0x80} },
    { 3, 0xA7, 0, {0xA7, 0xD0, 0x5F, 0x7F, 0xFD, 0xF5, 0x67, 0x3E} },
    { 2, 0xA8, 0, {0xAF, 0xD0, 0xBF, 0x07, 0x89, 0x64, 0x44, 0x0F} },
    { 96, 0xA7, 0, {0x2F, 0xD1, 0x5F, 0x7F, 0xFD, 0xF5, 0x67, 0x3E} },
    { 3, 0xA8, 0, {0xD5, 0xD1, 0xBF, 0x07, 0x89, 0x64, 0x44, 0x0F} },
    { 98, 0x121, 0, {0x9F, 0x09, 0x00, 0x40, 0x36, 0x62, 0x7E, 0xFE} },
    { 3, 0xA7, 0, {0x5B, 0xD2, 0x5F, 0x7F, 0xFD, 0xF5, 0x67, 0x3E} },
    { 2, 0xA8, 0, {0x1D, 0xD2, 0xBF, 0x07, 0x89, 0x64, 0x42, 0x0F} },
    { 94, 0xA7, 0, {0xDA, 0xD3, 0x5F, 0x7F, 0xFD, 0xF5, 0x67, 0x3E} },
    { 2, 0xA8, 0, {0x44, 0xD3, 0xBF, 0x07, 0x89, 0x64, 0x3E, 0x0F} },
    { 96, 0x121, 0, {0xFA, 0x0A, 0x00, 0x40, 0x36, 0x62, 0x7E, 0xFE} },
    { 5, 0xA7, 0, {0xE0, 0xD4, 0x5F, 0x7F, 0xFD, 0xF5, 0x67, 0x3E} },
    { 2, 0xA8, 0, {0xD0, 0xD4, 0xBF, 0x07, 0x89, 0x64, 0x3A, 0x0F} },
    { 96, 0xA7, 0, {0x9B, 0xD5, 0x5F, 0x7F, 0xFD, 0xF5, 0x67, 0x3E} },
    { 2, 0xA8, 0, {0xA6, 0xD5, 0xBF, 0x07, 0x89, 0x64, 0x38, 0x0F} },
    { 98, 0x121, 0, {0x51, 0x0B, 0x00, 0x40, 0x36, 0x62, 0x7E, 0xFE} },
    { 2, 0xA7, 0, {0x08, 0xD6, 0x5F, 0x7F, 0xFD, 0xF5, 0x67, 0x3E} },
    { 3, 0xA8, 0, {0xDE, 0xD6, 0xBF, 0x07, 0x89, 0x64, 0x34, 0x0F} },
    { 94, 0xA7, 0, {0x81, 0xD7, 0x5F, 0x7F, 0xFD, 0xF5, 0x67, 0x3E} },
    { 2, 0xA8, 0, {0xCB, 0xD7, 0xBF, 0x07, 0x89, 0x64, 0x34, 0x0F} },
    { 96, 0x121, 0, {0x94, 0x0C, 0x00, 0x40, 0x36, 0x62, 0x7E, 0xFE} },
    { 2, 0xA8, 0, {0xF5, 0xD8, 0xBF, 0x07, 0x89, 0x64, 0x36, 0x0F} },
    { 3, 0xA7, 0, {0xCC, 0xD8, 0x5F, 0x7F, 0xFD, 0xF5, 0x67, 0x3E} },
    { 99, 0xA7, 0, {0x1C, 0xD9, 0x5F, 0x7F, 0xFD, 0xF5, 0x67, 0x3E} },
    { 3, 0xA8, 0, {0xD3, 0xD9, 0xBF, 0x07, 0x89, 0x64, 0x38, 0x0F} },
    { 96, 0x121, 0, {0x87, 0x0D, 0x00, 0x40, 0x36, 0x62, 0x7E, 0xFE} },
    { 2, 0x3BE, 0, {0x67, 0x12, 0x07, 0x01, 0xA8, 0xC0, 0x08, 0x80} },
    { 2, 0xA7, 0, {0x1A, 0xDA, 0x5F, 0x7F, 0xFD, 0xF5, 0x67, 0x3E} },
    { 2, 0xA8, 0, {0x8C, 0xDA, 0xBF, 0x07, 0x89, 0x64, 0x38, 0x0F} },
    { 67, 0x1B000076, 1, {0x76, 0x00, 0x04, 0x01, 0x01, 0x00, 0x00, 0x00} },
    { 26, 0xA7, 0, {0x74, 0xDB, 0x5F, 0x7F, 0xFD, 0xF5, 0x67, 0x3E} },
    { 3, 0xA8, 0, {0x15, 0xDB, 0xBF, 0x07, 0x89, 0x64, 0x36, 0x0F} },
    { 95, 0x121, 0, {0x14, 0x0E, 0x00, 0x40, 0x36, 0x62, 0x7E, 0xFE} },
    { 5, 0xA8, 0, {0x17, 0xDC, 0xBF, 0x07, 0x89, 0x64, 0x34, 0x0F} },
    { 2, 0xA7, 0, {0xCB, 0xDC, 0x5F, 0x7F, 0xFD, 0xF5, 0x67, 0x3E} },
    { 95, 0xA7, 0, {0x3B, 0xDD, 0x5F, 0x7F, 0xFD, 0xF5, 0x67, 0x3E} },
    { 3, 0xA8, 0, {0x3C, 0xDD, 0xBF, 0x07, 0x89, 0x64, 0x30, 0x0F} },
    { 97, 0x121, 0, {0xA2, 0x0F, 0x00, 0x40, 0x36, 0x62, 0x7E, 0xFE} },
    { 2, 0xA7, 0, {0xB0, 0xDE, 0x5F, 0x7F, 0xFD, 0xF5, 0x67, 0x3E} },
    { 3, 0xA8, 0, {0x3A, 0xDE, 0xBF, 0x07, 0x89, 0x64, 0x2E, 0x0F} },
    { 95, 0xA7, 0, {0x6E, 0xDF, 0x5F, 0x7F, 0xFD, 0xF5, 0x67, 0x3E} },
    { 2, 0xA8, 0, {0xB5, 0xDF, 0xBF, 0x07, 0x89, 0x64, 0x2E, 0x0F} },
    { 96, 0x121, 0, {0x6C, 0x00, 0x00, 0x40, 0x36, 0x62, 0x7E, 0xFE} },
    { 2, 0xA8, 0, {0x69, 0xD0, 0xBF, 0x07, 0x89, 0x64, 0x30, 0x0F} },
    { 3, 0xA7, 0, {0xA7, 0xD0, 0x5F, 0x7F, 0xFD, 0xF5, 0x67, 0x3E} },
    { 98, 0xA7, 0, {0x9E, 0xD1, 0x5F, 0x7F, 0xFD, 0xF9, 0x67, 0x3E} },
    { 2, 0xA8, 0, {0x13, 0xD1, 0xBF, 0x07, 0x89, 0x64, 0x30, 0x0F} },
    { 95, 0x121, 0, {0x00, 0x01, 0x00, 0x40, 0x36, 0x62, 0x7E, 0xFE} },
    { 3, 0xA7, 0, {0xEA, 0xD2, 0x5F, 0x7F, 0xFD, 0xF9, 0x67, 0x3E} },
    { 2, 0xA8, 0, {0x4B, 0xD2, 0xBF, 0x07, 0x89, 0x64, 0x2E, 0x0F} },
    { 100, 0xA7, 0, {0x6B, 0xD3, 0x5F, 0x7F, 0xFD, 0xF9, 0x67, 0x3E} },
    { 3, 0xA8, 0, {0xA4, 0xD3, 0xBF, 0x07, 0x89, 0x64, 0x2E, 0x0F} },
    { 94, 0x121, 0, {0x8F, 0x02, 0x00, 0x40, 0x36, 0x62, 0x7E, 0xFE} },
    { 2, 0x3BE, 0, {0x94, 0x13, 0x07, 0x01, 0xA8, 0xC0, 0x08, 0x80} },
    { 3, 0xA7, 0, {0x51, 0xD4, 0x5F, 0x7F, 0xFD, 0xF9, 0x67, 0x3E} },
    { 2, 0xA8, 0, {0x08, 0xD4, 0xBF, 0x07, 0x89, 0x64, 0x2E, 0x0F} },
    { 98, 0xA7, 0, {0x2A, 0xD5, 0x5F, 0x7F, 0xFD, 0xF9, 0x67, 0x3E} },
    { 3, 0xA8, 0, {0xD6, 0xD5, 0xBF, 0x07, 0x89, 0x64, 0x30, 0x0F} },
    { 90, 0x121, 0, {0x7D, 0x03, 0x00, 0x40, 0x36, 0x62, 0x7E, 0xFE} },
    { 2, 0xA7, 0, {0x08, 0xD6, 0x5F, 0x7F, 0xFD, 0xF5, 0x67, 0x3E} },
    { 2, 0xA8, 0, {0xDE, 0xD6, 0xBF, 0x07, 0x89, 0x64, 0x34, 0x0F} },
    { 100, 0xA7, 0, {0x81, 0xD7, 0x5F, 0x7F, 0xFD, 0xF5, 0x67, 0x3E} },
    { 2, 0xA8, 0, {0x83, 0xD7, 0xBF, 0x07, 0x89, 0x64, 0x38, 0x0F} },
    { 96, 0x121, 0, {0xC0, 0x04, 0x00, 0x40, 0x36, 0x62, 0x7E, 0xFE} },
    { 4, 0xA8, 0, {0x99, 0xD8, 0xBF, 0x07, 0x89, 0x64, 0x3C, 0x0F} },
    { 3, 0xA7, 0, {0xCC, 0xD8, 0x5F, 0x7F, 0xFD, 0xF5, 0x67, 0x3E} },
    { 98, 0xA7, 0, {0x1C, 0xD9, 0x5F, 0x7F, 0xFD, 0xF5, 0x67, 0x3E} },
    { 3, 0xA8, 0, {0xF7, 0xD9, 0xBF, 0x07, 0x89, 0x64, 0x3E, 0x0F} },
    { 90, 0x121, 0, {0xF7, 0x05, 0x00, 0x40, 0x36, 0x62, 0x7E, 0xFE} },
    { 3, 0xA7, 0, {0x1A, 0xDA, 0x5F, 0x7F, 0xFD, 0xF5, 0x67, 0x3E} },
    { 2, 0xA8, 0, {0x02, 0xDA, 0xBF, 0x07, 0x89, 0x64, 0x40, 0x0F} },
    { 100, 0xA7, 0, {0x74, 0xDB, 0x5F, 0x7F, 0xFD, 0xF5, 0x67, 0x3E} },
    { 2, 0xA8, 0, {0xD3, 0xDB, 0xBF, 0x07, 0x89, 0x64, 0x42, 0x0F} },
    { 94, 0x121, 0, {0xF0, 0x06, 0x00, 0x40, 0x36, 0x62, 0x7E, 0xFE} },
    { 3, 0xA8, 0, {0xD1, 0xDC, 0xBF, 0x07, 0x89, 0x64, 0x40, 0x0F} },
    { 2, 0xA7, 0, {0xCB, 0xDC, 0x5F, 0x7F, 0xFD, 0xF5, 0x67, 0x3E} },
    { 104, 0xA7, 0, {0x3B, 0xDD, 0x5F, 0x7F, 0xFD, 0xF5, 0x67, 0x3E} },
    { 2, 0xA8, 0, {0xDE, 0xDD, 0xBF, 0x07, 0x89, 0x64, 0x42, 0x0F} },
    { 87, 0x121, 0, {0xA3, 0x07, 0x00, 0x40, 0x36, 0x62, 0x7E, 0xFE} },
    { 3, 0x3BE, 0, {0x63, 0x14, 0x07, 0x01, 0xA8, 0xC0, 0x08, 0x80} },
    { 2, 0xA7, 0, {0xB0, 0xDE, 0x5F, 0x7F, 0xFD, 0xF5, 0x67, 0x3E} },
    { 3, 0xA8, 0, {0x6C, 0xDE, 0xBF, 0x07, 0x89, 0x64, 0x42, 0x0F} },
    { 68, 0x1B000076, 1, {0x76, 0x00, 0x04, 0x01, 0x01, 0x00, 0x00, 0x00} },
    { 31, 0xA7, 0, {0x6E, 0xDF, 0x5F, 0x7F, 0xFD, 0xF5, 0x67, 0x3E} },
    { 2, 0xA8, 0, {0xFF, 0xDF, 0xBF, 0x07, 0x89, 0x64, 0x40, 0x0F} },
    { 92, 0x121, 0, {0x60, 0x08, 0x00, 0x40, 0x36, 0x62, 0x7E, 0xFE} },
    { 7, 0xA8, 0, {0x97, 0xD0, 0xBF, 0x07, 0x89, 0x64, 0x40, 0x0F} },
    { 2, 0xA7, 0, {0xA7, 0xD0, 0x5F, 0x7F, 0xFD, 0xF5, 0x67, 0x3E} },
    { 98, 0xA7, 0, {0x2F, 0xD1, 0x5F, 0x7F, 0xFD, 0xF5, 0x67, 0x3E} },
    { 3, 0xA8, 0, {0xF1, 0xD1, 0xBF, 0x07, 0x89, 0x64, 0x42, 0x0F} },
    { 90, 0x121, 0, {0x9F, 0x09, 0x00, 0x40, 0x36, 0x62, 0x7E, 0xFE} },
    { 2, 0xA7, 0, {0x5B, 0xD2, 0x5F, 0x7F, 0xFD, 0xF5, 0x67, 0x3E} },
    { 2, 0xA8, 0, {0x39, 0xD2, 0xBF, 0x07, 0x89, 0x64, 0x44, 0x0F} },
    { 101, 0xA7, 0, {0xDA, 0xD3, 0x5F, 0x7F, 0xFD, 0xF5, 0x67, 0x3E} },
    { 3, 0xA8, 0, {0x9E, 0xD3, 0xBF, 0x07, 0x89, 0x64, 0x48, 0x0F} },
    { 92, 0x121, 0, {0xFA, 0x0A, 0x00, 0x40, 0x36, 0x62, 0x7E, 0xFE} },
    { 2, 0xA8, 0, {0x7A, 0xD4, 0xBF, 0x07, 0x89, 0x64, 0x44, 0x0F} },
    { 3, 0xA7, 0, {0xE0, 0xD4, 0x5F, 0x7F, 0xFD, 0xF5, 0x67, 0x3E} },
    { 97, 0xA7, 0, {0x9B, 0xD5, 0x5F, 0x7F, 0xFD, 0xF5, 0x67, 0x3E} },
    { 3, 0xA8, 0, {0x28, 0xD5, 0xBF, 0x07, 0x89, 0x64, 0x40, 0x0F} },
    { 95, 0x121, 0, {0x51, 0x0B, 0x00, 0x40, 0x36, 0x62, 0x7E, 0xFE} },
    { 2, 0xA7, 0, {0x08, 0xD6, 0x5F, 0x7F, 0xFD, 0xF5, 0x67, 0x3E} },
    { 2, 0xA8, 0, {0xAE, 0xD6, 0xBF, 0x07, 0x89, 0x64, 0x3C, 0x0F} },
    { 104, 0xA7, 0, {0x81, 0xD7, 0x5F, 0x7F, 0xFD, 0xF5, 0x67, 0x3E} },
    { 2, 0xA8, 0, {0xD7, 0xD7, 0xBF, 0x07, 0x89, 0x64, 0x36, 0x0F} },
    { 90, 0x121, 0, {0x94, 0x0C, 0x00, 0x40, 0x36, 0x62, 0x7E, 0xFE} },
    { 2, 0x3BE, 0, {0x1C, 0x15, 0x07, 0x01, 0xA8, 0xC0, 0x08, 0x80} },
    { 3, 0xA8, 0, {0xF5, 0xD8, 0xBF, 0x07, 0x89, 0x64, 0x36, 0x0F} },
    { 2, 0xA7, 0, {0xCC, 0xD8, 0x5F, 0x7F, 0xFD, 0xF5, 0x67, 0x3E} },
    { 95, 0xA7, 0, {0x1C, 0xD9, 0x5F, 0x7F, 0xFD, 0xF5, 0x67, 0x3E} },
    { 3, 0xA8, 0, {0x87, 0xD9, 0xBF, 0x07, 0x89, 0x64, 0x36, 0x0F} },
    { 95, 0x121, 0, {0x87, 0x0D, 0x00, 0x40, 0x36, 0x62, 0x7E, 0xFE} },
    { 2, 0xA7, 0, {0x1A, 0xDA, 0x5F, 0x7F, 0xFD, 0xF5, 0x67, 0x3E} },
    { 2, 0xA8, 0, {0xE0, 0xDA, 0xBF, 0x07, 0x89, 0x64, 0x32, 0x0F} },
    { 101, 0xA7, 0, {0x74, 0xDB, 0x5F, 0x7F, 0xFD, 0xF5, 0x67, 0x3E} },
    { 2, 0xA8, 0, {0x99, 0xDB, 0xBF, 0x07, 0x89, 0x64, 0x2C, 0x0F} },
    { 93, 0x121, 0, {0x14, 0x0E, 0x00, 0x40, 0x36, 0x62, 0x7E, 0xFE} },
    { 5, 0xA7, 0, {0xCB, 0xDC, 0x5F, 0x7F, 0xFD, 0xF5, 0x67, 0x3E} },
    { 2, 0xA8, 0, {0x87, 0xDC, 0xBF, 0x07, 0x89, 0x64, 0x2C, 0x0F} },
    { 95, 0xA7, 0, {0x3B, 0xDD, 0x5F, 0x7F, 0xFD, 0xF5, 0x67, 0x3E} },
    { 3, 0xA8, 0, {0xB0, 0xDD, 0xBF, 0x07, 0x89, 0x64, 0x2A, 0x0F} },
    { 95, 0x121, 0, {0xA2, 0x0F, 0x00, 0x40, 0x36, 0x62, 0x7E, 0xFE} },
    { 2, 0xA7, 0, {0x01, 0xDE, 0x5F, 0x7F, 0xFD, 0xF9, 0x67, 0x3E} },
    { 3, 0xA8, 0, {0x26, 0xDE, 0xBF, 0x07, 0x89, 0x64, 0x2C, 0x0F} },
    { 101, 0xA7, 0, {0xDF, 0xDF, 0x5F, 0x7F, 0xFD, 0xF9, 0x67, 0x3E} },
    { 2, 0xA8, 0, {0xB5, 0xDF, 0xBF, 0x07, 0x89, 0x64, 0x2E, 0x0F} },
    { 92, 0x121, 0, {0x6C, 0x00, 0x00, 0x40, 0x36, 0x62, 0x7E, 0xFE} },
    { 2, 0xA8, 0, {0xDD, 0xD0, 0xBF, 0x07, 0x89, 0x64, 0x2E, 0x0F} },
    { 3, 0xA7, 0, {0xDF, 0xE0, 0x5F, 0x7F, 0xFD, 0xF9, 0x67, 0x3E} },
    { 16, 0x640, 0, {0x02, 0x81, 0x6F, 0xB7, 0x76, 0x20, 0x03, 0x28} },
    { 83, 0xA7, 0, {0x57, 0xE1, 0x5F, 0x7F, 0xFD, 0xF9, 0x67, 0x3E} },
    { 3, 0xA8, 0, {0xBB, 0xD1, 0xBF, 0x07, 0x89, 0x64, 0x2C, 0x0F} },
    { 92, 0x121, 0, {0x00, 0x01, 0x00, 0x40, 0x36, 0x62, 0x7E, 0xFE} },
    { 3, 0x3BE, 0, {0x01, 0x16, 0x07, 0x01, 0xA8, 0xC0, 0x08, 0x80} },
    { 2, 0xA7, 0, {0x23, 0xE2, 0x5F, 0x7F, 0xFD, 0xF9, 0x67, 0x3E} },
    { 3, 0xA8, 0, {0x6F, 0xD2, 0xBF, 0x07, 0x89, 0x64, 0x28, 0x0F} },
    { 67, 0x1B000076, 1, {0x76, 0x00, 0x04, 0x01, 0x01, 0x00, 0x00, 0x00} },
    { 30, 0xA7, 0, {0xA2, 0xE3, 0x5F, 0x7F, 0xFD, 0xF9, 0x67, 0x3E} },
    { 2, 0xA8, 0, {0xC8, 0xD3, 0xBF, 0x07, 0x89, 0x64, 0x24, 0x0F} },
    { 94, 0x121, 0, {0x8F, 0x02, 0x00, 0x40, 0x36, 0x62, 0x7E, 0xFE} },
    { 5, 0xA8, 0, {0x5C, 0xD4, 0xBF, 0x07, 0x89, 0x64, 0x20, 0x0F} },
    { 2, 0xA7, 0, {0x51, 0xD4, 0x5F, 0x7F, 0xFD, 0xF9, 0x67, 0x3E} },
    { 95, 0xA7, 0, {0x2A, 0xD5, 0x5F, 0x7F, 0xFD, 0xF9, 0x67, 0x3E} },
    { 2, 0xA8, 0, {0x71, 0xD5, 0xBF, 0x07, 0x89, 0x64, 0x1C, 0x0F} },
    { 96, 0x121, 0, {0x7D, 0x03, 0x00, 0x40, 0x36, 0x62, 0x7E, 0xFE} },
    { 2, 0xA7, 0, {0x70, 0xE6, 0x5F, 0x7F, 0xFD, 0xF9, 0x67, 0x3E} },
    { 2, 0xA8, 0, {0x65, 0xD6, 0xBF, 0x07, 0x89, 0x64, 0x1A, 0x0F} },
    { 100, 0xA7, 0, {0xF9, 0xE7, 0x5F, 0x7F, 0xFD, 0xF9, 0x67, 0x3E} },
    { 2, 0xA8, 0, {0x38, 0xD7, 0xBF, 0x07, 0x89, 0x64, 0x16, 0x0F} },
    { 96, 0x121, 0, {0xC0, 0x04, 0x00, 0x40, 0x36, 0x62, 0x7E, 0xFE} },
    { 2, 0xA8, 0, {0x22, 0xD8, 0xBF, 0x07, 0x89, 0x64, 0x12, 0x0F} },
    { 3, 0xA7, 0, {0xB4, 0xE8, 0x5F, 0x7F, 0xFD, 0xF9, 0x67, 0x3E} },
    { 97, 0xA7, 0, {0x4F, 0xE9, 0x9F, 0x7F, 0xFD, 0xF9, 0x67, 0x3E} },
    { 2, 0xA8, 0, {0x50, 0xD9, 0xBF, 0x07, 0x89, 0x64, 0x12, 0x0F} },
    { 98, 0x121, 0, {0xF7, 0x05, 0x00, 0x40, 0x36, 0x62, 0x7E, 0xFE} },
    { 3, 0xA7, 0, {0x49, 0xEA, 0x9F, 0x7F, 0xFD, 0xF9, 0x67, 0x3E} },
    { 2, 0xA8, 0, {0x0F, 0xDA, 0xBF, 0x07, 0x89, 0x64, 0x12, 0x0F} },
    { 95, 0xA7, 0, {0x27, 0xEB, 0x9F, 0x7F, 0xFD, 0xF9, 0x67, 0x3E} },
    { 2, 0xA8, 0, {0xC2, 0xDB, 0xBF, 0x07, 0x89, 0x64, 0x12, 0x0F} },
    { 96, 0x121, 0, {0xF0, 0x06, 0x00, 0x40, 0x36, 0x62, 0x7E, 0xFE} },
    { 2, 0x3BE, 0, {0x8D, 0x17, 0x07, 0x01, 0xA8, 0xC0, 0x08, 0x80} },
    { 3, 0xA8, 0, {0xE4, 0xDC, 0xBF, 0x07, 0x89, 0x64, 0x16, 0x0F} },
    { 2, 0xA7, 0, {0x98, 0xEC, 0x9F, 0x7F, 0xFD, 0xF9, 0x67, 0x3E} },
    { 95, 0xA7, 0, {0x68, 0xED, 0x9F, 0x7F, 0xFD, 0xF9, 0x67, 0x3E} },
    { 2, 0xA8, 0, {0x9B, 0xDD, 0xBF, 0x07, 0x89, 0x64, 0x1C, 0x0F} },
    { 99, 0x121, 0, {0xA3, 0x07, 0x00, 0x40, 0x36, 0x62, 0x7E, 0xFE} },
    { 2, 0xA7, 0, {0xE3, 0xEE, 0x9F, 0x7F, 0xFD, 0xF9, 0x67, 0x3E} },
    { 2, 0xA8, 0, {0x35, 0xDE, 0xBF, 0x07, 0x89, 0x64, 0x1E, 0x0F} },
    { 93, 0xA7, 0, {0x3D, 0xEF, 0x9F, 0x7F, 0xFD, 0xF9, 0x67, 0x3E} },
    { 2, 0xA8, 0, {0xE1, 0xDF, 0xBF, 0x07, 0x89, 0x64, 0x20, 0x0F} },
    { 99, 0x121, 0, {0x60, 0x08, 0x00, 0x40, 0x36, 0x62, 0x7E, 0xFE} },
    { 5, 0xA8, 0, {0xB1, 0xD0, 0xBF, 0x07, 0x89, 0x64, 0x24, 0x0F} },
    { 3, 0xA7, 0, {0xF4, 0xE0, 0x9F, 0x7F, 0xFD, 0xF9, 0x67, 0x3E} },
    { 93, 0xA7, 0, {0x7C, 0xE1, 0x9F, 0x7F, 0xFD, 0xF9, 0x67, 0x3E} },
    { 3, 0xA8, 0, {0x83, 0xD1, 0xBF, 0x07, 0x89, 0x64, 0x28, 0x0F} },
    { 93, 0x121, 0, {0x9F, 0x09, 0x00, 0x40, 0x36, 0x62, 0x7E, 0xFE} },
    { 7, 0xA7, 0, {0x08, 0xE2, 0x9F, 0x7F, 0xFD, 0xF9, 0x67, 0x3E} },
    { 3, 0xA8, 0, {0x57, 0xD2, 0xBF, 0x07, 0x89, 0x64, 0x2C, 0x0F} },
    { 92, 0xA7, 0, {0x89, 0xE3, 0x9F, 0x7F, 0xFD, 0xF9, 0x67, 0x3E} },
    { 2, 0xA8, 0, {0x10, 0xD3, 0xBF, 0x07, 0x89, 0x64, 0x30, 0x0F} },
    { 99, 0x121, 0, {0xFA, 0x0A, 0x00, 0x40, 0x36, 0x62, 0x7E, 0xFE} },
    { 2, 0xA8, 0, {0xA0, 0xD4, 0xBF, 0x07, 0x89, 0x64, 0x32, 0x0F} },
    { 3, 0xA7, 0, {0xB3, 0xE4, 0x9F, 0x7F, 0xFD, 0xF9, 0x67, 0x3E} },
    { 96, 0xA7, 0, {0xC8, 0xE5, 0x9F, 0x7F, 0xFD, 0xF9, 0x67, 0x3E} },
    { 3, 0xA8, 0, {0xEE, 0xD5, 0xBF, 0x07, 0x89, 0x64, 0x34, 0x0F} },
    { 92, 0x121, 0, {0x51, 0x0B, 0x00, 0x40, 0x36, 0x62, 0x7E, 0xFE} },
    { 2, 0x3BE, 0, {0x77, 0x18, 0x07, 0x01, 0xA8, 0xC0, 0x08, 0x80} },
    { 2, 0xA7, 0, {0x5B, 0xE6, 0x9F, 0x7F, 0xFD, 0xF9, 0x67, 0x3E} },
    { 3, 0xA8, 0, {0xC2, 0xD6, 0xBF, 0x07, 0x89, 0x64, 0x36, 0x0F} },
    { 68, 0x1B000076, 1, {0x76, 0x00, 0x04, 0x01, 0x01, 0x00, 0x00, 0x00} },
    { 28, 0xA7, 0, {0xD2, 0xE7, 0x9F, 0x7F, 0xFD, 0xF9, 0x67, 0x3E} },
    { 2, 0xA8, 0, {0x9F, 0xD7, 0xBF, 0x07, 0x89, 0x64, 0x3A, 0x0F} },
    { 98, 0x121, 0, {0x94, 0x0C, 0x00, 0x40, 0x36, 0x62, 0x7E, 0xFE} },
    { 6, 0xA8, 0, {0x85, 0xD8, 0xBF, 0x07, 0x89, 0x64, 0x3E, 0x0F} },
    { 2, 0xA7, 0, {0x9F, 0xE8, 0x9F, 0x7F, 0xFD, 0xF9, 0x67, 0x3E} },
    { 90, 0xA7, 0, {0x4F, 0xE9, 0x9F, 0x7F, 0xFD, 0xF9, 0x67, 0x3E} },
    { 2, 0xA8, 0, {0x65, 0xD9, 0xBF, 0x07, 0x89, 0x64, 0x44, 0x0F} },
    { 97, 0x121, 0, {0x87, 0x0D, 0x00, 0x40, 0x36, 0x62, 0x7E, 0xFE} },
    { 2, 0xA7, 0, {0x62, 0xEA, 0x5F, 0x7F, 0xFD, 0xF9, 0x67, 0x3E} },
    { 3, 0xA8, 0, {0x72, 0xDA, 0xBF, 0x07, 0x89, 0x64, 0x48, 0x0F} },
    { 98, 0xA7, 0, {0xBD, 0xEB, 0x5F, 0x7F, 0xFD, 0xF5, 0x67, 0x3E} },
    { 2, 0xA8, 0, {0xA3, 0xDB, 0xBF, 0x07, 0x89, 0x64, 0x4A, 0x0F} },
    { 99, 0x121, 0, {0x14, 0x0E, 0x00, 0x40, 0x36, 0x62, 0x7E, 0xFE} },
    { 3, 0xA8, 0, {0x85, 0xDC, 0xBF, 0x07, 0x89, 0x64, 0x4E, 0x0F} },
    { 2, 0xA7, 0, {0x02, 0xEC, 0x5F, 0x7F, 0xFD, 0xF5, 0x67, 0x3E} },
    { 92, 0xA7, 0, {0xF2, 0xED, 0x5F, 0x7F, 0xFD, 0xF5, 0x67, 0x3E} },
    { 3, 0xA8, 0, {0x8A, 0xDD, 0xBF, 0x07, 0x89, 0x64, 0x4C, 0x0F} },
    { 94, 0x121, 0, {0xA2, 0x0F, 0x00, 0x40, 0x36, 0x62, 0x7E, 0xFE} },
    { 2, 0xA7, 0, {0x79, 0xEE, 0x5F, 0x7F, 0xFD, 0xF5, 0x67, 0x3E} },
    { 2, 0xA8, 0, {0x38, 0xDE, 0xBF, 0x07, 0x89, 0x64, 0x4C, 0x0F} },
    { 100, 0xA7, 0, {0xA7, 0xEF, 0x5F, 0x7F, 0xFD, 0xF5, 0x67, 0x3E} },
    { 2, 0xA8, 0, {0xAB, 0xDF, 0xBF, 0x07, 0x89, 0x64, 0x4E, 0x0F} },
    { 97, 0x121, 0, {0x6C, 0x00, 0x00, 0x40, 0x36, 0x62, 0x7E, 0xFE} },
    { 3, 0x3BE, 0, {0x54, 0x19, 0x07, 0x01, 0xA8, 0xC0, 0x08, 0x80} },
    { 2, 0xA7, 0, {0xA7, 0xD0, 0x5F, 0x7F, 0xFD, 0xF5, 0x67, 0x3E} },
    { 2, 0xA8, 0, {0xFB, 0xD0, 0xBF, 0x07, 0x89, 0x64, 0x4A, 0x0F} },
    { 93, 0xA7, 0, {0x2F, 0xD1, 0x5F, 0x7F, 0xFD, 0xF5, 0x67, 0x3E} },
    { 2, 0xA8, 0, {0x81, 0xD1, 0xBF, 0x07, 0x89, 0x64, 0x4A, 0x0F} },
    { 95, 0x121, 0, {0x00, 0x01, 0x00, 0x40, 0x36, 0x62, 0x7E, 0xFE} },
    { 2, 0xA7, 0, {0x5B, 0xD2, 0x5F, 0x7F, 0xFD, 0xF5, 0x67, 0x3E} },
    { 2, 0xA8, 0, {0x49, 0xD2, 0xBF, 0x07, 0x89, 0x64, 0x4C, 0x0F} },
    { 98, 0xA7, 0, {0xDA, 0xD3, 0x5F, 0x7F, 0xFD, 0xF5, 0x67, 0x3E} },
    { 2, 0xA8, 0, {0xA6, 0xD3, 0xBF, 0x07, 0x89, 0x64, 0x4C, 0x0F} },
    { 99, 0x121, 0, {0x8F, 0x02, 0x00, 0x40, 0x36, 0x62, 0x7E, 0xFE} },
    { 6, 0xA7, 0, {0xE0, 0xD4, 0x5F, 0x7F, 0xFD, 0xF5, 0x67, 0x3E} },
    { 2, 0xA8, 0, {0x16, 0xD4, 0xBF, 0x07, 0x89, 0x64, 0x4E, 0x0F} },
    { 92, 0xA7, 0, {0x9B, 0xD5, 0x5F, 0x7F, 0xFD, 0xF5, 0x67, 0x3E} },
    { 3, 0xA8, 0, {0xD4, 0xD5, 0xBF, 0x07, 0x89, 0x64, 0x52, 0x0F} },
    { 94, 0x121, 0, {0x7D, 0x03, 0x00, 0x40, 0x36, 0x62, 0x7E, 0xFE} },
    { 3, 0xA7, 0, {0x08, 0xD6, 0x5F, 0x7F, 0xFD, 0xF5, 0x67, 0x3E} },
    { 2, 0xA8, 0, {0xC0, 0xD6, 0xBF, 0x07, 0x89, 0x64, 0x54, 0x0F} },
    { 97, 0xA7, 0, {0x81, 0xD7, 0x5F, 0x7F, 0xFD, 0xF5, 0x67, 0x3E} },
    { 3, 0xA8, 0, {0xD5, 0xD7, 0xBF, 0x07, 0x89, 0x64, 0x54, 0x0F} },
    { 96, 0x121, 0, {0xC0, 0x04, 0x00, 0x40, 0x36, 0x62, 0x7E, 0xFE} },
    { 5, 0xA8, 0, {0xEB, 0xD8, 0xBF, 0x07, 0x89, 0x64, 0x56, 0x0F} },
    { 2, 0xA7, 0, {0xCC, 0xD8, 0x5F, 0x7F, 0xFD, 0xF5, 0x67, 0x3E} },
    { 35, 0x641, 0, {0x77, 0x16, 0x21, 0x4F, 0x13, 0x0A, 0x55, 0x92} },
    { 62, 0xA7, 0, {0x1C, 0xD9, 0x5F, 0x7F, 0xFD, 0xF5, 0x67, 0x3E} },
    { 3, 0xA8, 0, {0xCD, 0xD9, 0xBF, 0x07, 0x89, 0x64, 0x58, 0x0F} },
    { 91, 0x121, 0, {0xF7, 0x05, 0x00, 0x40, 0x36, 0x62, 0x7E, 0xFE} },
    { 3, 0x3BE, 0, {0x9F, 0x1A, 0x07, 0x01, 0xA8, 0xC0, 0x08, 0x80} },
    { 2, 0xA7, 0, {0x1A, 0xDA, 0x5F, 0x7F, 0xFD, 0xF5, 0x67, 0x3E} },
    { 3, 0xA8, 0, {0x8E, 0xDA, 0xBF, 0x07, 0x89, 0x64, 0x5A, 0x0F} },
    { 67, 0x1B000076, 1, {0x76, 0x00, 0x04, 0x01, 0x01, 0x00, 0x00, 0x00} },
    { 28, 0xA7, 0, {0x74, 0xDB, 0x5F, 0x7F, 0xFD, 0xF5, 0x67, 0x3E} },
    { 3, 0xA8, 0, {0x7B, 0xDB, 0xBF, 0x07, 0x89, 0x64, 0x5E, 0x0F} },
    { 97, 0x121, 0, {0xF0, 0x06, 0x00, 0x40, 0x36, 0x62, 0x7E, 0xFE} },
    { 6, 0xA8, 0, {0x3E, 0xDC, 0xBF, 0x07, 0x89, 0x64, 0x60, 0x0F} },
    { 3, 0xA7, 0, {0xCB, 0xDC, 0x5F, 0x7F, 0xFD, 0xF5, 0x67, 0x3E} },
    { 92, 0xA7, 0, {0x3B, 0xDD, 0x5F, 0x7F, 0xFD, 0xF5, 0x67, 0x3E} },
    { 2, 0xA8, 0, {0x2D, 0xDD, 0xBF, 0x07, 0x89, 0x64, 0x60, 0x0F} },
    { 95, 0x121, 0, {0xA3, 0x07, 0x00, 0x40, 0x36, 0x62, 0x7E, 0xFE} },
    { 2, 0xA7, 0, {0xB0, 0xDE, 0x5F, 0x7F, 0xFD, 0xF5, 0x67, 0x3E} },
    { 2, 0xA8, 0, {0x83, 0xDE, 0xBF, 0x07, 0x89, 0x64, 0x62, 0x0F} },
    { 98, 0xA7, 0, {0x6E, 0xDF, 0x5F, 0x7F, 0xFD, 0xF5, 0x67, 0x3E} },
    { 3, 0xA8, 0, {0x28, 0xDF, 0xBF, 0x07, 0x89, 0x64, 0x64, 0x0F} },
    { 96, 0x121, 0, {0x60, 0x08, 0x00, 0x40, 0x36, 0x62, 0x7E, 0xFE} },
    { 4, 0xA8, 0, {0x08, 0xD0, 0xBF, 0x07, 0x89, 0x64, 0x68, 0x0F} },
    { 2, 0xA7, 0, {0xA7, 0xD0, 0x5F, 0x7F, 0xFD, 0xF5, 0x67, 0x3E} },
    { 96, 0xA7, 0, {0x2F, 0xD1, 0x5F, 0x7F, 0xFD, 0xF5, 0x67, 0x3E} },
    { 2, 0xA8, 0, {0x4A, 0xD1, 0xBF, 0x07, 0x89, 0x64, 0x6C, 0x0F} },
    { 95, 0x121, 0, {0x9F, 0x09, 0x00, 0x40, 0x36, 0x62, 0x7E, 0xFE} },
    { 2, 0xA7, 0, {0x5B, 0xD2, 0x5F, 0x7F, 0xFD, 0xF5, 0x67, 0x3E} },
    { 2, 0xA8, 0, {0xBA, 0xD2, 0xBF, 0x07, 0x89, 0x64, 0x6E, 0x0F} },
    { 14, 0x640, 0, {0x02, 0x81, 0x6F, 0xB7, 0x76, 0x20, 0x03, 0x28} },
    { 86, 0xA7, 0, {0xDA, 0xD3, 0x5F, 0x7F, 0xFD, 0xF5, 0x67, 0x3E} },
    { 2, 0xA8, 0, {0x55, 0xD3, 0xBF, 0x07, 0x89, 0x64, 0x6E, 0x0F} },
    { 94, 0x121, 0, {0xFA, 0x0A, 0x00, 0x40, 0x36, 0x62, 0x7E, 0xFE} },
    { 2, 0x3BE, 0, {0xE9, 0x1B, 0x07, 0x01, 0xA8, 0xC0, 0x08, 0x80} },
    { 3, 0xA7, 0, {0xE0, 0xD4, 0x5F, 0x7F, 0xFD, 0xF5, 0x67, 0x3E} },
    { 2, 0xA8, 0, {0xF9, 0xD4, 0xBF, 0x07, 0x89, 0x64, 0x6E, 0x0F} },
    { 98, 0xA7, 0, {0x9B, 0xD5, 0x5F, 0x7F, 0xFD, 0xF5, 0x67, 0x3E} },
    { 2, 0xA8, 0, {0x93, 0xD5, 0xBF, 0x07, 0x89, 0x64, 0x6E, 0x0F} },
    { 94, 0x121, 0, {0x51, 0x0B, 0x00, 0x40, 0x36, 0x62, 0x7E, 0xFE} },
    { 3, 0xA7, 0, {0x08, 0xD6, 0x5F, 0x7F, 0xFD, 0xF5, 0x67, 0x3E} },
    { 2, 0xA8, 0, {0xA3, 0xD6, 0xBF, 0x07, 0x89, 0x64, 0x6E, 0x0F} },
    { 101, 0xA7, 0, {0x81, 0xD7, 0x5F, 0x7F, 0xFD, 0xF5, 0x67, 0x3E} },
    { 2, 0xA8, 0, {0xB6, 0xD7, 0xBF, 0x07, 0x89, 0x64, 0x6E, 0x0F} },
    { 91, 0x121, 0, {0x94, 0x0C, 0x00, 0x40, 0x36, 0x62, 0x7E, 0xFE} },
    { 6, 0xA7, 0, {0xCC, 0xD8, 0x5F, 0x7F, 0xFD, 0xF5, 0x67, 0x3E} },
    { 3, 0xA8, 0, {0x88, 0xD8, 0xBF, 0x07, 0x89, 0x64, 0x6C, 0x0F} },
    { 96, 0xA7, 0, {0x1C, 0xD9, 0x5F, 0x7F, 0xFD, 0xF5, 0x67, 0x3E} },
    { 2, 0xA8, 0, {0xE6, 0xD9, 0xBF, 0x07, 0x89, 0x64, 0x6E, 0x0F} },
    { 95, 0x121, 0, {0x87, 0x0D, 0x00, 0x40, 0x36, 0x62, 0x7E, 0xFE} },
    { 2, 0xA7, 0, {0x1A, 0xDA, 0x5F, 0x7F, 0xFD, 0xF5, 0x67, 0x3E} },
    { 3, 0xA8, 0, {0x0D, 0xDA, 0xBF, 0x07, 0x89, 0x64, 0x70, 0x0F} },
    { 101, 0xA7, 0, {0x74, 0xDB, 0x5F, 0x7F, 0xFD, 0xF5, 0x67, 0x3E} },
    { 2, 0xA8, 0, {0xF8, 0xDB, 0xBF, 0x07, 0x89, 0x64, 0x74, 0x0F} },
    { 89, 0x121, 0, {0x14, 0x0E, 0x00, 0x40, 0x36, 0x62, 0x7E, 0xFE} },
    { 4, 0xA8, 0, {0xAE, 0xDC, 0xBF, 0x07, 0x89, 0x64, 0x78, 0x0F} },
    { 2, 0xA7, 0, {0xCB, 0xDC, 0x5F, 0x7F, 0xFD, 0xF5, 0x67, 0x3E} },
    { 102, 0xA7, 0, {0x3B, 0xDD, 0x5F, 0x7F, 0xFD, 0xF5, 0x67, 0x3E} },
    { 2, 0xA8, 0, {0xFE, 0xDD, 0xBF, 0x07, 0x89, 0x64, 0x80, 0x0F} },
    { 93, 0x121, 0, {0xA2, 0x0F, 0x00, 0x40, 0x36, 0x62, 0x7E, 0xFE} },
    { 2, 0x3BE, 0, {0x6C, 0x1C, 0x07, 0x01, 0xA8, 0xC0, 0x08, 0x80} },
    { 2, 0xA7, 0, {0xB0, 0xDE, 0x5F, 0x7F, 0xFD, 0xF5, 0x67, 0x3E} },
    { 3, 0xA8, 0, {0x74, 0xDE, 0xBF, 0x07, 0x89, 0x64, 0x84, 0x0F} },
    { 66, 0x1B000076, 1, {0x76, 0x00, 0x04, 0x01, 0x01, 0x00, 0x00, 0x00} },
    { 32, 0xA7, 0, {0x6E, 0xDF, 0x5F, 0x7F, 0xFD, 0xF5, 0x67, 0x3E} },
    { 3, 0xA8, 0, {0xE7, 0xDF, 0xBF, 0x07, 0x89, 0x64, 0x86, 0x0F} },
    { 90, 0x121, 0, {0x6C, 0x00, 0x00, 0x40, 0x36, 0x62, 0x7E, 0xFE} },
    { 6, 0xA8, 0, {0xDB, 0xD0, 0xBF, 0x07, 0x89, 0x64, 0x88, 0x0F} },
    { 2, 0xA7, 0, {0x2D, 0xD0, 0x5F, 0x7F, 0xFD, 0xF1, 0x67, 0x3E} },
    { 97, 0xA7, 0, {0xA5, 0xD1, 0x5F, 0x7F, 0xFD, 0xF1, 0x67, 0x3E} },
    { 2, 0xA8, 0, {0xA1, 0xD1, 0xBF, 0x07, 0x89, 0x64, 0x88, 0x0F} },
    { 94, 0x121, 0, {0x00, 0x01, 0x00, 0x40, 0x36, 0x62, 0x7E, 0xFE} },
    { 3, 0xA7, 0, {0xC8, 0xD2, 0x1F, 0x7F, 0xFD, 0xF1, 0x67, 0x3E} },
    { 2, 0xA8, 0, {0x21, 0xD2, 0xBF, 0x07, 0x89, 0x64, 0x82, 0x0F} },
    { 103, 0xA7, 0, {0x49, 0xD3, 0x1F, 0x7F, 0xFD, 0xF1, 0x67, 0x3E} },
    { 2, 0xA8, 0, {0xD2, 0xD3, 0xBF, 0x07, 0x89, 0x64, 0x80, 0x0F} },
    { 89, 0x121, 0, {0x8F, 0x02, 0x00, 0x40, 0x36, 0x62, 0x7E, 0xFE} },
    { 4, 0xA8, 0, {0x05, 0xD4, 0xBF, 0x07, 0x89, 0x64, 0x7C, 0x0F} },
    { 2, 0xA7, 0, {0x73, 0xD4, 0x1F, 0x7F, 0xFD, 0xF1, 0x67, 0x3E} },
    { 99, 0xA7, 0, {0x08, 0xD5, 0x1F, 0x7F, 0xFD, 0xF1, 0x67, 0x3E} },
    { 2, 0xA8, 0, {0x4B, 0xD5, 0xBF, 0x07, 0x89, 0x64, 0x7A, 0x0F} },
    { 94, 0x121, 0, {0x7D, 0x03, 0x00, 0x40, 0x36, 0x62, 0x7E, 0xFE} },
    { 2, 0xA7, 0, {0x9B, 0xD6, 0x1F, 0x7F, 0xFD, 0xF1, 0x67, 0x3E} },
    { 3, 0xA8, 0, {0x5F, 0xD6, 0xBF, 0x07, 0x89, 0x64, 0x7C, 0x0F} },
    { 104, 0xA7, 0, {0x12, 0xD7, 0x1F, 0x7F, 0xFD, 0xF1, 0x67, 0x3E} },
    { 3, 0xA8, 0, {0x4A, 0xD7, 0xBF, 0x07, 0x89, 0x64, 0x7C, 0x0F} },
    { 87, 0x121, 0, {0xC0, 0x04, 0x00, 0x40, 0x36, 0x62, 0x7E, 0xFE} },
    { 2, 0x3BE, 0, {0xD7, 0x1D, 0x07, 0x01, 0xA8, 0xC0, 0x08, 0x80} },
    { 2, 0xA7, 0, {0x5F, 0xD8, 0x1F, 0x7F, 0xFD, 0xF1, 0x67, 0x3E} },
    { 3, 0xA8, 0, {0x68, 0xD8, 0xBF, 0x07, 0x89, 0x64, 0x7C, 0x0F} },
    { 99, 0xA7, 0, {0x8F, 0xD9, 0x1F, 0x7F, 0xFD, 0xF1, 0x67, 0x3E} },
    { 2, 0xA8, 0, {0x1A, 0xD9, 0xBF, 0x07, 0x89, 0x64, 0x7C, 0x0F} },
    { 93, 0x121, 0, {0xF7, 0x05, 0x00, 0x40, 0x36, 0x62, 0x7E, 0xFE} },
    { 3, 0xA7, 0, {0x89, 0xDA, 0x1F, 0x7F, 0xFD, 0xF1, 0x67, 0x3E} },
    { 2, 0xA8, 0, {0x29, 0xDA, 0xBF, 0x07, 0x89, 0x64, 0x76, 0x0F} },
    { 101, 0xA7, 0, {0xE7, 0xDB, 0x1F, 0x7F, 0xFD, 0xF1, 0x67, 0x3E} },
    { 2, 0xA8, 0, {0xC0, 0xDB, 0xBF, 0x07, 0x89, 0x64, 0x70, 0x0F} },
    { 90, 0x121, 0, {0xF0, 0x06, 0x00, 0x40, 0x36, 0x62, 0x7E, 0xFE} },
    { 6, 0xA7, 0, {0xD2, 0xDC, 0x1F, 0x7F, 0xFD, 0xF5, 0x67, 0x3E} },
    { 2, 0xA8, 0, {0x76, 0xDC, 0xBF, 0x07, 0x89, 0x64, 0x6C, 0x0F} },
    { 99, 0xA7, 0, {0x22, 0xDD, 0x1F, 0x7F, 0xFD, 0xF5, 0x67, 0x3E} },
    { 3, 0xA8, 0, {0x5D, 0xDD, 0xBF, 0x07, 0x89, 0x64, 0x68, 0x0F} },
    { 93, 0x121, 0, {0xA3, 0x07, 0x00, 0x40, 0x36, 0x62, 0x7E, 0xFE} },
    { 3, 0xA7, 0, {0xA9, 0xDE, 0x1F, 0x7F, 0xFD, 0xF5, 0x67, 0x3E} },
    { 2, 0xA8, 0, {0xA7, 0xDE, 0xBF, 0x07, 0x89, 0x64, 0x64, 0x0F} },
    { 100, 0xA7, 0, {0x77, 0xDF, 0x1F, 0x7F, 0xFD, 0xF5, 0x67, 0x3E} },
    { 3, 0xA8, 0, {0x10, 0xDF, 0xBF, 0x07, 0x89, 0x64, 0x60, 0x0F} },
    { 90, 0x121, 0, {0x60, 0x08, 0x00, 0x40, 0x36, 0x62, 0x7E, 0xFE} },
    { 3, 0xA8, 0, {0x3F, 0xD0, 0xBF, 0x07, 0x89, 0x64, 0x5C, 0x0F} },
    { 3, 0xA7, 0, {0xBE, 0xD0, 0x1F, 0x7F, 0xFD, 0xF5, 0x67, 0x3E} },
    { 103, 0xA7, 0, {0x36, 0xD1, 0x1F, 0x7F, 0xFD, 0xF5, 0x67, 0x3E} },
    { 2, 0xA8, 0, {0x35, 0xD1, 0xBF, 0x07, 0x89, 0x64, 0x54, 0x0F} },
    { 88, 0x121, 0, {0x9F, 0x09, 0x00, 0x40, 0x36, 0x62, 0x7E, 0xFE} },
    { 3, 0x3BE, 0, {0xC8, 0x1E, 0x07, 0x01, 0xA8, 0xC0, 0x08, 0x80} },
    { 2, 0xA7, 0, {0x42, 0xD2, 0x1F, 0x7F, 0xFD, 0xF5, 0x67, 0x3E} },
    { 2, 0xA8, 0, {0xD9, 0xD2, 0xBF, 0x07, 0x89, 0x64, 0x54, 0x0F} },
    { 69, 0x1B000076, 1, {0x76, 0x00, 0x04, 0x01, 0x01, 0x00, 0x00, 0x00} },
    { 27, 0xA7, 0, {0xDA, 0xD3, 0x5F, 0x7F, 0xFD, 0xF5, 0x67, 0x3E} },
    { 3, 0xA8, 0, {0x12, 0xD3, 0xBF, 0x07, 0x89, 0x64, 0x52, 0x0F} },
    { 95, 0x121, 0, {0xFA, 0x0A, 0x00, 0x40, 0x36, 0x62, 0x7E, 0xFE} },
    { 5, 0xA8, 0, {0xA2, 0xD4, 0xBF, 0x07, 0x89, 0x64, 0x50, 0x0F} },
    { 3, 0xA7, 0, {0xE0, 0xD4, 0x5F, 0x7F, 0xFD, 0xF5, 0x67, 0x3E} },
    { 98, 0xA7, 0, {0x9B, 0xD5, 0x5F, 0x7F, 0xFD, 0xF5, 0x67, 0x3E} },
    { 2, 0xA8, 0, {0xC8, 0xD5, 0xBF, 0x07, 0x89, 0x64, 0x50, 0x0F} },
    { 91, 0x121, 0, {0x51, 0x0B, 0x00, 0x40, 0x36, 0x62, 0x7E, 0xFE} },
    { 3, 0xA7, 0, {0x08, 0xD6, 0x5F, 0x7F, 0xFD, 0xF5, 0x67, 0x3E} },
    { 2, 0xA8, 0, {0xF8, 0xD6, 0xBF, 0x07, 0x89, 0x64, 0x50, 0x0F} },
    { 98, 0xA7, 0, {0x81, 0xD7, 0x5F, 0x7F, 0xFD, 0xF5, 0x67, 0x3E} },
    { 2, 0xA8, 0, {0x59, 0xD7, 0xBF, 0x07, 0x89, 0x64, 0x4E, 0x0F} },
    { 96, 0x121, 0, {0x94, 0x0C, 0x00, 0x40, 0x36, 0x62, 0x7E, 0xFE} },
    { 4, 0xA8, 0, {0x67, 0xD8, 0xBF, 0x07, 0x89, 0x64, 0x4C, 0x0F} },
    { 2, 0xA7, 0, {0xCC, 0xD8, 0x5F, 0x7F, 0xFD, 0xF5, 0x67, 0x3E} },
    { 101, 0xA7, 0, {0x1C, 0xD9, 0x5F, 0x7F, 0xFD, 0xF5, 0x67, 0x3E} },
    { 2, 0xA8, 0, {0x31, 0xD9, 0xBF, 0x07, 0x89, 0x64, 0x4A, 0x0F} },
    { 90, 0x121, 0, {0x87, 0x0D, 0x00, 0x40, 0x36, 0x62, 0x7E, 0xFE} },
    { 2, 0xA7, 0, {0x1A, 0xDA, 0x5F, 0x7F, 0xFD, 0xF5, 0x67, 0x3E} },
    { 3, 0xA8, 0, {0x3A, 0xDA, 0xBF, 0x07, 0x89, 0x64, 0x44, 0x0F} },
    { 99, 0xA7, 0, {0x74, 0xDB, 0x5F, 0x7F, 0xFD, 0xF5, 0x67, 0x3E} },
    { 3, 0xA8, 0, {0xCF, 0xDB, 0xBF, 0x07, 0x89, 0x64, 0x40, 0x0F} },
    { 94, 0x121, 0, {0x14, 0x0E, 0x00, 0x40, 0x36, 0x62, 0x7E, 0xFE} },
    { 2, 0x3BE, 0, {0xC5, 0x1F, 0x07, 0x01, 0xA8, 0xC0, 0x08, 0x80} },
    { 2, 0xA7, 0, {0xCB, 0xDC, 0x5F, 0x7F, 0xFD, 0xF5, 0x67, 0x3E} },
    { 3, 0xA8, 0, {0x43, 0xDC, 0xBF, 0x07, 0x89, 0x64, 0x3A, 0x0F} },
    { 101, 0xA7, 0, {0x3B, 0xDD, 0x5F, 0x7F, 0xFD, 0xF5, 0x67, 0x3E} },
    { 2, 0xA8, 0, {0x04, 0xDD, 0xBF, 0x07, 0x89, 0x64, 0x34, 0x0F} },
    { 90, 0x121, 0, {0xA2, 0x0F, 0x00, 0x40, 0x36, 0x62, 0x7E, 0xFE} },
    { 2, 0xA7, 0, {0xB0, 0xDE, 0x5F, 0x7F, 0xFD, 0xF5, 0x67, 0x3E} },
    { 3, 0xA8, 0, {0x8E, 0xDE, 0xBF, 0x07, 0x89, 0x64, 0x30, 0x0F} },
    { 96, 0xA7, 0, {0x6E, 0xDF, 0x5F, 0x7F, 0xFD, 0xF5, 0x67, 0x3E} },
    { 3, 0xA8, 0, {0xB5, 0xDF, 0xBF, 0x07, 0x89, 0x64, 0x2E, 0x0F} },
    { 96, 0x121, 0, {0x6C, 0x00, 0x00, 0x40, 0x36, 0x62, 0x7E, 0xFE} },
    { 6, 0xA8, 0, {0xDD, 0xD0, 0xBF, 0x07, 0x89, 0x64, 0x2E, 0x0F} },
    { 2, 0xA7, 0, {0xA7, 0xD0, 0x5F, 0x7F, 0xFD, 0xF5, 0x67, 0x3E} },
    { 99, 0xA7, 0, {0x2F, 0xD1, 0x5F, 0x7F, 0xFD, 0xF5, 0x67, 0x3E} },
    { 2, 0xA8, 0, {0xA7, 0xD1, 0xBF, 0x07, 0x89, 0x64, 0x2E, 0x0F} },
    { 91, 0x121, 0, {0x00, 0x01, 0x00, 0x40, 0x36, 0x62, 0x7E, 0xFE} },
    { 3, 0xA7, 0, {0x5B, 0xD2, 0x5F, 0x7F, 0xFD, 0xF5, 0x67, 0x3E} },
    { 2, 0xA8, 0, {0x57, 0xD2, 0xBF, 0x07, 0x89, 0x64, 0x2C, 0x0F} },
    { 98, 0xA7, 0, {0xDA, 0xD3, 0x5F, 0x7F, 0xFD, 0xF5, 0x67, 0x3E} },
    { 2, 0xA8, 0, {0x80, 0xD3, 0xBF, 0x07, 0x89, 0x64, 0x28, 0x0F} },
    { 94, 0x121, 0, {0x8F, 0x02, 0x00, 0x40, 0x36, 0x62, 0x7E, 0xFE} },
    { 4, 0xA8, 0, {0x40, 0xD4, 0xBF, 0x07, 0x89, 0x64, 0x22, 0x0F} },
    { 2, 0xA7, 0, {0x51, 0xD4, 0x5F, 0x7F, 0xFD, 0xF9, 0x67, 0x3E} },
    { 19, 0x640, 0, {0x02, 0x81, 0x70, 0xB7, 0x76, 0x20, 0x03, 0x28} },
    { 85, 0xA7, 0, {0x2A, 0xD5, 0x5F, 0x7F, 0xFD, 0xF9, 0x67, 0x3E} },
    { 3, 0xA8, 0, {0x6D, 0xD5, 0xBF, 0x07, 0x89, 0x64, 0x1E, 0x0F} },
    { 88, 0x121, 0, {0x7D, 0x03, 0x00, 0x40, 0x36, 0x62, 0x7E, 0xFE} },
    { 2, 0x3BE, 0, {0x7C, 0x10, 0x07, 0x01, 0xA8, 0xC0, 0x08, 0x80} },
    { 2, 0xA7, 0, {0xB9, 0xD6, 0x5F, 0x7F, 0xFD, 0xF9, 0x67, 0x3E} },
    { 3, 0xA8, 0, {0x65, 0xD6, 0xBF, 0x07, 0x89, 0x64, 0x1A, 0x0F} },
    { 68, 0x1B000076, 1, {0x76, 0x00, 0x04, 0x01, 0x01, 0x00, 0x00, 0x00} },
    { 28, 0xA7, 0, {0x30, 0xD7, 0x5F, 0x7F, 0xFD, 0xF9, 0x67, 0x3E} },
    { 3, 0xA8, 0, {0x38, 0xD7, 0xBF, 0x07, 0x89, 0x64, 0x16, 0x0F} },
    { 94, 0x121, 0, {0xC0, 0x04, 0x00, 0x40, 0x36, 0x62, 0x7E, 0xFE} },
    { 6, 0xA8, 0, {0x06, 0xD8, 0xBF, 0x07, 0x89, 0x64, 0x14, 0x0F} },
    { 3, 0xA7, 0, {0x7D, 0xD8, 0x5F, 0x7F, 0xFD, 0xF9, 0x67, 0x3E} },
    { 95, 0xA7, 0, {0xAD, 0xD9, 0x5F, 0x7F, 0xFD, 0xF9, 0x67, 0x3E} },
    { 2, 0xA8, 0, {0xF8, 0xD9, 0xBF, 0x07, 0x89, 0x64, 0x0E, 0x0F} },
    { 96, 0x121, 0, {0xF7, 0x05, 0x00, 0x40, 0x36, 0x62, 0x7E, 0xFE} },
    { 2, 0xA7, 0, {0xAB, 0xDA, 0x5F, 0x7F, 0xFD, 0xF9, 0x67, 0x3E} },
    { 2, 0xA8, 0, {0x9F, 0xDA, 0xBF, 0x07, 0x89, 0x64, 0x0A, 0x0F} },
    { 99, 0xA7, 0, {0xEE, 0xDB, 0x9F, 0x7F, 0xFD, 0xF9, 0x67, 0x3E} },
    { 2, 0xA8, 0, {0x76, 0xDB, 0xBF, 0x07, 0x89, 0x64, 0x0C, 0x0F} },
    { 99, 0x121, 0, {0xF0, 0x06, 0x00, 0x40, 0x36, 0x62, 0x7E, 0xFE} },
    { 6, 0xA7, 0, {0x51, 0xDC, 0x9F, 0x7F, 0xFD, 0xF9, 0x67, 0x3E} },
    { 2, 0xA8, 0, {0x74, 0xDC, 0xBF, 0x07, 0x89, 0x64, 0x0E, 0x0F} },
    { 90, 0xA7, 0, {0xA1, 0xDD, 0x9F, 0x7F, 0xFD, 0xF9, 0x67, 0x3E} },
    { 2, 0xA8, 0, {0xD3, 0xDD, 0xBF, 0x07, 0x89, 0x64, 0x10, 0x0F} },
    { 97, 0x121, 0, {0xA3, 0x07, 0x00, 0x40, 0x36, 0x62, 0x7E, 0xFE} },
    { 2, 0xA7, 0, {0xE3, 0xEE, 0x9F, 0x7F, 0xFD, 0xF9, 0x67, 0x3E} },
    { 3, 0xA8, 0, {0x45, 0xDE, 0xBF, 0x07, 0x89, 0x64, 0x16, 0x0F} },
    { 99, 0xA7, 0, {0x3D, 0xEF, 0x9F, 0x7F, 0xFD, 0xF9, 0x67, 0x3E} },
    { 2, 0xA8, 0, {0xA6, 0xDF, 0xBF, 0x07, 0x89, 0x64, 0x1C, 0x0F} },
    { 97, 0x121, 0, {0x60, 0x08, 0x00, 0x40, 0x36, 0x62, 0x7E, 0xFE} },
    { 2, 0x3BE, 0, {0x08, 0x11, 0x07, 0x01, 0xA8, 0xC0, 0x08, 0x80} },
    { 2, 0xA8, 0, {0xD2, 0xD0, 0xBF, 0x07, 0x89, 0x64, 0x1E, 0x0F} },
    { 3, 0xA7, 0, {0xF4, 0xE0, 0x9F, 0x7F, 0xFD, 0xF9, 0x67, 0x3E} },
    { 91, 0xA7, 0, {0x7C, 0xE1, 0x9F, 0x7F, 0xFD, 0xF9, 0x67, 0x3E} },
    { 2, 0xA8, 0, {0xF3, 0xD1, 0xBF, 0x07, 0x89, 0x64, 0x20, 0x0F} },
    { 99, 0x121, 0, {0x9F, 0x09, 0x00, 0x40, 0x36, 0x62, 0x7E, 0xFE} },
    { 3, 0xA7, 0, {0x08, 0xE2, 0x9F, 0x7F, 0xFD, 0xF9, 0x67, 0x3E} },
    { 2, 0xA8, 0, {0x03, 0xD2, 0xBF, 0x07, 0x89, 0x64, 0x22, 0x0F} },
    { 92, 0xA7, 0, {0x89, 0xE3, 0x9F, 0x7F, 0xFD, 0xF9, 0x67, 0x3E} },
    { 3, 0xA8, 0, {0xEC, 0xD3, 0xBF, 0x07, 0x89, 0x64, 0x22, 0x0F} },
    { 95, 0x121, 0, {0xFA, 0x0A, 0x00, 0x40, 0x36, 0x62, 0x7E, 0xFE} },
    { 11, 0xA7, 0, {0xB3, 0xE4, 0x9F, 0x7F, 0xFD, 0xF9, 0x67, 0x3E} },
    { 3, 0xA8, 0, {0x64, 0xD4, 0xBF, 0x07, 0x89, 0x64, 0x24, 0x0F} },
    { 90, 0xA7, 0, {0xC8, 0xE5, 0x9F, 0x7F, 0xFD, 0xF9, 0x67, 0x3E} },
    { 2, 0xA8, 0, {0x12, 0xD5, 0xBF, 0x07, 0x89, 0x64, 0x26, 0x0F} },
    { 98, 0x121, 0, {0x51, 0x0B, 0x00, 0x40, 0x36, 0x62, 0x7E, 0xFE} },
    { 2, 0xA7, 0, {0x5B, 0xE6, 0x9F, 0x7F, 0xFD, 0xF9, 0x67, 0x3E} },
    { 2, 0xA8, 0, {0x76, 0xD6, 0xBF, 0x07, 0x89, 0x64, 0x28, 0x0F} },
    { 95, 0xA7, 0, {0xD2, 0xE7, 0x9F, 0x7F, 0xFD, 0xF9, 0x67, 0x3E} },
    { 3, 0xA8, 0, {0x5B, 0xD7, 0xBF, 0x07, 0x89, 0x64, 0x2C, 0x0F} },
    { 94, 0x121, 0, {0x94, 0x0C, 0x00, 0x40, 0x36, 0x62, 0x7E, 0xFE} },
    { 3, 0xA8, 0, {0x65, 0xD8, 0xBF, 0x07, 0x89, 0x64, 0x2E, 0x0F} },
    { 2, 0xA7, 0, {0xB4, 0xE8, 0x5F, 0x7F, 0xFD, 0xF9, 0x67, 0x3E} },
    { 101, 0xA7, 0, {0x64, 0xE9, 0x5F, 0x7F, 0xFD, 0xF9, 0x67, 0x3E} },
    { 2, 0xA8, 0, {0xBF, 0xD9, 0xBF, 0x07, 0x89, 0x64, 0x32, 0x0F} },
    { 96, 0x121, 0, {0x87, 0x0D, 0x00, 0x40, 0x36, 0x62, 0x7E, 0xFE} },
    { 2, 0x3BE, 0, {0x67, 0x12, 0x07, 0x01, 0xA8, 0xC0, 0x08, 0x80} },
    { 3, 0xA7, 0, {0x62, 0xEA, 0x5F, 0x7F, 0xFD, 0xF9, 0x67, 0x3E} },
    { 2, 0xA8, 0, {0xD8, 0xDA, 0xBF, 0x07, 0x89, 0x64, 0x36, 0x0F} },
    { 64, 0x1B000076, 1, {0x76, 0x00, 0x04, 0x01, 0x01, 0x00, 0x00, 0x00} },
    { 28, 0xA7, 0, {0x0C, 0xEB, 0x5F, 0x7F, 0xFD, 0xF9, 0x67, 0x3E} },
    { 2, 0xA8, 0, {0x41, 0xDB, 0xBF, 0x07, 0x89, 0x64, 0x38, 0x0F} },
    { 95, 0x121, 0, {0x14, 0x0E, 0x00, 0x40, 0x36, 0x62, 0x7E, 0xFE} },
    { 6, 0xA8, 0, {0x43, 0xDC, 0xBF, 0x07, 0x89, 0x64, 0x3A, 0x0F} },
    { 2, 0xA7, 0, {0xB3, 0xEC, 0x5F, 0x7F, 0xFD, 0xF9, 0x67, 0x3E} },
    { 97, 0xA7, 0, {0xFD, 0xED, 0x5F, 0x7F, 0xFD, 0xF5, 0x57, 0x3E} },
    { 2, 0xA8, 0, {0x74, 0xDD, 0xBF, 0x07, 0x89, 0x64, 0x3C, 0x0F} },
    { 98, 0x121, 0, {0xA2, 0x0F, 0x00, 0x40, 0x36, 0x62, 0x7E, 0xFE} },
    { 2, 0xA7, 0, {0x76, 0xEE, 0x5F, 0x7F, 0xFD, 0xF5, 0x57, 0x3E} },
    { 3, 0xA8, 0, {0xDA, 0xDE, 0xBF, 0x07, 0x89, 0x64, 0x3E, 0x0F} },
    { 94, 0xA7, 0, {0xA8, 0xEF, 0x5F, 0x7F, 0xFD, 0xF5, 0x57, 0x3E} },
    { 3, 0xA8, 0, {0xE3, 0xDF, 0xBF, 0x07, 0x89, 0x64, 0x42, 0x0F} },
    { 95, 0x121, 0, {0x6C, 0x00, 0x00, 0x40, 0x36, 0x62, 0x7E, 0xFE} },
    { 3, 0xA8, 0, {0xB3, 0xD0, 0xBF, 0x07, 0x89, 0x64, 0x46, 0x0F} },
    { 2, 0xA7, 0, {0x61, 0xE0, 0x5F, 0x7F, 0xFD, 0xF5, 0x57, 0x3E} },
    { 97, 0xA7, 0, {0xE9, 0xE1, 0x5F, 0x7F, 0xFD, 0xF5, 0x57, 0x3E} },
    { 3, 0xA8, 0, {0x9D, 0xD1, 0xBF, 0x07, 0x89, 0x64, 0x48, 0x0F} },
    { 98, 0x121, 0, {0x00, 0x01, 0x00, 0x40, 0x36, 0x62, 0x7E, 0xFE} },
    { 2, 0xA7, 0, {0x54, 0xD2, 0x5F, 0x7F, 0xFD, 0xF5, 0x57, 0x3E} },
    { 2, 0xA8, 0, {0x71, 0xD2, 0xBF, 0x07, 0x89, 0x64, 0x48, 0x0F} },
    { 97, 0xA7, 0, {0xD5, 0xD3, 0x5F, 0x7F, 0xFD, 0xF5, 0x57, 0x3E} },
    { 3, 0xA8, 0, {0xCA, 0xD3, 0xBF, 0x07, 0x89, 0x64, 0x46, 0x0F} },
    { 92, 0x121, 0, {0x8F, 0x02, 0x00, 0x40, 0x36, 0x62, 0x7E, 0xFE} },
    { 3, 0x3BE, 0, {0x94, 0x13, 0x07, 0x01, 0xA8, 0xC0, 0x08, 0x80} },
    { 2, 0xA7, 0, {0xEF, 0xD4, 0x5F, 0x7F, 0xFD, 0xF5, 0x57, 0x3E} },
    { 2, 0xA8, 0, {0x5E, 0xD4, 0xBF, 0x07, 0x89, 0x64, 0x42, 0x0F} },
    { 96, 0xA7, 0, {0x94, 0xD5, 0x5F, 0x7F, 0xFD, 0xF5, 0x57, 0x3E} },
    { 3, 0xA8, 0, {0x34, 0xD5, 0xBF, 0x07, 0x89, 0x64, 0x42, 0x0F} },
    { 98, 0x121, 0, {0x7D, 0x03, 0x00, 0x40, 0x36, 0x62, 0x7E, 0xFE} },
    { 3, 0xA7, 0, {0x07, 0xD6, 0x5F, 0x7F, 0xFD, 0xF5, 0x57, 0x3E} },
    { 2, 0xA8, 0, {0x20, 0xD6, 0xBF, 0x07, 0x89, 0x64, 0x44, 0x0F} },
    { 94, 0xA7, 0, {0x81, 0xD7, 0x5F, 0x7F, 0xFD, 0xF5, 0x67, 0x3E} },
    { 2, 0xA8, 0, {0x7D, 0xD7, 0xBF, 0x07, 0x89, 0x64, 0x48, 0x0F} },
    { 95, 0x121, 0, {0xC0, 0x04, 0x00, 0x40, 0x36, 0x62, 0x7E, 0xFE} },
    { 6, 0xA7, 0, {0xCC, 0xD8, 0x5F, 0x7F, 0xFD, 0xF5, 0x67, 0x3E} },
    { 2, 0xA8, 0, {0x67, 0xD8, 0xBF, 0x07, 0x89, 0x64, 0x4C, 0x0F} },
    { 96, 0xA7, 0, {0x1C, 0xD9, 0x5F, 0x7F, 0xFD, 0xF5, 0x67, 0x3E} },
    { 2, 0xA8, 0, {0x09, 0xD9, 0xBF, 0x07, 0x89, 0x64, 0x4E, 0x0F} },
    { 98, 0x121, 0, {0xF7, 0x05, 0x00, 0x40, 0x36, 0x62, 0x7E, 0xFE} },
    { 2, 0xA7, 0, {0x1A, 0xDA, 0x5F, 0x7F, 0xFD, 0xF5, 0x67, 0x3E} },
    { 2, 0xA8, 0, {0x56, 0xDA, 0xBF, 0x07, 0x89, 0x64, 0x4E, 0x0F} },
    { 95, 0xA7, 0, {0x74, 0xDB, 0x5F, 0x7F, 0xFD, 0xF5, 0x67, 0x3E} },
    { 3, 0xA8, 0, {0xA3, 0xDB, 0xBF, 0x07, 0x89, 0x64, 0x4A, 0x0F} },
    { 94, 0x121, 0, {0xF0, 0x06, 0x00, 0x40, 0x36, 0x62, 0x7E, 0xFE} },
    { 3, 0xA8, 0, {0xE9, 0xDC, 0xBF, 0x07, 0x89, 0x64, 0x44, 0x0F} },
    { 3, 0xA7, 0, {0xCB, 0xDC, 0x5F, 0x7F, 0xFD, 0xF5, 0x67, 0x3E} },
    { 28, 0x641, 0, {0x13, 0x17, 0x21, 0x4F, 0x13, 0x0A, 0x55, 0x92} },
    { 71, 0xA7, 0, {0x3B, 0xDD, 0x5F, 0x7F, 0xFD, 0xF5, 0x67, 0x3E} },
    { 3, 0xA8, 0, {0xDE, 0xDD, 0xBF, 0x07, 0x89, 0x64, 0x42, 0x0F} },
    { 93, 0x121, 0, {0xA3, 0x07, 0x00, 0x40, 0x36, 0x62, 0x7E, 0xFE} },
    { 2, 0x3BE, 0, {0x63, 0x14, 0x07, 0x01, 0xA8, 0xC0, 0x08, 0x80} },
    { 2, 0xA7, 0, {0xB0, 0xDE, 0x5F, 0x7F, 0xFD, 0xF5, 0x67, 0x3E} },
    { 3, 0xA8, 0, {0xDA, 0xDE, 0xBF, 0x07, 0x89, 0x64, 0x3E, 0x0F} },
    { 68, 0x1B000076, 1, {0x76, 0x00, 0x04, 0x01, 0x01, 0x00, 0x00, 0x00} },
    { 28, 0xA7, 0, {0x6E, 0xDF, 0x5F, 0x7F, 0xFD, 0xF5, 0x67, 0x3E} },
    { 3, 0xA8, 0, {0x71, 0xDF, 0xBF, 0x07, 0x89, 0x64, 0x38, 0x0F} },
    { 96, 0x121, 0, {0x60, 0x08, 0x00, 0x40, 0x36, 0x62, 0x7E, 0xFE} },
    { 4, 0xA8, 0, {0x4D, 0xD0, 0xBF, 0x07, 0x89, 0x64, 0x36, 0x0F} },
    { 3, 0xA7, 0, {0xA7, 0xD0, 0x5F, 0x7F, 0xFD, 0xF5, 0x67, 0x3E} },
    { 98, 0xA7, 0, {0x2F, 0xD1, 0x5F, 0x7F, 0xFD, 0xF5, 0x67, 0x3E} },
    { 3, 0xA8, 0, {0x0F, 0xD1, 0xBF, 0x07, 0x89, 0x64, 0x32, 0x0F} },
    { 89, 0x121, 0, {0x9F, 0x09, 0x00, 0x40, 0x36, 0x62, 0x7E, 0xFE} },
    { 2, 0xA7, 0, {0x5B, 0xD2, 0x5F, 0x7F, 0xFD, 0xF5, 0x67, 0x3E} },
    { 3, 0xA8, 0, {0x4B, 0xD2, 0xBF, 0x07, 0x89, 0x64, 0x2E, 0x0F} },
    { 101, 0xA7, 0, {0xDA, 0xD3, 0x5F, 0x7F, 0xFD, 0xF5, 0x67, 0x3E} },
    { 2, 0xA8, 0, {0xA4, 0xD3, 0xBF, 0x07, 0x89, 0x64, 0x2E, 0x0F} },
    { 95, 0x121, 0, {0xFA, 0x0A, 0x00, 0x40, 0x36, 0x62, 0x7E, 0xFE} },
    { 3, 0xA8, 0, {0x08, 0xD4, 0xBF, 0x07, 0x89, 0x64, 0x2E, 0x0F} },
    { 2, 0xA7, 0, {0x51, 0xD4, 0x5F, 0x7F, 0xFD, 0xF9, 0x67, 0x3E} },
    { 100, 0xA7, 0, {0x2A, 0xD5, 0x5F, 0x7F, 0xFD, 0xF9, 0x67, 0x3E} },
    { 3, 0xA8, 0, {0x62, 0xD5, 0xBF, 0x07, 0x89, 0x64, 0x2E, 0x0F} },
    { 89, 0x121, 0, {0x51, 0x0B, 0x00, 0x40, 0x36, 0x62, 0x7E, 0xFE} },
    { 3, 0xA7, 0, {0xB9, 0xD6, 0x5F, 0x7F, 0xFD, 0xF9, 0x67, 0x3E} },
    { 2, 0xA8, 0, {0x52, 0xD6, 0xBF, 0x07, 0x89, 0x64, 0x2E, 0x0F} },
    { 14, 0x640, 0, {0x02, 0x81, 0x70, 0xB7, 0x76, 0x20, 0x03, 0x28} },
    { 89, 0xA7, 0, {0x30, 0xD7, 0x5F, 0x7F, 0xFD, 0xF9, 0x67, 0x3E} },
    { 3, 0xA8, 0, {0x47, 0xD7, 0xBF, 0x07, 0x89, 0x64, 0x2E, 0x0F} },
    { 92, 0x121, 0, {0x94, 0x0C, 0x00, 0x40, 0x36, 0x62, 0x7E, 0xFE} },
    { 2, 0x3BE, 0, {0x1C, 0x15, 0x07, 0x01, 0xA8, 0xC0, 0x08, 0x80} },
    { 3, 0xA8, 0, {0x79, 0xD8, 0xBF, 0x07, 0x89, 0x64, 0x2C, 0x0F} },
    { 2, 0xA7, 0, {0x7D, 0xD8, 0x5F, 0x7F, 0xFD, 0xF9, 0x67, 0x3E} },
    { 99, 0xA7, 0, {0xAD, 0xD9, 0x5F, 0x7F, 0xFD, 0xF9, 0x67, 0x3E} },
    { 2, 0xA8, 0, {0x0B, 0xD9, 0xBF, 0x07, 0x89, 0x64, 0x2C, 0x0F} },
    { 89, 0x121, 0, {0x87, 0x0D, 0x00, 0x40, 0x36, 0x62, 0x7E, 0xFE} },
    { 2, 0xA7, 0, {0xAB, 0xDA, 0x5F, 0x7F, 0xFD, 0xF9, 0x67, 0x3E} },
    { 3, 0xA8, 0, {0x54, 0xDA, 0xBF, 0x07, 0x89, 0x64, 0x2C, 0x0F} },
    { 101, 0xA7, 0, {0xC5, 0xDB, 0x5F, 0x7F, 0xFD, 0xF9, 0x67, 0x3E} },
    { 2, 0xA8, 0, {0xBD, 0xDB, 0xBF, 0x07, 0x89, 0x64, 0x2A, 0x0F} },
    { 92, 0x121, 0, {0x14, 0x0E, 0x00, 0x40, 0x36, 0x62, 0x7E, 0xFE} },
    { 6, 0xA7, 0, {0x7A, 0xDC, 0x5F, 0x7F, 0xFD, 0xF9, 0x67, 0x3E} },
    { 2, 0xA8, 0, {0x2F, 0xDC, 0xBF, 0x07, 0x89, 0x64, 0x30, 0x0F} },
    { 96, 0xA7, 0, {0x8A, 0xDD, 0x5F, 0x7F, 0xFD, 0xF9, 0x67, 0x3E} },
    { 2, 0xA8, 0, {0x20, 0xDD, 0xBF, 0x07, 0x89, 0x64, 0x32, 0x0F} },
    { 95, 0x121, 0, {0xA2, 0x0F, 0x00, 0x40, 0x36, 0x62, 0x7E, 0xFE} },
    { 2, 0xA7, 0, {0x01, 0xDE, 0x5F, 0x7F, 0xFD, 0xF9, 0x67, 0x3E} },
    { 3, 0xA8, 0, {0xAA, 0xDE, 0xBF, 0x07, 0x89, 0x64, 0x36, 0x0F} },
    { 100, 0xA7, 0, {0xDF, 0xDF, 0x5F, 0x7F, 0xFD, 0xF9, 0x67, 0x3E} },
    { 2, 0xA8, 0, {0x6D, 0xDF, 0xBF, 0x07, 0x89, 0x64, 0x3A, 0x0F} },
    { 92, 0x121, 0, {0x6C, 0x00, 0x00, 0x40, 0x36, 0x62, 0x7E, 0xFE} },
    { 3, 0xA8, 0, {0x21, 0xD0, 0xBF, 0x07, 0x89, 0x64, 0x3C, 0x0F} },
    { 3, 0xA7, 0, {0x16, 0xD0, 0x5F, 0x7F, 0xFD, 0xF9, 0x67, 0x3E} },
    { 100, 0xA7, 0, {0x9E, 0xD1, 0x5F, 0x7F, 0xFD, 0xF9, 0x67, 0x3E} },
    { 2, 0xA8, 0, {0x5B, 0xD1, 0xBF, 0x07, 0x89, 0x64, 0x3C, 0x0F} },
    { 92, 0x121, 0, {0x00, 0x01, 0x00, 0x40, 0x36, 0x62, 0x7E, 0xFE} },
    { 2, 0x3BE, 0, {0x01, 0x16, 0x07, 0x01, 0xA8, 0xC0, 0x08, 0x80} },
    { 3, 0xA7, 0, {0x5B, 0xD2, 0x5F, 0x7F, 0xFD, 0xF5, 0x67, 0x3E} },
    { 2, 0xA8, 0, {0xAB, 0xD2, 0xBF, 0x07, 0x89, 0x64, 0x3E, 0x0F} },
    { 68, 0x1B000076, 1, {0x76, 0x00, 0x04, 0x01, 0x01, 0x00, 0x00, 0x00} },
    { 32, 0xA7, 0, {0xDA, 0xD3, 0x5F, 0x7F, 0xFD, 0xF5, 0x67, 0x3E} },
    { 3, 0xA8, 0, {0xEE, 0xD3, 0xBF, 0x07, 0x89, 0x64, 0x40, 0x0F} },
    { 91, 0x121, 0, {0x8F, 0x02, 0x00, 0x40, 0x36, 0x62, 0x7E, 0xFE} },
    { 5, 0xA8, 0, {0x42, 0xD4, 0xBF, 0x07, 0x89, 0x64, 0x40, 0x0F} },
    { 2, 0xA7, 0, {0xE0, 0xD4, 0x5F, 0x7F, 0xFD, 0xF5, 0x67, 0x3E} },
    { 95, 0xA7, 0, {0x9B, 0xD5, 0x5F, 0x7F, 0xFD, 0xF5, 0x67, 0x3E} },
    { 3, 0xA8, 0, {0x34, 0xD5, 0xBF, 0x07, 0x89, 0x64, 0x42, 0x0F} },
    { 94, 0x121, 0, {0x7D, 0x03, 0x00, 0x40, 0x36, 0x62, 0x7E, 0xFE} },
    { 2, 0xA7, 0, {0x08, 0xD6, 0x5F, 0x7F, 0xFD, 0xF5, 0x67, 0x3E} },
    { 3, 0xA8, 0, {0x04, 0xD6, 0xBF, 0x07, 0x89, 0x64, 0x42, 0x0F} },
    { 102, 0xA7, 0, {0x81, 0xD7, 0x5F, 0x7F, 0xFD, 0xF5, 0x67, 0x3E} },
    { 2, 0xA8, 0, {0x0D, 0xD7, 0xBF, 0x07, 0x89, 0x64, 0x40, 0x0F} },
    { 92, 0x121, 0, {0xC0, 0x04, 0x00, 0x40, 0x36, 0x62, 0x7E, 0xFE} },
    { 3, 0xA8, 0, {0x99, 0xD8, 0xBF, 0x07, 0x89, 0x64, 0x3C, 0x0F} },
    { 2, 0xA7, 0, {0xCC, 0xD8, 0x5F, 0x7F, 0xFD, 0xF5, 0x67, 0x3E} },
    { 97, 0xA7, 0, {0x1C, 0xD9, 0x5F, 0x7F, 0xFD, 0xF5, 0x67, 0x3E} },
    { 3, 0xA8, 0, {0xEB, 0xD9, 0xBF, 0x07, 0x89, 0x64, 0x3C, 0x0F} },
    { 94, 0x121, 0, {0xF7, 0x05, 0x00, 0x40, 0x36, 0x62, 0x7E, 0xFE} },
    { 2, 0xA7, 0, {0x1A, 0xDA, 0x5F, 0x7F, 0xFD, 0xF5, 0x67, 0x3E} },
    { 3, 0xA8, 0, {0xB4, 0xDA, 0xBF, 0x07, 0x89, 0x64, 0x3C, 0x0F} },
    { 104, 0xA7, 0, {0x74, 0xDB, 0x5F, 0x7F, 0xFD, 0xF5, 0x67, 0x3E} },
    { 2, 0xA8, 0, {0x65, 0xDB, 0xBF, 0x07, 0x89, 0x64, 0x3E, 0x0F} },
    { 89, 0x121, 0, {0xF0, 0x06, 0x00, 0x40, 0x36, 0x62, 0x7E, 0xFE} },
    { 2, 0x3BE, 0, {0x8D, 0x17, 0x07, 0x01, 0xA8, 0xC0, 0x08, 0x80} },
    { 3, 0xA7, 0, {0xCB, 0xDC, 0x5F, 0x7F, 0xFD, 0xF5, 0x67, 0x3E} },
    { 2, 0xA8, 0, {0xD1, 0xDC, 0xBF, 0x07, 0x89, 0x64, 0x40, 0x0F} },
    { 97, 0xA7, 0, {0x3B, 0xDD, 0x5F, 0x7F, 0xFD, 0xF5, 0x67, 0x3E} },
    { 2, 0xA8, 0, {0xC2, 0xDD, 0xBF, 0x07, 0x89, 0x64, 0x40, 0x0F} },
    { 94, 0x121, 0, {0xA3, 0x07, 0x00, 0x40, 0x36, 0x62, 0x7E, 0xFE} },
    { 3, 0xA7, 0, {0xB0, 0xDE, 0x5F, 0x7F, 0xFD, 0xF5, 0x67, 0x3E} },
    { 2, 0xA8, 0, {0xDA, 0xDE, 0xBF, 0x07, 0x89, 0x64, 0x3E, 0x0F} },
    { 100, 0xA7, 0, {0x6E, 0xDF, 0x5F, 0x7F, 0xFD, 0xF5, 0x67, 0x3E} },
    { 2, 0xA8, 0, {0x49, 0xDF, 0xBF, 0x07, 0x89, 0x64, 0x3C, 0x0F} },
    { 94, 0x121, 0, {0x60, 0x08, 0x00, 0x40, 0x36, 0x62, 0x7E, 0xFE} },
    { 5, 0xA7, 0, {0xA7, 0xD0, 0x5F, 0x7F, 0xFD, 0xF5, 0x67, 0x3E} },
    { 3, 0xA8, 0, {0x21, 0xD0, 0xBF, 0x07, 0x89, 0x64, 0x3C, 0x0F} },
    { 94, 0xA7, 0, {0x2F, 0xD1, 0x5F, 0x7F, 0xFD, 0xF5, 0x67, 0x3E} },
    { 3, 0xA8, 0, {0x7F, 0xD1, 0xBF, 0x07, 0x89, 0x64, 0x3A, 0x0F} },
    { 95, 0x121, 0, {0x9F, 0x09, 0x00, 0x40, 0x36, 0x62, 0x7E, 0xFE} },
    { 2, 0xA7, 0, {0x5B, 0xD2, 0x5F, 0x7F, 0xFD, 0xF5, 0x67, 0x3E} },
    { 2, 0xA8, 0, {0x8F, 0xD2, 0xBF, 0x07, 0x89, 0x64, 0x38, 0x0F} },
    { 100, 0xA7, 0, {0xDA, 0xD3, 0x5F, 0x7F, 0xFD, 0xF5, 0x67, 0x3E} },
    { 2, 0xA8, 0, {0x34, 0xD3, 0xBF, 0x07, 0x89, 0x64, 0x36, 0x0F} },
    { 93, 0x121, 0, {0xFA, 0x0A, 0x00, 0x40, 0x36, 0x62, 0x7E, 0xFE} },
    { 3, 0xA8, 0, {0xA0, 0xD4, 0xBF, 0x07, 0x89, 0x64, 0x32, 0x0F} },
    { 2, 0xA7, 0, {0xE0, 0xD4, 0x5F, 0x7F, 0xFD, 0xF5, 0x67, 0x3E} },
    { 102, 0xA7, 0, {0x9B, 0xD5, 0x5F, 0x7F, 0xFD, 0xF5, 0x67, 0x3E} },
    { 2, 0xA8, 0, {0xCA, 0xD5, 0xBF, 0x07, 0x89, 0x64, 0x32, 0x0F} },
    { 98, 0x121, 0, {0x51, 0x0B, 0x00, 0x40, 0x36, 0x62, 0x7E, 0xFE} },
    { 3, 0x3BE, 0, {0x77, 0x18, 0x07, 0x01, 0xA8, 0xC0, 0x08, 0x80} },
    { 2, 0xA7, 0, {0x08, 0xD6, 0x5F, 0x7F, 0xFD, 0xF5, 0x67, 0x3E} },
    { 3, 0xA8, 0, {0xFA, 0xD6, 0xBF, 0x07, 0x89, 0x64, 0x32, 0x0F} },
    { 60, 0x1B000076, 1, {0x76, 0x00, 0x04, 0x01, 0x01, 0x00, 0x00, 0x00} },
    { 29, 0xA7, 0, {0x81, 0xD7, 0x5F, 0x7F, 0xFD, 0xF5, 0x67, 0x3E} },
    { 2, 0xA8, 0, {0xEF, 0xD7, 0xBF, 0x07, 0x89, 0x64, 0x32, 0x0F} },
    { 96, 0x121, 0, {0x94, 0x0C, 0x00, 0x40, 0x36, 0x62, 0x7E, 0xFE} },
    { 5, 0xA8, 0, {0xF5, 0xD8, 0xBF, 0x07, 0x89, 0x64, 0x36, 0x0F} },
    { 3, 0xA7, 0, {0xCC, 0xD8, 0x5F, 0x7F, 0xFD, 0xF5, 0x67, 0x3E} },
    { 95, 0xA7, 0, {0x1C, 0xD9, 0x5F, 0x7F, 0xFD, 0xF5, 0x67, 0x3E} },
    { 2, 0xA8, 0, {0xCF, 0xD9, 0xBF, 0x07, 0x89, 0x64, 0x3A, 0x0F} },
    { 98, 0x121, 0, {0x87, 0x0D, 0x00, 0x40, 0x36, 0x62, 0x7E, 0xFE} },
    { 3, 0xA7, 0, {0x1A, 0xDA, 0x5F, 0x7F, 0xFD, 0xF5, 0x67, 0x3E} },
    { 2, 0xA8, 0, {0x90, 0xDA, 0xBF, 0x07, 0x89, 0x64, 0x3A, 0x0F} },
    { 93, 0xA7, 0, {0x74, 0xDB, 0x5F, 0x7F, 0xFD, 0xF5, 0x67, 0x3E} },
    { 3, 0xA8, 0, {0x79, 0xDB, 0xBF, 0x07, 0x89, 0x64, 0x3C, 0x0F} },
    { 99, 0x121, 0, {0x14, 0x0E, 0x00, 0x40, 0x36, 0x62, 0x7E, 0xFE} },
    { 2, 0xA8, 0, {0x7B, 0xDC, 0xBF, 0x07, 0x89, 0x64, 0x3E, 0x0F} },
    { 2, 0xA7, 0, {0xCB, 0xDC, 0x5F, 0x7F, 0xFD, 0xF5, 0x67, 0x3E} },
    { 96, 0xA7, 0, {0x3B, 0xDD, 0x5F, 0x7F, 0xFD, 0xF5, 0x67, 0x3E} },
    { 2, 0xA8, 0, {0x68, 0xDD, 0xBF, 0x07, 0x89, 0x64, 0x3E, 0x0F} },
    { 98, 0x121, 0, {0xA2, 0x0F, 0x00, 0x40, 0x36, 0x62, 0x7E, 0xFE} },
    { 3, 0xA7, 0, {0xB0, 0xDE, 0x5F, 0x7F, 0xFD, 0xF5, 0x67, 0x3E} },
    { 2, 0xA8, 0, {0x6C, 0xDE, 0xBF, 0x07, 0x89, 0x64, 0x42, 0x0F} },
    { 95, 0xA7, 0, {0x6E, 0xDF, 0x5F, 0x7F, 0xFD, 0xF5, 0x67, 0x3E} },
    { 3, 0xA8, 0, {0xC7, 0xDF, 0xBF, 0x07, 0x89, 0x64, 0x44, 0x0F} },
    { 96, 0x121, 0, {0x6C, 0x00, 0x00, 0x40, 0x36, 0x62, 0x7E, 0xFE} },
    { 3, 0x3BE, 0, {0x54, 0x19, 0x07, 0x01, 0xA8, 0xC0, 0x08, 0x80} },
    { 3, 0xA8, 0, {0xAF, 0xD0, 0xBF, 0x07, 0x89, 0x64, 0x44, 0x0F} },
    { 2, 0xA7, 0, {0xA7, 0xD0, 0x5F, 0x7F, 0xFD, 0xF5, 0x67, 0x3E} },
    { 93, 0xA7, 0, {0x2F, 0xD1, 0x5F, 0x7F, 0xFD, 0xF5, 0x67, 0x3E} },
    { 3, 0xA8, 0, {0xC9, 0xD1, 0xBF, 0x07, 0x89, 0x64, 0x46, 0x0F} },
    { 98, 0x121, 0, {0x00, 0x01, 0x00, 0x40, 0x36, 0x62, 0x7E, 0xFE} },
    { 2, 0xA7, 0, {0x5B, 0xD2, 0x5F, 0x7F, 0xFD, 0xF5, 0x67, 0x3E} },
    { 2, 0xA8, 0, {0x71, 0xD2, 0xBF, 0x07, 0x89, 0x64, 0x48, 0x0F} },
    { 93, 0xA7, 0, {0xDA, 0xD3, 0x5F, 0x7F, 0xFD, 0xF5, 0x67, 0x3E} },
    { 2, 0xA8, 0, {0xBA, 0xD3, 0xBF, 0x07, 0x89, 0x64, 0x4E, 0x0F} },
    { 101, 0x121, 0, {0x8F, 0x02, 0x00, 0x40, 0x36, 0x62, 0x7E, 0xFE} },
    { 8, 0xA7, 0, {0xE0, 0xD4, 0x5F, 0x7F, 0xFD, 0xF5, 0x67, 0x3E} },
    { 2, 0xA8, 0, {0xBE, 0xD4, 0xBF, 0x07, 0x89, 0x64, 0x52, 0x0F} },
    { 90, 0xA7, 0, {0x9B, 0xD5, 0x5F, 0x7F, 0xFD, 0xF5, 0x67, 0x3E} },
    { 2, 0xA8, 0, {0xD4, 0xD5, 0xBF, 0x07, 0x89, 0x64, 0x52, 0x0F} },
    { 95, 0x121, 0, {0x7D, 0x03, 0x00, 0x40, 0x36, 0x62, 0x7E, 0xFE} },
    { 3, 0xA7, 0, {0x08, 0xD6, 0x5F, 0x7F, 0xFD, 0xF5, 0x67, 0x3E} },
    { 2, 0xA8, 0, {0xE4, 0xD6, 0xBF, 0x07, 0x89, 0x64, 0x52, 0x0F} },
    { 98, 0xA7, 0, {0x81, 0xD7, 0x5F, 0x7F, 0xFD, 0xF5, 0x67, 0x3E} },
    { 2, 0xA8, 0, {0xED, 0xD7, 0xBF, 0x07, 0x89, 0x64, 0x50, 0x0F} },
    { 98, 0x121, 0, {0xC0, 0x04, 0x00, 0x40, 0x36, 0x62, 0x7E, 0xFE} },
    { 4, 0xA8, 0, {0xCF, 0xD8, 0xBF, 0x07, 0x89, 0x64, 0x50, 0x0F} },
    { 2, 0xA7, 0, {0xCC, 0xD8, 0x5F, 0x7F, 0xFD, 0xF5, 0x67, 0x3E} },
    { 17, 0x640, 0, {0x02, 0x81, 0x70, 0xB7, 0x76, 0x20, 0x03, 0x28} },
    { 79, 0xA7, 0, {0x1C, 0xD9, 0x5F, 0x7F, 0xFD, 0xF5, 0x67, 0x3E} },
    { 2, 0xA8, 0, {0xBD, 0xD9, 0xBF, 0x07, 0x89, 0x64, 0x50, 0x0F} },
    { 93, 0x121, 0, {0xF7, 0x05, 0x00, 0x40, 0x36, 0x62, 0x7E, 0xFE} },
    { 2, 0x3BE, 0, {0x9F, 0x1A, 0x07, 0x01, 0xA8, 0xC0, 0x08, 0x80} },
    { 3, 0xA7, 0, {0x1A, 0xDA, 0x5F, 0x7F, 0xFD, 0xF5, 0x67, 0x3E} },
    { 2, 0xA8, 0, {0xFE, 0xDA, 0xBF, 0x07, 0x89, 0x64, 0x52, 0x0F} },
    { 69, 0x1B000076, 1, {0x76, 0x00, 0x04, 0x01, 0x01, 0x00, 0x00, 0x00} },
    { 26, 0xA7, 0, {0x74, 0xDB, 0x5F, 0x7F, 0xFD, 0xF5, 0x67, 0x3E} },
    { 3, 0xA8, 0, {0x2F, 0xDB, 0xBF, 0x07, 0x89, 0x64, 0x50, 0x0F} },
    { 98, 0x121, 0, {0xF0, 0x06, 0x00, 0x40, 0x36, 0x62, 0x7E, 0xFE} },
    { 6, 0xA7, 0, {0xCB, 0xDC, 0x5F, 0x7F, 0xFD, 0xF5, 0x67, 0x3E} },
    { 2, 0xA8, 0, {0x99, 0xDC, 0xBF, 0x07, 0x89, 0x64, 0x4C, 0x0F} },
    { 91, 0xA7, 0, {0x3B, 0xDD, 0x5F, 0x7F, 0xFD, 0xF5, 0x67, 0x3E} },
    { 2, 0xA8, 0, {0x96, 0xDD, 0xBF, 0x07, 0x89, 0x64, 0x4E, 0x0F} },
    { 96, 0x121, 0, {0xA3, 0x07, 0x00, 0x40, 0x36, 0x62, 0x7E, 0xFE} },
    { 2, 0xA7, 0, {0xB0, 0xDE, 0x5F, 0x7F, 0xFD, 0xF5, 0x67, 0x3E} },
    { 3, 0xA8, 0, {0x24, 0xDE, 0xBF, 0x07, 0x89, 0x64, 0x4E, 0x0F} },
    { 97, 0xA7, 0, {0x6E, 0xDF, 0x5F, 0x7F, 0xFD, 0xF5, 0x67, 0x3E} },
    { 2, 0xA8, 0, {0x03, 0xDF, 0xBF, 0x07, 0x89, 0x64, 0x52, 0x0F} },
    { 99, 0x121, 0, {0x60, 0x08, 0x00, 0x40, 0x36, 0x62, 0x7E, 0xFE} },
    { 5, 0xA7, 0, {0xA7, 0xD0, 0x5F, 0x7F, 0xFD, 0xF5, 0x67, 0x3E} },
    { 3, 0xA8, 0, {0x53, 0xD0, 0xBF, 0x07, 0x89, 0x64, 0x56, 0x0F} },
    { 91, 0xA7, 0, {0x2F, 0xD1, 0x5F, 0x7F, 0xFD, 0xF5, 0x67, 0x3E} },
    { 3, 0xA8, 0, {0x35, 0xD1, 0xBF, 0x07, 0x89, 0x64, 0x54, 0x0F} },
    { 95, 0x121, 0, {0x9F, 0x09, 0x00, 0x40, 0x36, 0x62, 0x7E, 0xFE} },
    { 2, 0xA7, 0, {0x5B, 0xD2, 0x5F, 0x7F, 0xFD, 0xF5, 0x67, 0x3E} },
    { 2, 0xA8, 0, {0xE1, 0xD2, 0xBF, 0x07, 0x89, 0x64, 0x50, 0x0F} },
    { 100, 0xA7, 0, {0xDA, 0xD3, 0x5F, 0x7F, 0xFD, 0xF5, 0x67, 0x3E} },
    { 2, 0xA8, 0, {0xA6, 0xD3, 0xBF, 0x07, 0x89, 0x64, 0x4C, 0x0F} },
    { 97, 0x121, 0, {0xFA, 0x0A, 0x00, 0x40, 0x36, 0x62, 0x7E, 0xFE} },
    { 2, 0x3BE, 0, {0xE9, 0x1B, 0x07, 0x01, 0xA8, 0xC0, 0x08, 0x80} },
    { 3, 0xA7, 0, {0xE0, 0xD4, 0x5F, 0x7F, 0xFD, 0xF5, 0x67, 0x3E} },
    { 2, 0xA8, 0, {0x32, 0xD4, 0xBF, 0x07, 0x89, 0x64, 0x48, 0x0F} },
    { 92, 0xA7, 0, {0x9B, 0xD5, 0x5F, 0x7F, 0xFD, 0xF5, 0x67, 0x3E} },
    { 3, 0xA8, 0, {0x0C, 0xD5, 0xBF, 0x07, 0x89, 0x64, 0x46, 0x0F} },
    { 94, 0x121, 0, {0x51, 0x0B, 0x00, 0x40, 0x36, 0x62, 0x7E, 0xFE} },
    { 3, 0xA7, 0, {0x08, 0xD6, 0x5F, 0x7F, 0xFD, 0xF5, 0x67, 0x3E} },
    { 3, 0xA8, 0, {0x20, 0xD6, 0xBF, 0x07, 0x89, 0x64, 0x44, 0x0F} },
    { 97, 0xA7, 0, {0x81, 0xD7, 0x5F, 0x7F, 0xFD, 0xF5, 0x67, 0x3E} },
    { 2, 0xA8, 0, {0x11, 0xD7, 0xBF, 0x07, 0x89, 0x64, 0x42, 0x0F} },
    { 99, 0x121, 0, {0x94, 0x0C, 0x00, 0x40, 0x36, 0x62, 0x7E, 0xFE} },
    { 6, 0xA8, 0, {0x99, 0xD8, 0xBF, 0x07, 0x89, 0x64, 0x3C, 0x0F} },
    { 2, 0xA7, 0, {0xCC, 0xD8, 0x5F, 0x7F, 0xFD, 0xF5, 0x67, 0x3E} },
    { 92, 0xA7, 0, {0x1C, 0xD9, 0x5F, 0x7F, 0xFD, 0xF5, 0x67, 0x3E} },
    { 2, 0xA8, 0, {0xD3, 0xD9, 0xBF, 0x07, 0x89, 0x64, 0x38, 0x0F} },
    { 95, 0x121, 0, {0x87, 0x0D, 0x00, 0x40, 0x36, 0x62, 0x7E, 0xFE} },
    { 5, 0xA7, 0, {0x1A, 0xDA, 0x5F, 0x7F, 0xFD, 0xF5, 0x67, 0x3E} },
    { 2, 0xA8, 0, {0x8C, 0xDA, 0xBF, 0x07, 0x89, 0x64, 0x38, 0x0F} },
    { 95, 0xA7, 0, {0x74, 0xDB, 0x5F, 0x7F, 0xFD, 0xF5, 0x67, 0x3E} },
    { 2, 0xA8, 0, {0x41, 0xDB, 0xBF, 0x07, 0x89, 0x64, 0x38, 0x0F} },
    { 97, 0x121, 0, {0x14, 0x0E, 0x00, 0x40, 0x36, 0x62, 0x7E, 0xFE} },
    { 3, 0xA8, 0, {0x5F, 0xDC, 0xBF, 0x07, 0x89, 0x64, 0x38, 0x0F} },
    { 3, 0xA7, 0, {0xCB, 0xDC, 0x5F, 0x7F, 0xFD, 0xF5, 0x67, 0x3E} },
    { 98, 0xA7, 0, {0x3B, 0xDD, 0x5F, 0x7F, 0xFD, 0xF5, 0x67, 0x3E} },
    { 2, 0xA8, 0, {0x68, 0xDD, 0xBF, 0x07, 0x89, 0x64, 0x3E, 0x0F} },
    { 92, 0x121, 0, {0xA2, 0x0F, 0x00, 0x40, 0x36, 0x62, 0x7E, 0xFE} },
    { 3, 0x3BE, 0, {0x6C, 0x1C, 0x07, 0x01, 0xA8, 0xC0, 0x08, 0x80} },
    { 3, 0xA7, 0, {0xB0, 0xDE, 0x5F, 0x7F, 0xFD, 0xF5, 0x67, 0x3E} },
    { 2, 0xA8, 0, {0x6C, 0xDE, 0xBF, 0x07, 0x89, 0x64, 0x42, 0x0F} },
    { 67, 0x1B000076, 1, {0x76, 0x00, 0x04, 0x01, 0x01, 0x00, 0x00, 0x00} },
    { 28, 0xA7, 0, {0x6E, 0xDF, 0x5F, 0x7F, 0xFD, 0xF5, 0x67, 0x3E} },
    { 2, 0xA8, 0, {0xC7, 0xDF, 0xBF, 0x07, 0x89, 0x64, 0x44, 0x0F} },
    { 97, 0x121, 0, {0x6C, 0x00, 0x00, 0x40, 0x36, 0x62, 0x7E, 0xFE} },
    { 6, 0xA8, 0, {0xE7, 0xD0, 0xBF, 0x07, 0x89, 0x64, 0x48, 0x0F} },
    { 2, 0xA7, 0, {0xA7, 0xD0, 0x5F, 0x7F, 0xFD, 0xF5, 0x67, 0x3E} },
    { 94, 0xA7, 0, {0x2F, 0xD1, 0x5F, 0x7F, 0xFD, 0xF5, 0x67, 0x3E} },
    { 2, 0xA8, 0, {0xC9, 0xD1, 0xBF, 0x07, 0x89, 0x64, 0x46, 0x0F} },
    { 96, 0x121, 0, {0x00, 0x01, 0x00, 0x40, 0x36, 0x62, 0x7E, 0xFE} },
    { 2, 0xA7, 0, {0x5B, 0xD2, 0x5F, 0x7F, 0xFD, 0xF5, 0x67, 0x3E} },
    { 3, 0xA8, 0, {0x39, 0xD2, 0xBF, 0x07, 0x89, 0x64, 0x44, 0x0F} },
    { 101, 0xA7, 0, {0xDA, 0xD3, 0x5F, 0x7F, 0xFD, 0xF5, 0x67, 0x3E} },
    { 2, 0xA8, 0, {0xCA, 0xD3, 0xBF, 0x07, 0x89, 0x64, 0x46, 0x0F} },
    { 91, 0x121, 0, {0x8F, 0x02, 0x00, 0x40, 0x36, 0x62, 0x7E, 0xFE} },
    { 4, 0xA8, 0, {0x66, 0xD4, 0xBF, 0x07, 0x89, 0x64, 0x46, 0x0F} },
    { 2, 0xA7, 0, {0xE0, 0xD4, 0x5F, 0x7F, 0xFD, 0xF5, 0x67, 0x3E} },
    { 99, 0xA7, 0, {0x9B, 0xD5, 0x5F, 0x7F, 0xFD, 0xF5, 0x67, 0x3E} },
    { 2, 0xA8, 0, {0x0C, 0xD5, 0xBF, 0x07, 0x89, 0x64, 0x46, 0x0F} },
    { 95, 0x121, 0, {0x7D, 0x03, 0x00, 0x40, 0x36, 0x62, 0x7E, 0xFE} },
    { 2, 0xA7, 0, {0x08, 0xD6, 0x5F, 0x7F, 0xFD, 0xF5, 0x67, 0x3E} },
    { 2, 0xA8, 0, {0x74, 0xD6, 0xBF, 0x07, 0x89, 0x64, 0x4A, 0x0F} },
    { 103, 0xA7, 0, {0x81, 0xD7, 0x5F, 0x7F, 0xFD, 0xF5, 0x67, 0x3E} },
    { 2, 0xA8, 0, {0x45, 0xD7, 0xBF, 0x07, 0x89, 0x64, 0x4C, 0x0F} },
    { 88, 0x121, 0, {0xC0, 0x04, 0x00, 0x40, 0x36, 0x62, 0x7E, 0xFE} },
    { 3, 0x3BE, 0, {0xD7, 0x1D, 0x07, 0x01, 0xA8, 0xC0, 0x08, 0x80} },
    { 2, 0xA7, 0, {0xCC, 0xD8, 0x5F, 0x7F, 0xFD, 0xF5, 0x67, 0x3E} },
    { 2, 0xA8, 0, {0xCF, 0xD8, 0xBF, 0x07, 0x89, 0x64, 0x50, 0x0F} },
    { 99, 0xA7, 0, {0x1C, 0xD9, 0x5F, 0x7F, 0xFD, 0xF5, 0x67, 0x3E} },
    { 2, 0xA8, 0, {0xBD, 0xD9, 0xBF, 0x07, 0x89, 0x64, 0x50, 0x0F} },
    { 94, 0x121, 0, {0xF7, 0x05, 0x00, 0x40, 0x36, 0x62, 0x7E, 0xFE} },
    { 3, 0xA7, 0, {0x1A, 0xDA, 0x5F, 0x7F, 0xFD, 0xF5, 0x67, 0x3E} },
    { 2, 0xA8, 0, {0x56, 0xDA, 0xBF, 0x07, 0x89, 0x64, 0x4E, 0x0F} },
    { 100, 0xA7, 0, {0x74, 0xDB, 0x5F, 0x7F, 0xFD, 0xF5, 0x67, 0x3E} },
    { 2, 0xA8, 0, {0x87, 0xDB, 0xBF, 0x07, 0x89, 0x64, 0x4C, 0x0F} },
    { 92, 0x121, 0, {0xF0, 0x06, 0x00, 0x40, 0x36, 0x62, 0x7E, 0xFE} },
    { 5, 0xA7, 0, {0xCB, 0xDC, 0x5F, 0x7F, 0xFD, 0xF5, 0x67, 0x3E} },
    { 2, 0xA8, 0, {0x99, 0xDC, 0xBF, 0x07, 0x89, 0x64, 0x4C, 0x0F} },
    { 99, 0xA7, 0, {0x3B, 0xDD, 0x5F, 0x7F, 0xFD, 0xF5, 0x67, 0x3E} },
    { 2, 0xA8, 0, {0x8A, 0xDD, 0xBF, 0x07, 0x89, 0x64, 0x4C, 0x0F} },
    { 94, 0x121, 0, {0xA3, 0x07, 0x00, 0x40, 0x36, 0x62, 0x7E, 0xFE} },
    { 2, 0xA7, 0, {0xB0, 0xDE, 0x5F, 0x7F, 0xFD, 0xF5, 0x67, 0x3E} },
    { 2, 0xA8, 0, {0x1C, 0xDE, 0xBF, 0x07, 0x89, 0x64, 0x4A, 0x0F} },
    { 101, 0xA7, 0, {0x6E, 0xDF, 0x5F, 0x7F, 0xFD, 0xF5, 0x67, 0x3E} },
    { 2, 0xA8, 0, {0x93, 0xDF, 0xBF, 0x07, 0x89, 0x64, 0x4A, 0x0F} },
    { 90, 0x121, 0, {0x60, 0x08, 0x00, 0x40, 0x36, 0x62, 0x7E, 0xFE} },
    { 3, 0xA8, 0, {0xE7, 0xD0, 0xBF, 0x07, 0x89, 0x64, 0x48, 0x0F} },
    { 3, 0xA7, 0, {0xA7, 0xD0, 0x5F, 0x7F, 0xFD, 0xF5, 0x67, 0x3E} },
    { 25, 0x641, 0, {0x51, 0x18, 0x21, 0x4F, 0x13, 0x0A, 0x55, 0x92} },
    { 79, 0xA7, 0, {0x2F, 0xD1, 0x5F, 0x7F, 0xFD, 0xF5, 0x67, 0x3E} },
    { 3, 0xA8, 0, {0xD5, 0xD1, 0xBF, 0x07, 0x89, 0x64, 0x44, 0x0F} },
    { 88, 0x121, 0, {0x9F, 0x09, 0x00, 0x40, 0x36, 0x62, 0x7E, 0xFE} },
    { 2, 0x3BE, 0, {0xC8, 0x1E, 0x07, 0x01, 0xA8, 0xC0, 0x08, 0x80} },
    { 2, 0xA7, 0, {0x5B, 0xD2, 0x5F, 0x7F, 0xFD, 0xF5, 0x67, 0x3E} },
    { 3, 0xA8, 0, {0xB7, 0xD2, 0xBF, 0x07, 0x89, 0x64, 0x3C, 0x0F} },
    { 67, 0x1B000076, 1, {0x76, 0x00, 0x04, 0x01, 0x01, 0x00, 0x00, 0x00} },
    { 28, 0xA7, 0, {0xDA, 0xD3, 0x5F, 0x7F, 0xFD, 0xF5, 0x67, 0x3E} },
    { 2, 0xA8, 0, {0x34, 0xD3, 0xBF, 0x07, 0x89, 0x64, 0x36, 0x0F} },
    { 96, 0x121, 0, {0xFA, 0x0A, 0x00, 0x40, 0x36, 0x62, 0x7E, 0xFE} },
    { 5, 0xA8, 0, {0x84, 0xD4, 0xBF, 0x07, 0x89, 0x64, 0x34, 0x0F} },
    { 2, 0xA7, 0, {0xE0, 0xD4, 0x5F, 0x7F, 0xFD, 0xF5, 0x67, 0x3E} },
    { 98, 0xA7, 0, {0x9B, 0xD5, 0x5F, 0x7F, 0xFD, 0xF5, 0x67, 0x3E} },
    { 3, 0xA8, 0, {0xCA, 0xD5, 0xBF, 0x07, 0x89, 0x64, 0x32, 0x0F} },
    { 91, 0x121, 0, {0x51, 0x0B, 0x00, 0x40, 0x36, 0x62, 0x7E, 0xFE} },
    { 2, 0xA7, 0, {0x08, 0xD6, 0x5F, 0x7F, 0xFD, 0xF5, 0x67, 0x3E} },
    { 2, 0xA8, 0, {0x96, 0xD6, 0xBF, 0x07, 0x89, 0x64, 0x38, 0x0F} },
    { 99, 0xA7, 0, {0x81, 0xD7, 0x5F, 0x7F, 0xFD, 0xF5, 0x67, 0x3E} },
    { 2, 0xA8, 0, {0x9F, 0xD7, 0xBF, 0x07, 0x89, 0x64, 0x3A, 0x0F} },
    { 96, 0x121, 0, {0x94, 0x0C, 0x00, 0x40, 0x36, 0x62, 0x7E, 0xFE} },
    { 3, 0xA8, 0, {0xA1, 0xD8, 0xBF, 0x07, 0x89, 0x64, 0x38, 0x0F} },
    { 2, 0xA7, 0, {0xCC, 0xD8, 0x5F, 0x7F, 0xFD, 0xF5, 0x67, 0x3E} },
    { 100, 0xA7, 0, {0x1C, 0xD9, 0x5F, 0x7F, 0xFD, 0xF5, 0x67, 0x3E} },
    { 3, 0xA8, 0, {0x87, 0xD9, 0xBF, 0x07, 0x89, 0x64, 0x36, 0x0F} },
    { 92, 0x121, 0, {0x87, 0x0D, 0x00, 0x40, 0x36, 0x62, 0x7E, 0xFE} },
    { 4, 0xA7, 0, {0x1A, 0xDA, 0x5F, 0x7F, 0xFD, 0xF5, 0x67, 0x3E} },
    { 3, 0xA8, 0, {0xD8, 0xDA, 0xBF, 0x07, 0x89, 0x64, 0x36, 0x0F} },
    { 11, 0x640, 0, {0x02, 0x81, 0x70, 0xB7, 0x76, 0x20, 0x03, 0x28} },
    { 86, 0xA7, 0, {0x74, 0xDB, 0x5F, 0x7F, 0xFD, 0xF5, 0x67, 0x3E} },
    { 2, 0xA8, 0, {0x41, 0xDB, 0xBF, 0x07, 0x89, 0x64, 0x38, 0x0F} },
    { 94, 0x121, 0, {0x14, 0x0E, 0x00, 0x40, 0x36, 0x62, 0x7E, 0xFE} },
    { 2, 0x3BE, 0, {0xC5, 0x1F, 0x07, 0x01, 0xA8, 0xC0, 0x08, 0x80} },
    { 2, 0xA8, 0, {0x67, 0xDC, 0xBF, 0x07, 0x89, 0x64, 0x3C, 0x0F} },
    { 3, 0xA7, 0, {0xCB, 0xDC, 0x5F, 0x7F, 0xFD, 0xF5, 0x67, 0x3E} },
    { 98, 0xA7, 0, {0x3B, 0xDD, 0x5F, 0x7F, 0xFD, 0xF5, 0x67, 0x3E} },
    { 3, 0xA8, 0, {0x74, 0xDD, 0xBF, 0x07, 0x89, 0x64, 0x3C, 0x0F} },
    { 92, 0x121, 0, {0xA2, 0x0F, 0x00, 0x40, 0x36, 0x62, 0x7E, 0xFE} },
    { 2, 0xA7, 0, {0xB0, 0xDE, 0x5F, 0x7F, 0xFD, 0xF5, 0x67, 0x3E} },
    { 2, 0xA8, 0, {0xE2, 0xDE, 0xBF, 0x07, 0x89, 0x64, 0x3A, 0x0F} },
    { 97, 0xA7, 0, {0x6E, 0xDF, 0x5F, 0x7F, 0xFD, 0xF5, 0x67, 0x3E} },
    { 2, 0xA8, 0, {0x49, 0xDF, 0xBF, 0x07, 0x89, 0x64, 0x3C, 0x0F} },
    { 96, 0x121, 0, {0x6C, 0x00, 0x00, 0x40, 0x36, 0x62, 0x7E, 0xFE} },
    { 6, 0xA7, 0, {0xA7, 0xD0, 0x5F, 0x7F, 0xFD, 0xF5, 0x67, 0x3E} },
    { 2, 0xA8, 0, {0x21, 0xD0, 0xBF, 0x07, 0x89, 0x64, 0x3C, 0x0F} },
    { 100, 0xA7, 0, {0x2F, 0xD1, 0x5F, 0x7F, 0xFD, 0xF5, 0x67, 0x3E} },
    { 2, 0xA8, 0, {0x47, 0xD1, 0xBF, 0x07, 0x89, 0x64, 0x3E, 0x0F} },
    { 91, 0x121, 0, {0x00, 0x01, 0x00, 0x40, 0x36, 0x62, 0x7E, 0xFE} },
    { 3, 0xA7, 0, {0x5B, 0xD2, 0x5F, 0x7F, 0xFD, 0xF5, 0x67, 0x3E} },
    { 2, 0xA8, 0, {0x01, 0xD2, 0xBF, 0x07, 0x89, 0x64, 0x40, 0x0F} },
    { 97, 0xA7, 0, {0xDA, 0xD3, 0x5F, 0x7F, 0xFD, 0xF5, 0x67, 0x3E} },
    { 2, 0xA8, 0, {0xEE, 0xD3, 0xBF, 0x07, 0x89, 0x64, 0x40, 0x0F} },
    { 96, 0x121, 0, {0x8F, 0x02, 0x00, 0x40, 0x36, 0x62, 0x7E, 0xFE} },
    { 2, 0xA8, 0, {0xE8, 0xD4, 0xBF, 0x07, 0x89, 0x64, 0x3E, 0x0F} },
    { 2, 0xA7, 0, {0xE0, 0xD4, 0x5F, 0x7F, 0xFD, 0xF5, 0x67, 0x3E} },
    { 104, 0xA7, 0, {0x9B, 0xD5, 0x5F, 0x7F, 0xFD, 0xF5, 0x67, 0x3E} },
    { 2, 0xA8, 0, {0x82, 0xD5, 0xBF, 0x07, 0x89, 0x64, 0x3E, 0x0F} },
    { 89, 0x121, 0, {0x7D, 0x03, 0x00, 0x40, 0x36, 0x62, 0x7E, 0xFE} },
    { 3, 0x3BE, 0, {0x7C, 0x10, 0x07, 0x01, 0xA8, 0xC0, 0x08, 0x80} },
    { 2, 0xA7, 0, {0x08, 0xD6, 0x5F, 0x7F, 0xFD, 0xF5, 0x67, 0x3E} },
    { 3, 0xA8, 0, {0xAE, 0xD6, 0xBF, 0x07, 0x89, 0x64, 0x3C, 0x0F} },
    { 67, 0x1B000076, 1, {0x76, 0x00, 0x04, 0x01, 0x01, 0x00, 0x00, 0x00} },
    { 28, 0xA7, 0, {0x81, 0xD7, 0x5F, 0x7F, 0xFD, 0xF5, 0x67, 0x3E} },
    { 2, 0xA8, 0, {0x83, 0xD7, 0xBF, 0x07, 0x89, 0x64, 0x38, 0x0F} },
    { 96, 0x121, 0, {0xC0, 0x04, 0x00, 0x40, 0x36, 0x62, 0x7E, 0xFE} },
    { 5, 0xA8, 0, {0xF5, 0xD8, 0xBF, 0x07, 0x89, 0x64, 0x36, 0x0F} },
    { 2, 0xA7, 0, {0xCC, 0xD8, 0x5F, 0x7F, 0xFD, 0xF5, 0x67, 0x3E} },
    { 97, 0xA7, 0, {0x1C, 0xD9, 0x5F, 0x7F, 0xFD, 0xF5, 0x67, 0x3E} },
    { 2, 0xA8, 0, {0xA3, 0xD9, 0xBF, 0x07, 0x89, 0x64, 0x30, 0x0F} },
    { 94, 0x121, 0, {0xF7, 0x05, 0x00, 0x40, 0x36, 0x62, 0x7E, 0xFE} },
    { 3, 0xA7, 0, {0x1A, 0xDA, 0x5F, 0x7F, 0xFD, 0xF5, 0x67, 0x3E} },
    { 2, 0xA8, 0, {0x48, 0xDA, 0xBF, 0x07, 0x89, 0x64, 0x2E, 0x0F} },
    { 98, 0xA7, 0, {0x74, 0xDB, 0x5F, 0x7F, 0xFD, 0xF5, 0x67, 0x3E} },
    { 3, 0xA8, 0, {0x85, 0xDB, 0xBF, 0x07, 0x89, 0x64, 0x2E, 0x0F} },
    { 99, 0x121, 0, {0xF0, 0x06, 0x00, 0x40, 0x36, 0x62, 0x7E, 0xFE} },
    { 3, 0xA8, 0, {0x9B, 0xDC, 0xBF, 0x07, 0x89, 0x64, 0x2E, 0x0F} },
    { 2, 0xA7, 0, {0xCB, 0xDC, 0x5F, 0x7F, 0xFD, 0xF5, 0x67, 0x3E} },
    { 93, 0xA7, 0, {0x3B, 0xDD, 0x5F, 0x7F, 0xFD, 0xF5, 0x67, 0x3E} },
    { 2, 0xA8, 0, {0x3C, 0xDD, 0xBF, 0x07, 0x89, 0x64, 0x30, 0x0F} },
    { 96, 0x121, 0, {0xA3, 0x07, 0x00, 0x40, 0x36, 0x62, 0x7E, 0xFE} },
    { 3, 0xA7, 0, {0xB0, 0xDE, 0x5F, 0x7F, 0xFD, 0xF5, 0x67, 0x3E} },
    { 2, 0xA8, 0, {0x8E, 0xDE, 0xBF, 0x07, 0x89, 0x64, 0x30, 0x0F} },
    { 100, 0xA7, 0, {0x6E, 0xDF, 0x5F, 0x7F, 0xFD, 0xF5, 0x67, 0x3E} },
    { 2, 0xA8, 0, {0xB5, 0xDF, 0xBF, 0x07, 0x89, 0x64, 0x2E, 0x0F} },
    { 97, 0x121, 0, {0x60, 0x08, 0x00, 0x40, 0x36, 0x62, 0x7E, 0xFE} },
    { 2, 0x3BE, 0, {0x08, 0x11, 0x07, 0x01, 0xA8, 0xC0, 0x08, 0x80} },
    { 2, 0xA7, 0, {0xA7, 0xD0, 0x5F, 0x7F, 0xFD, 0xF5, 0x67, 0x3E} },
    { 3, 0xA8, 0, {0xE5, 0xD0, 0xBF, 0x07, 0x89, 0x64, 0x2A, 0x0F} },
    { 90, 0xA7, 0, {0x9E, 0xD1, 0x5F, 0x7F, 0xFD, 0xF9, 0x67, 0x3E} },
    { 3, 0xA8, 0, {0xD7, 0xD1, 0xBF, 0x07, 0x89, 0x64, 0x26, 0x0F} },
    { 98, 0x121, 0, {0x9F, 0x09, 0x00, 0x40, 0x36, 0x62, 0x7E, 0xFE} },
    { 2, 0xA7, 0, {0xEA, 0xD2, 0x5F, 0x7F, 0xFD, 0xF9, 0x67, 0x3E} },
    { 3, 0xA8, 0, {0x3B, 0xD2, 0xBF, 0x07, 0x89, 0x64, 0x26, 0x0F} },
    { 95, 0xA7, 0, {0x6B, 0xD3, 0x5F, 0x7F, 0xFD, 0xF9, 0x67, 0x3E} },
    { 2, 0xA8, 0, {0x9C, 0xD3, 0xBF, 0x07, 0x89, 0x64, 0x2A, 0x0F} },
    { 99, 0x121, 0, {0xFA, 0x0A, 0x00, 0x40, 0x36, 0x62, 0x7E, 0xFE} },
    { 6, 0xA8, 0, {0x14, 0xD4, 0xBF, 0x07, 0x89, 0x64, 0x2C, 0x0F} },
    { 2, 0xA7, 0, {0x51, 0xD4, 0x5F, 0x7F, 0xFD, 0xF9, 0x67, 0x3E} },
    { 90, 0xA7, 0, {0x2A, 0xD5, 0x5F, 0x7F, 0xFD, 0xF9, 0x67, 0x3E} },
    { 3, 0xA8, 0, {0x7E, 0xD5, 0xBF, 0x07, 0x89, 0x64, 0x2C, 0x0F} },
    { 99, 0x121, 0, {0x51, 0x0B, 0x00, 0x40, 0x36, 0x62, 0x7E, 0xFE} },
    { 3, 0xA7, 0, {0xB9, 0xD6, 0x5F, 0x7F, 0xFD, 0xF9, 0x67, 0x3E} },
    { 2, 0xA8, 0, {0x4E, 0xD6, 0xBF, 0x07, 0x89, 0x64, 0x2C, 0x0F} },
    { 93, 0xA7, 0, {0x30, 0xD7, 0x5F, 0x7F, 0xFD, 0xF9, 0x67, 0x3E} },
    { 2, 0xA8, 0, {0x47, 0xD7, 0xBF, 0x07, 0x89, 0x64, 0x2E, 0x0F} },
    { 95, 0x121, 0, {0x94, 0x0C, 0x00, 0x40, 0x36, 0x62, 0x7E, 0xFE} },
    { 3, 0xA8, 0, {0xD1, 0xD8, 0xBF, 0x07, 0x89, 0x64, 0x30, 0x0F} },
    { 2, 0xA7, 0, {0x7D, 0xD8, 0x5F, 0x7F, 0xFD, 0xF9, 0x67, 0x3E} },
    { 101, 0xA7, 0, {0xAD, 0xD9, 0x5F, 0x7F, 0xFD, 0xF9, 0x67, 0x3E} },
    { 2, 0xA8, 0, {0xBF, 0xD9, 0xBF, 0x07, 0x89, 0x64, 0x32, 0x0F} },
    { 96, 0x121, 0, {0x87, 0x0D, 0x00, 0x40, 0x36, 0x62, 0x7E, 0xFE} },
    { 2, 0x3BE, 0, {0x67, 0x12, 0x07, 0x01, 0xA8, 0xC0, 0x08, 0x80} },
    { 2, 0xA7, 0, {0xAB, 0xDA, 0x5F, 0x7F, 0xFD, 0xF9, 0x67, 0x3E} },
    { 3, 0xA8, 0, {0x8C, 0xDA, 0xBF, 0x07, 0x89, 0x64, 0x38, 0x0F} },
    { 64, 0x1B000076, 1, {0x76, 0x00, 0x04, 0x01, 0x01, 0x00, 0x00, 0x00} },
    { 27, 0xA7, 0, {0xC5, 0xDB, 0x5F, 0x7F, 0xFD, 0xF9, 0x67, 0x3E} },
    { 3, 0xA8, 0, {0x5D, 0xDB, 0xBF, 0x07, 0x89, 0x64, 0x3A, 0x0F} },
    { 96, 0x121, 0, {0x14, 0x0E, 0x00, 0x40, 0x36, 0x62, 0x7E, 0xFE} },
    { 5, 0xA8, 0, {0x67, 0xDC, 0xBF, 0x07, 0x89, 0x64, 0x3C, 0x0F} },
    { 2, 0xA7, 0, {0x7A, 0xDC, 0x5F, 0x7F, 0xFD, 0xF9, 0x67, 0x3E} },
    { 95, 0xA7, 0, {0x3B, 0xDD, 0x5F, 0x7F, 0xFD, 0xF5, 0x67, 0x3E} },
    { 2, 0xA8, 0, {0x68, 0xDD, 0xBF, 0x07, 0x89, 0x64, 0x3E, 0x0F} },
    { 98, 0x121, 0, {0xA2, 0x0F, 0x00, 0x40, 0x36, 0x62, 0x7E, 0xFE} },
    { 3, 0xA7, 0, {0x79, 0xEE, 0x5F, 0x7F, 0xFD, 0xF5, 0x67, 0x3E} },
    { 2, 0xA8, 0, {0xDA, 0xDE, 0xBF, 0x07, 0x89, 0x64, 0x3E, 0x0F} },
    { 97, 0xA7, 0, {0xA7, 0xEF, 0x5F, 0x7F, 0xFD, 0xF5, 0x67, 0x3E} },
    { 2, 0xA8, 0, {0xE3, 0xDF, 0xBF, 0x07, 0x89, 0x64, 0x42, 0x0F} },
    { 94, 0x121, 0, {0x6C, 0x00, 0x00, 0x40, 0x36, 0x62, 0x7E, 0xFE} },
    { 2, 0xA8, 0, {0xB3, 0xD0, 0xBF, 0x07, 0x89, 0x64, 0x46, 0x0F} },
    { 3, 0xA7, 0, {0x6E, 0xE0, 0x5F, 0x7F, 0xFD, 0xF5, 0x67, 0x3E} },
    { 97, 0xA7, 0, {0xE6, 0xE1, 0x5F, 0x7F, 0xFD, 0xF5, 0x67, 0x3E} },
    { 2, 0xA8, 0, {0x9D, 0xD1, 0xBF, 0x07, 0x89, 0x64, 0x48, 0x0F} },
    { 98, 0x121, 0, {0x00, 0x01, 0x00, 0x40, 0x36, 0x62, 0x7E, 0xFE} },
    { 3, 0xA7, 0, {0x5B, 0xD2, 0x5F, 0x7F, 0xFD, 0xF5, 0x67, 0x3E} },
    { 2, 0xA8, 0, {0x71, 0xD2, 0xBF, 0x07, 0x89, 0x64, 0x48, 0x0F} },
    { 97, 0xA7, 0, {0xDA, 0xD3, 0x5F, 0x7F, 0xFD, 0xF5, 0x67, 0x3E} },
    { 3, 0xA8, 0, {0x9E, 0xD3, 0xBF, 0x07, 0x89, 0x64, 0x48, 0x0F} },
    { 92, 0x121, 0, {0x8F, 0x02, 0x00, 0x40, 0x36, 0x62, 0x7E, 0xFE} },
    { 3, 0x3BE, 0, {0x94, 0x13, 0x07, 0x01, 0xA8, 0xC0, 0x08, 0x80} },
    { 2, 0xA7, 0, {0xE0, 0xD4, 0x5F, 0x7F, 0xFD, 0xF5, 0x67, 0x3E} },
    { 2, 0xA8, 0, {0x2E, 0xD4, 0xBF, 0x07, 0x89, 0x64, 0x4A, 0x0F} },
    { 96, 0xA7, 0, {0x9B, 0xD5, 0x5F, 0x7F, 0xFD, 0xF5, 0x67, 0x3E} },
    { 3, 0xA8, 0, {0x60, 0xD5, 0xBF, 0x07, 0x89, 0x64, 0x4C, 0x0F} },
    { 98, 0x121, 0, {0x7D, 0x03, 0x00, 0x40, 0x36, 0x62, 0x7E, 0xFE} },
    { 2, 0xA7, 0, {0x08, 0xD6, 0x5F, 0x7F, 0xFD, 0xF5, 0x67, 0x3E} },
    { 2, 0xA8, 0, {0xF8, 0xD6, 0xBF, 0x07, 0x89, 0x64, 0x50, 0x0F} },
    { 94, 0xA7, 0, {0x81, 0xD7, 0x5F, 0x7F, 0xFD, 0xF5, 0x67, 0x3E} },
    { 2, 0xA8, 0, {0x45, 0xD7, 0xBF, 0x07, 0x89, 0x64, 0x4C, 0x0F} },
    { 97, 0x121, 0, {0xC0, 0x04, 0x00, 0x40, 0x36, 0x62, 0x7E, 0xFE} },
    { 5, 0xA8, 0, {0x5F, 0xD8, 0xBF, 0x07, 0x89, 0x64, 0x48, 0x0F} },
    { 2, 0xA7, 0, {0xCC, 0xD8, 0x5F, 0x7F, 0xFD, 0xF5, 0x67, 0x3E} },
    { 95, 0xA7, 0, {0x1C, 0xD9, 0x5F, 0x7F, 0xFD, 0xF5, 0x67, 0x3E} },
    { 2, 0xA8, 0, {0x65, 0xD9, 0xBF, 0x07, 0x89, 0x64, 0x44, 0x0F} },
    { 98, 0x121, 0, {0xF7, 0x05, 0x00, 0x40, 0x36, 0x62, 0x7E, 0xFE} },
    { 3, 0xA7, 0, {0x1A, 0xDA, 0x5F, 0x7F, 0xFD, 0xF5, 0x67, 0x3E} },
    { 2, 0xA8, 0, {0x1E, 0xDA, 0xBF, 0x07, 0x89, 0x64, 0x42, 0x0F} },
    { 95, 0xA7, 0, {0x74, 0xDB, 0x5F, 0x7F, 0xFD, 0xF5, 0x67, 0x3E} },
    { 2, 0xA8, 0, {0xCF, 0xDB, 0xBF, 0x07, 0x89, 0x64, 0x40, 0x0F} },
    { 95, 0x121, 0, {0xF0, 0x06, 0x00, 0x40, 0x36, 0x62, 0x7E, 0xFE} },
    { 3, 0xA8, 0, {0x7B, 0xDC, 0xBF, 0x07, 0x89, 0x64, 0x3E, 0x0F} },
    { 2, 0xA7, 0, {0xCB, 0xDC, 0x5F, 0x7F, 0xFD, 0xF5, 0x67, 0x3E} },
    { 17, 0x640, 0, {0x02, 0x81, 0x70, 0xB7, 0x76, 0x20, 0x03, 0x28} },
    { 83, 0xA7, 0, {0x3B, 0xDD, 0x5F, 0x7F, 0xFD, 0xF5, 0x67, 0x3E} },
    { 3, 0xA8, 0, {0x68, 0xDD, 0xBF, 0x07, 0x89, 0x64, 0x3E, 0x0F} },
    { 94, 0x121, 0, {0xA3, 0x07, 0x00, 0x40, 0x36, 0x62, 0x7E, 0xFE} },
    { 2, 0x3BE, 0, {0x63, 0x14, 0x07, 0x01, 0xA8, 0xC0, 0x08, 0x80} },
    { 3, 0xA7, 0, {0xB0, 0xDE, 0x5F, 0x7F, 0xFD, 0xF5, 0x67, 0x3E} },
    { 2, 0xA8, 0, {0xFE, 0xDE, 0xBF, 0x07, 0x89, 0x64, 0x38, 0x0F} },
    { 66, 0x1B000076, 1, {0x76, 0x00, 0x04, 0x01, 0x01, 0x00, 0x00, 0x00} },
    { 28, 0xA7, 0, {0x6E, 0xDF, 0x5F, 0x7F, 0xFD, 0xF5, 0x67, 0x3E} },
    { 2, 0xA8, 0, {0x71, 0xDF, 0xBF, 0x07, 0x89, 0x64, 0x38, 0x0F} },
    { 96, 0x121, 0, {0x60, 0x08, 0x00, 0x40, 0x36, 0x62, 0x7E, 0xFE} },
    { 5, 0xA8, 0, {0x05, 0xD0, 0xBF, 0x07, 0x89, 0x64, 0x3A, 0x0F} },
    { 2, 0xA7, 0, {0xA7, 0xD0, 0x5F, 0x7F, 0xFD, 0xF5, 0x67, 0x3E} },
    { 95, 0xA7, 0, {0x9E, 0xD1, 0x5F, 0x7F, 0xFD, 0xF9, 0x67, 0x3E} },
    { 3, 0xA8, 0, {0x5B, 0xD1, 0xBF, 0x07, 0x89, 0x64, 0x3C, 0x0F} },
    { 95, 0x121, 0, {0x9F, 0x09, 0x00, 0x40, 0x36, 0x62, 0x7E, 0xFE} },
    { 2, 0xA7, 0, {0xEA, 0xD2, 0x5F, 0x7F, 0xFD, 0xF9, 0x67, 0x3E} },
    { 3, 0xA8, 0, {0x01, 0xD2, 0xBF, 0x07, 0x89, 0x64, 0x40, 0x0F} },
    { 98, 0xA7, 0, {0x6B, 0xD3, 0x5F, 0x7F, 0xFD, 0xF9, 0x67, 0x3E} },
    { 3, 0xA8, 0, {0xCA, 0xD3, 0xBF, 0x07, 0x89, 0x64, 0x46, 0x0F} },
    { 97, 0x121, 0, {0xFA, 0x0A, 0x00, 0x40, 0x36, 0x62, 0x7E, 0xFE} },
    { 2, 0xA7, 0, {0x51, 0xD4, 0x5F, 0x7F, 0xFD, 0xF9, 0x67, 0x3E} },
    { 3, 0xA8, 0, {0x32, 0xD4, 0xBF, 0x07, 0x89, 0x64, 0x48, 0x0F} },
    { 99, 0xA7, 0, {0x9B, 0xD5, 0x5F, 0x7F, 0xFD, 0xF5, 0x67, 0x3E} },
    { 3, 0xA8, 0, {0x0C, 0xD5, 0xBF, 0x07, 0x89, 0x64, 0x46, 0x0F} },
    { 89, 0x121, 0, {0x51, 0x0B, 0x00, 0x40, 0x36, 0x62, 0x7E, 0xFE} },
    { 2, 0xA7, 0, {0x08, 0xD6, 0x5F, 0x7F, 0xFD, 0xF5, 0x67, 0x3E} },
    { 2, 0xA8, 0, {0x68, 0xD6, 0xBF, 0x07, 0x89, 0x64, 0x48, 0x0F} },
    { 104, 0xA7, 0, {0x81, 0xD7, 0x5F, 0x7F, 0xFD, 0xF5, 0x67, 0x3E} },
    { 2, 0xA8, 0, {0x7D, 0xD7, 0xBF, 0x07, 0x89, 0x64, 0x48, 0x0F} },
    { 92, 0x121, 0, {0x94, 0x0C, 0x00, 0x40, 0x36, 0x62, 0x7E, 0xFE} },
    { 3, 0x3BE, 0, {0x1C, 0x15, 0x07, 0x01, 0xA8, 0xC0, 0x08, 0x80} },
    { 2, 0xA8, 0, {0x5F, 0xD8, 0xBF, 0x07, 0x89, 0x64, 0x48, 0x0F} },
    { 3, 0xA7, 0, {0xCC, 0xD8, 0x5F, 0x7F, 0xFD, 0xF5, 0x67, 0x3E} },
    { 98, 0xA7, 0, {0x1C, 0xD9, 0x5F, 0x7F, 0xFD, 0xF5, 0x67, 0x3E} },
    { 2, 0xA8, 0, {0x31, 0xD9, 0xBF, 0x07, 0x89, 0x64, 0x4A, 0x0F} },
    { 91, 0x121, 0, {0x87, 0x0D, 0x00, 0x40, 0x36, 0x62, 0x7E, 0xFE} },
    { 2, 0xA7, 0, {0x1A, 0xDA, 0x5F, 0x7F, 0xFD, 0xF5, 0x67, 0x3E} },
    { 2, 0xA8, 0, {0x6E, 0xDA, 0xBF, 0x07, 0x89, 0x64, 0x4A, 0x0F} },
    { 100, 0xA7, 0, {0x74, 0xDB, 0x5F, 0x7F, 0xFD, 0xF5, 0x67, 0x3E} },
    { 3, 0xA8, 0, {0xEB, 0xDB, 0xBF, 0x07, 0x89, 0x64, 0x46, 0x0F} },
    { 95, 0x121, 0, {0x14, 0x0E, 0x00, 0x40, 0x36, 0x62, 0x7E, 0xFE} },
    { 4, 0xA7, 0, {0xCB, 0xDC, 0x5F, 0x7F, 0xFD, 0xF5, 0x67, 0x3E} },
    { 3, 0xA8, 0, {0xD1, 0xDC, 0xBF, 0x07, 0x89, 0x64, 0x40, 0x0F} },
    { 98, 0xA7, 0, {0x3B, 0xDD, 0x5F, 0x7F, 0xFD, 0xF5, 0x67, 0x3E} },
    { 3, 0xA8, 0, {0x74, 0xDD, 0xBF, 0x07, 0x89, 0x64, 0x3C, 0x0F} },
    { 90, 0x121, 0, {0xA2, 0x0F, 0x00, 0x40, 0x36, 0x62, 0x7E, 0xFE} },
    { 3, 0xA7, 0, {0xB0, 0xDE, 0x5F, 0x7F, 0xFD, 0xF5, 0x67, 0x3E} },
    { 2, 0xA8, 0, {0xE2, 0xDE, 0xBF, 0x07, 0x89, 0x64, 0x3A, 0x0F} },
    { 101, 0xA7, 0, {0x6E, 0xDF, 0x5F, 0x7F, 0xFD, 0xF5, 0x67, 0x3E} },
    { 2, 0xA8, 0, {0x6D, 0xDF, 0xBF, 0x07, 0x89, 0x64, 0x3A, 0x0F} },
    { 92, 0x121, 0, {0x6C, 0x00, 0x00, 0x40, 0x36, 0x62, 0x7E, 0xFE} },
    { 4, 0xA8, 0, {0x97, 0xD0, 0xBF, 0x07, 0x89, 0x64, 0x40, 0x0F} },
    { 2, 0xA7, 0, {0xA7, 0xD0, 0x5F, 0x7F, 0xFD, 0xF5, 0x67, 0x3E} },
    { 98, 0xA8, 0, {0x47, 0xD1, 0xBF, 0x07, 0x89, 0x64, 0x3E, 0x0F} },
    { 3, 0xA7, 0, {0x2F, 0xD1, 0x5F, 0x7F, 0xFD, 0xF5, 0x67, 0x3E} },
    { 92, 0x121, 0, {0x00, 0x01, 0x00, 0x40, 0x36, 0x62, 0x7E, 0xFE} },
    { 3, 0x3BE, 0, {0x01, 0x16, 0x07, 0x01, 0xA8, 0xC0, 0x08, 0x80} },
    { 2, 0xA7, 0, {0x5B, 0xD2, 0x5F, 0x7F, 0xFD, 0xF5, 0x67, 0x3E} },
    { 3, 0xA8, 0, {0xB7, 0xD2, 0xBF, 0x07, 0x89, 0x64, 0x3C, 0x0F} },
    { 67, 0x1B000076, 1, {0x76, 0x00, 0x04, 0x01, 0x01, 0x00, 0x00, 0x00} },
    { 31, 0xA7, 0, {0xDA, 0xD3, 0x5F, 0x7F, 0xFD, 0xF5, 0x67, 0x3E} },
    { 3, 0xA8, 0, {0x7C, 0xD3, 0xBF, 0x07, 0x89, 0x64, 0x3A, 0x0F} },
    { 92, 0x121, 0, {0x8F, 0x02, 0x00, 0x40, 0x36, 0x62, 0x7E, 0xFE} },
    { 5, 0xA8, 0, {0xD0, 0xD4, 0xBF, 0x07, 0x89, 0x64, 0x3A, 0x0F} },
    { 2, 0xA7, 0, {0xE0, 0xD4, 0x5F, 0x7F, 0xFD, 0xF5, 0x67, 0x3E} },
    { 95, 0xA7, 0, {0x9B, 0xD5, 0x5F, 0x7F, 0xFD, 0xF5, 0x67, 0x3E} },
    { 2, 0xA8, 0, {0xBA, 0xD5, 0xBF, 0x07, 0x89, 0x64, 0x3A, 0x0F} },
    { 96, 0x121, 0, {0x7D, 0x03, 0x00, 0x40, 0x36, 0x62, 0x7E, 0xFE} },
    { 2, 0xA7, 0, {0x08, 0xD6, 0x5F, 0x7F, 0xFD, 0xF5, 0x67, 0x3E} },
    { 2, 0xA8, 0, {0xAE, 0xD6, 0xBF, 0x07, 0x89, 0x64, 0x3C, 0x0F} },
    { 102, 0xA7, 0, {0x81, 0xD7, 0x5F, 0x7F, 0xFD, 0xF5, 0x67, 0x3E} },
    { 2, 0xA8, 0, {0xBB, 0xD7, 0xBF, 0x07, 0x89, 0x64, 0x3C, 0x0F} },
    { 92, 0x121, 0, {0xC0, 0x04, 0x00, 0x40, 0x36, 0x62, 0x7E, 0xFE} },
    { 3, 0xA8, 0, {0x2F, 0xD8, 0xBF, 0x07, 0x89, 0x64, 0x40, 0x0F} },
    { 2, 0xA7, 0, {0xCC, 0xD8, 0x5F, 0x7F, 0xFD, 0xF5, 0x67, 0x3E} },
    { 97, 0xA7, 0, {0x1C, 0xD9, 0x5F, 0x7F, 0xFD, 0xF5, 0x67, 0x3E} },
    { 3, 0xA8, 0, {0x41, 0xD9, 0xBF, 0x07, 0x89, 0x64, 0x42, 0x0F} },
    { 94, 0x121, 0, {0xF7, 0x05, 0x00, 0x40, 0x36, 0x62, 0x7E, 0xFE} },
    { 2, 0xA7, 0, {0x1A, 0xDA, 0x5F, 0x7F, 0xFD, 0xF5, 0x67, 0x3E} },
    { 3, 0xA8, 0, {0x26, 0xDA, 0xBF, 0x07, 0x89, 0x64, 0x46, 0x0F} },
    { 104, 0xA7, 0, {0x74, 0xDB, 0x5F, 0x7F, 0xFD, 0xF5, 0x67, 0x3E} },
    { 2, 0xA8, 0, {0x87, 0xDB, 0xBF, 0x07, 0x89, 0x64, 0x4C, 0x0F} },
    { 90, 0x121, 0, {0xF0, 0x06, 0x00, 0x40, 0x36, 0x62, 0x7E, 0xFE} },
    { 2, 0x3BE, 0, {0x8D, 0x17, 0x07, 0x01, 0xA8, 0xC0, 0x08, 0x80} },
    { 3, 0xA8, 0, {0x99, 0xDC, 0xBF, 0x07, 0x89, 0x64, 0x4C, 0x0F} },
    { 2, 0xA7, 0, {0xCB, 0xDC, 0x5F, 0x7F, 0xFD, 0xF5, 0x67, 0x3E} },
    { 95, 0xA7, 0, {0x3B, 0xDD, 0x5F, 0x7F, 0xFD, 0xF5, 0x67, 0x3E} },
    { 3, 0xA8, 0, {0x8A, 0xDD, 0xBF, 0x07, 0x89, 0x64, 0x4C, 0x0F} },
    { 95, 0x121, 0, {0xA3, 0x07, 0x00, 0x40, 0x36, 0x62, 0x7E, 0xFE} },
    { 2, 0xA7, 0, {0xB0, 0xDE, 0x5F, 0x7F, 0xFD, 0xF5, 0x67, 0x3E} },
    { 2, 0xA8, 0, {0x1C, 0xDE, 0xBF, 0x07, 0x89, 0x64, 0x4A, 0x0F} },
    { 102, 0xA7, 0, {0x6E, 0xDF, 0x5F, 0x7F, 0xFD, 0xF5, 0x67, 0x3E} },
    { 2, 0xA8, 0, {0xB7, 0xDF, 0xBF, 0x07, 0x89, 0x64, 0x4C, 0x0F} },
    { 92, 0x121, 0, {0x60, 0x08, 0x00, 0x40, 0x36, 0x62, 0x7E, 0xFE} },
    { 5, 0xA7, 0, {0xA7, 0xD0, 0x5F, 0x7F, 0xFD, 0xF5, 0x67, 0x3E} },
    { 2, 0xA8, 0, {0xDF, 0xD0, 0xBF, 0x07, 0x89, 0x64, 0x4C, 0x0F} },
    { 95, 0xA7, 0, {0x2F, 0xD1, 0x5F, 0x7F, 0xFD, 0xF5, 0x67, 0x3E} },
    { 3, 0xA8, 0, {0xA5, 0xD1, 0xBF, 0x07, 0x89, 0x64, 0x4C, 0x0F} },
    { 96, 0x121, 0, {0x9F, 0x09, 0x00, 0x40, 0x36, 0x62, 0x7E, 0xFE} },
    { 2, 0xA7, 0, {0x5B, 0xD2, 0x5F, 0x7F, 0xFD, 0xF5, 0x67, 0x3E} },
    { 2, 0xA8, 0, {0x6D, 0xD2, 0xBF, 0x07, 0x89, 0x64, 0x4A, 0x0F} },
    { 101, 0xA7, 0, {0xDA, 0xD3, 0x5F, 0x7F, 0xFD, 0xF5, 0x67, 0x3E} },
    { 2, 0xA8, 0, {0xCA, 0xD3, 0xBF, 0x07, 0x89, 0x64, 0x46, 0x0F} },
    { 91, 0x121, 0, {0xFA, 0x0A, 0x00, 0x40, 0x36, 0x62, 0x7E, 0xFE} },
    { 3, 0xA8, 0, {0x66, 0xD4, 0xBF, 0x07, 0x89, 0x64, 0x46, 0x0F} },
    { 3, 0xA7, 0, {0xE0, 0xD4, 0x5F, 0x7F, 0xFD, 0xF5, 0x67, 0x3E} },
    { 23, 0x641, 0, {0x35, 0x19, 0x21, 0x4F, 0x13, 0x0A, 0x55, 0x92} },
    { 77, 0xA7, 0, {0x9B, 0xD5, 0x5F, 0x7F, 0xFD, 0xF5, 0x67, 0x3E} },
    { 2, 0xA8, 0, {0x0C, 0xD5, 0xBF, 0x07, 0x89, 0x64, 0x46, 0x0F} },
    { 93, 0x121, 0, {0x51, 0x0B, 0x00, 0x40, 0x36, 0x62, 0x7E, 0xFE} },
    { 2, 0x3BE, 0, {0x77, 0x18, 0x07, 0x01, 0xA8, 0xC0, 0x08, 0x80} },
    { 2, 0xA7, 0, {0x08, 0xD6, 0x5F, 0x7F, 0xFD, 0xF5, 0x67, 0x3E} },
    { 2, 0xA8, 0, {0x68, 0xD6, 0xBF, 0x07, 0x89, 0x64, 0x48, 0x0F} },
    { 68, 0x1B000076, 1, {0x76, 0x00, 0x04, 0x01, 0x01, 0x00, 0x00, 0x00} },
    { 30, 0xA7, 0, {0x81, 0xD7, 0x5F, 0x7F, 0xFD, 0xF5, 0x67, 0x3E} },
    { 3, 0xA8, 0, {0x61, 0xD7, 0xBF, 0x07, 0x89, 0x64, 0x4A, 0x0F} },
    { 93, 0x121, 0, {0x94, 0x0C, 0x00, 0x40, 0x36, 0x62, 0x7E, 0xFE} },
    { 5, 0xA8, 0, {0xCF, 0xD8, 0xBF, 0x07, 0x89, 0x64, 0x50, 0x0F} },
    { 2, 0xA7, 0, {0xCC, 0xD8, 0x5F, 0x7F, 0xFD, 0xF5, 0x67, 0x3E} },
    { 95, 0xA7, 0, {0x1C, 0xD9, 0x5F, 0x7F, 0xFD, 0xF5, 0x67, 0x3E} },
    { 2, 0xA8, 0, {0xA1, 0xD9, 0xBF, 0x07, 0x89, 0x64, 0x52, 0x0F} },
    { 95, 0x121, 0, {0x87, 0x0D, 0x00, 0x40, 0x36, 0x62, 0x7E, 0xFE} },
    { 2, 0xA7, 0, {0x1A, 0xDA, 0x5F, 0x7F, 0xFD, 0xF5, 0x67, 0x3E} },
    { 3, 0xA8, 0, {0xE2, 0xDA, 0xBF, 0x07, 0x89, 0x64, 0x50, 0x0F} },
    { 99, 0xA7, 0, {0x74, 0xDB, 0x5F, 0x7F, 0xFD, 0xF5, 0x67, 0x3E} },
    { 3, 0xA8, 0, {0x33, 0xDB, 0xBF, 0x07, 0x89, 0x64, 0x52, 0x0F} },
    { 94, 0x121, 0, {0x14, 0x0E, 0x00, 0x40, 0x36, 0x62, 0x7E, 0xFE} },
    { 3, 0xA8, 0, {0x09, 0xDC, 0xBF, 0x07, 0x89, 0x64, 0x54, 0x0F} },
    { 2, 0xA7, 0, {0xCB, 0xDC, 0x5F, 0x7F, 0xFD, 0xF5, 0x67, 0x3E} },
    { 97, 0xA7, 0, {0x22, 0xDD, 0x1F, 0x7F, 0xFD, 0xF5, 0x67, 0x3E} },
    { 2, 0xA8, 0, {0x52, 0xDD, 0xBF, 0x07, 0x89, 0x64, 0x58, 0x0F} },
    { 96, 0x121, 0, {0xA2, 0x0F, 0x00, 0x40, 0x36, 0x62, 0x7E, 0xFE} },
    { 2, 0xA7, 0, {0xA9, 0xDE, 0x1F, 0x7F, 0xFD, 0xF5, 0x67, 0x3E} },
    { 3, 0xA8, 0, {0xD8, 0xDE, 0xBF, 0x07, 0x89, 0x64, 0x5C, 0x0F} },
    { 14, 0x640, 0, {0x02, 0x81, 0x70, 0xB7, 0x76, 0x20, 0x03, 0x28} },
    { 85, 0xA7, 0, {0x77, 0xDF, 0x1F, 0x7F, 0xFD, 0xF5, 0x67, 0x3E} },
    { 3, 0xA8, 0, {0x10, 0xDF, 0xBF, 0x07, 0x89, 0x64, 0x60, 0x0F} },
    { 94, 0x121, 0, {0x6C, 0x00, 0x00, 0x40, 0x36, 0x62, 0x7E, 0xFE} },
    { 2, 0x3BE, 0, {0x54, 0x19, 0x07, 0x01, 0xA8, 0xC0, 0x08, 0x80} },
    { 3, 0xA8, 0, {0x23, 0xD0, 0xBF, 0x07, 0x89, 0x64, 0x5E, 0x0F} },
    { 3, 0xA7, 0, {0xBE, 0xD0, 0x1F, 0x7F, 0xFD, 0xF5, 0x67, 0x3E} },
    { 95, 0xA7, 0, {0x2F, 0xD1, 0x5F, 0x7F, 0xFD, 0xF5, 0x67, 0x3E} },
    { 3, 0xA8, 0, {0x45, 0xD1, 0xBF, 0x07, 0x89, 0x64, 0x5C, 0x0F} },
    { 97, 0x121, 0, {0x00, 0x01, 0x00, 0x40, 0x36, 0x62, 0x7E, 0xFE} },
    { 3, 0xA7, 0, {0x5B, 0xD2, 0x5F, 0x7F, 0xFD, 0xF5, 0x67, 0x3E} },
    { 2, 0xA8, 0, {0xB5, 0xD2, 0xBF, 0x07, 0x89, 0x64, 0x5E, 0x0F} },
    { 93, 0xA7, 0, {0xDA, 0xD3, 0x5F, 0x7F, 0xFD, 0xF5, 0x67, 0x3E} },
    { 3, 0xA8, 0, {0x01, 0xD3, 0xBF, 0x07, 0x89, 0x64, 0x60, 0x0F} },
    { 97, 0x121, 0, {0x8F, 0x02, 0x00, 0x40, 0x36, 0x62, 0x7E, 0xFE} },
    { 5, 0xA8, 0, {0x89, 0xD4, 0xBF, 0x07, 0x89, 0x64, 0x66, 0x0F} },
    { 2, 0xA7, 0, {0xE0, 0xD4, 0x5F, 0x7F, 0xFD, 0xF5, 0x67, 0x3E} },
    { 95, 0xA7, 0, {0x9B, 0xD5, 0x5F, 0x7F, 0xFD, 0xF5, 0x67, 0x3E} },
    { 2, 0xA8, 0, {0xAB, 0xD5, 0xBF, 0x07, 0x89, 0x64, 0x6A, 0x0F} },
    { 99, 0x121, 0, {0x7D, 0x03, 0x00, 0x40, 0x36, 0x62, 0x7E, 0xFE} },
    { 2, 0xA7, 0, {0x08, 0xD6, 0x5F, 0x7F, 0xFD, 0xF5, 0x67, 0x3E} },
    { 3, 0xA8, 0, {0xBF, 0xD6, 0xBF, 0x07, 0x89, 0x64, 0x6C, 0x0F} },
    { 92, 0xA7, 0, {0x81, 0xD7, 0x5F, 0x7F, 0xFD, 0xF5, 0x67, 0x3E} },
    { 3, 0xA8, 0, {0x02, 0xD7, 0xBF, 0x07, 0x89, 0x64, 0x70, 0x0F} },
    { 97, 0x121, 0, {0xC0, 0x04, 0x00, 0x40, 0x36, 0x62, 0x7E, 0xFE} },
    { 2, 0xA8, 0, {0x94, 0xD8, 0xBF, 0x07, 0x89, 0x64, 0x6E, 0x0F} },
    { 3, 0xA7, 0, {0xCC, 0xD8, 0x5F, 0x7F, 0xFD, 0xF5, 0x67, 0x3E} },
    { 99, 0xA7, 0, {0x05, 0xD9, 0x1F, 0x7F, 0xFD, 0xF5, 0x67, 0x3E} },
    { 2, 0xA8, 0, {0x8A, 0xD9, 0xBF, 0x07, 0x89, 0x64, 0x64, 0x0F} },
    { 96, 0x121, 0, {0xF7, 0x05, 0x00, 0x40, 0x36, 0x62, 0x7E, 0xFE} },
    { 3, 0x3BE, 0, {0x9F, 0x1A, 0x07, 0x01, 0xA8, 0xC0, 0x08, 0x80} },
    { 2, 0xA7, 0, {0x03, 0xDA, 0x1F, 0x7F, 0xFD, 0xF5, 0x67, 0x3E} },
    { 3, 0xA8, 0, {0xB6, 0xDA, 0xBF, 0x07, 0x89, 0x64, 0x5E, 0x0F} },
    { 62, 0x1B000076, 1, {0x76, 0x00, 0x04, 0x01, 0x01, 0x00, 0x00, 0x00} },
    { 28, 0xA7, 0, {0x6D, 0xDB, 0x1F, 0x7F, 0xFD, 0xF5, 0x67, 0x3E} },
    { 2, 0xA8, 0, {0x5F, 0xDB, 0xBF, 0x07, 0x89, 0x64, 0x58, 0x0F} },
    { 99, 0x121, 0, {0xF0, 0x06, 0x00, 0x40, 0x36, 0x62, 0x7E, 0xFE} },
    { 5, 0xA8, 0, {0x2D, 0xDC, 0xBF, 0x07, 0x89, 0x64, 0x52, 0x0F} },
    { 2, 0xA7, 0, {0xD2, 0xDC, 0x1F, 0x7F, 0xFD, 0xF5, 0x67, 0x3E} },
    { 94, 0xA7, 0, {0x22, 0xDD, 0x1F, 0x7F, 0xFD, 0xF5, 0x67, 0x3E} },
    { 2, 0xA8, 0, {0x1A, 0xDD, 0xBF, 0x07, 0x89, 0x64, 0x54, 0x0F} },
    { 98, 0x121, 0, {0xA3, 0x07, 0x00, 0x40, 0x36, 0x62, 0x7E, 0xFE} },
    { 3, 0xA7, 0, {0xB0, 0xDE, 0x5F, 0x7F, 0xFD, 0xF5, 0x67, 0x3E} },
    { 2, 0xA8, 0, {0xB4, 0xDE, 0xBF, 0x07, 0x89, 0x64, 0x56, 0x0F} },
    { 91, 0xA7, 0, {0x6E, 0xDF, 0x5F, 0x7F, 0xFD, 0xF5, 0x67, 0x3E} },
    { 2, 0xA8, 0, {0x3B, 0xDF, 0xBF, 0x07, 0x89, 0x64, 0x56, 0x0F} },
    { 100, 0x121, 0, {0x60, 0x08, 0x00, 0x40, 0x36, 0x62, 0x7E, 0xFE} },
    { 3, 0xA8, 0, {0x53, 0xD0, 0xBF, 0x07, 0x89, 0x64, 0x56, 0x0F} },
    { 2, 0xA7, 0, {0xA7, 0xD0, 0x5F, 0x7F, 0xFD, 0xF5, 0x67, 0x3E} },
    { 95, 0xA7, 0, {0x2F, 0xD1, 0x5F, 0x7F, 0xFD, 0xF5, 0x67, 0x3E} },
    { 2, 0xA8, 0, {0x7D, 0xD1, 0xBF, 0x07, 0x89, 0x64, 0x58, 0x0F} },
    { 92, 0x121, 0, {0x9F, 0x09, 0x00, 0x40, 0x36, 0x62, 0x7E, 0xFE} },
    { 9, 0xA7, 0, {0x42, 0xD2, 0x1F, 0x7F, 0xFD, 0xF5, 0x67, 0x3E} },
    { 2, 0xA8, 0, {0x91, 0xD2, 0xBF, 0x07, 0x89, 0x64, 0x58, 0x0F} },
    { 95, 0xA7, 0, {0xC3, 0xD3, 0x1F, 0x7F, 0xFD, 0xF5, 0x67, 0x3E} },
    { 2, 0xA8, 0, {0x7E, 0xD3, 0xBF, 0x07, 0x89, 0x64, 0x58, 0x0F} },
    { 96, 0x121, 0, {0xFA, 0x0A, 0x00, 0x40, 0x36, 0x62, 0x7E, 0xFE} },
    { 3, 0x3BE, 0, {0xE9, 0x1B, 0x07, 0x01, 0xA8, 0xC0, 0x08, 0x80} },
    { 2, 0xA7, 0, {0xF9, 0xD4, 0x1F, 0x7F, 0xFD, 0xF5, 0x67, 0x3E} },
    { 2, 0xA8, 0, {0xD2, 0xD4, 0xBF, 0x07, 0x89, 0x64, 0x58, 0x0F} },
    { 93, 0xA7, 0, {0x82, 0xD5, 0x1F, 0x7F, 0xFD, 0xF5, 0x67, 0x3E} },
    { 2, 0xA8, 0, {0xD4, 0xD5, 0xBF, 0x07, 0x89, 0x64, 0x52, 0x0F} },
    { 95, 0x121, 0, {0x51, 0x0B, 0x00, 0x40, 0x36, 0x62, 0x7E, 0xFE} },
    { 2, 0xA7, 0, {0x08, 0xD6, 0x5F, 0x7F, 0xFD, 0xF5, 0x67, 0x3E} },
    { 3, 0xA8, 0, {0xE4, 0xD6, 0xBF, 0x07, 0x89, 0x64, 0x52, 0x0F} },
    { 96, 0xA7, 0, {0x81, 0xD7, 0x5F, 0x7F, 0xFD, 0xF5, 0x67, 0x3E} },
    { 3, 0xA8, 0, {0x45, 0xD7, 0xBF, 0x07, 0x89, 0x64, 0x4C, 0x0F} },
    { 99, 0x121, 0, {0x94, 0x0C, 0x00, 0x40, 0x36, 0x62, 0x7E, 0xFE} },
    { 7, 0xA7, 0, {0xCC, 0xD8, 0x5F, 0x7F, 0xFD, 0xF5, 0x67, 0x3E} },
    { 2, 0xA8, 0, {0x0B, 0xD8, 0xBF, 0x07, 0x89, 0x64, 0x46, 0x0F} },
    { 91, 0xA7, 0, {0x1C, 0xD9, 0x5F, 0x7F, 0xFD, 0xF5, 0x67, 0x3E} },
    { 2, 0xA8, 0, {0x2D, 0xD9, 0xBF, 0x07, 0x89, 0x64, 0x48, 0x0F} },
    { 95, 0x121, 0, {0x87, 0x0D, 0x00, 0x40, 0x36, 0x62, 0x7E, 0xFE} },
    { 2, 0xA7, 0, {0x1A, 0xDA, 0x5F, 0x7F, 0xFD, 0xF5, 0x67, 0x3E} },
    { 3, 0xA8, 0, {0x72, 0xDA, 0xBF, 0x07, 0x89, 0x64, 0x48, 0x0F} },
    { 97, 0xA7, 0, {0x74, 0xDB, 0x5F, 0x7F, 0xFD, 0xF5, 0x67, 0x3E} },
    { 2, 0xA8, 0, {0x87, 0xDB, 0xBF, 0x07, 0x89, 0x64, 0x4C, 0x0F} },
    { 99, 0x121, 0, {0x14, 0x0E, 0x00, 0x40, 0x36, 0x62, 0x7E, 0xFE} },
    { 4, 0xA8, 0, {0x85, 0xDC, 0xBF, 0x07, 0x89, 0x64, 0x4E, 0x0F} },
    { 2, 0xA7, 0, {0xCB, 0xDC, 0x5F, 0x7F, 0xFD, 0xF5, 0x67, 0x3E} },
    { 96, 0xA7, 0, {0x3B, 0xDD, 0x5F, 0x7F, 0xFD, 0xF5, 0x67, 0x3E} },
    { 3, 0xA8, 0, {0x22, 0xDD, 0xBF, 0x07, 0x89, 0x64, 0x50, 0x0F} },
    { 91, 0x121, 0, {0xA2, 0x0F, 0x00, 0x40, 0x36, 0x62, 0x7E, 0xFE} },
    { 3, 0x3BE, 0, {0x6C, 0x1C, 0x07, 0x01, 0xA8, 0xC0, 0x08, 0x80} },
    { 2, 0xA7, 0, {0xB0, 0xDE, 0x5F, 0x7F, 0xFD, 0xF5, 0x67, 0x3E} },
    { 2, 0xA8, 0, {0x90, 0xDE, 0xBF, 0x07, 0x89, 0x64, 0x50, 0x0F} },
    { 69, 0x1B000076, 1, {0x76, 0x00, 0x04, 0x01, 0x01, 0x00, 0x00, 0x00} },
    { 28, 0xA7, 0, {0x6E, 0xDF, 0x5F, 0x7F, 0xFD, 0xF5, 0x67, 0x3E} },
    { 2, 0xA8, 0, {0xAB, 0xDF, 0xBF, 0x07, 0x89, 0x64, 0x4E, 0x0F} },
    { 98, 0x121, 0, {0x6C, 0x00, 0x00, 0x40, 0x36, 0x62, 0x7E, 0xFE} },
    { 7, 0xA8, 0, {0xC3, 0xD0, 0xBF, 0x07, 0x89, 0x64, 0x4E, 0x0F} },
    { 2, 0xA7, 0, {0xA7, 0xD0, 0x5F, 0x7F, 0xFD, 0xF5, 0x67, 0x3E} },
    { 91, 0xA7, 0, {0x2F, 0xD1, 0x5F, 0x7F, 0xFD, 0xF5, 0x67, 0x3E} },
    { 2, 0xA8, 0, {0xB9, 0xD1, 0xBF, 0x07, 0x89, 0x64, 0x4E, 0x0F} },
    { 95, 0x121, 0, {0x00, 0x01, 0x00, 0x40, 0x36, 0x62, 0x7E, 0xFE} },
    { 2, 0xA7, 0, {0x5B, 0xD2, 0x5F, 0x7F, 0xFD, 0xF5, 0x67, 0x3E} },
    { 2, 0xA8, 0, {0xFD, 0xD2, 0xBF, 0x07, 0x89, 0x64, 0x52, 0x0F} },
    { 98, 0xA7, 0, {0xDA, 0xD3, 0x5F, 0x7F, 0xFD, 0xF5, 0x67, 0x3E} },
    { 2, 0xA8, 0, {0x12, 0xD3, 0xBF, 0x07, 0x89, 0x64, 0x52, 0x0F} },
    { 100, 0x121, 0, {0x8F, 0x02, 0x00, 0x40, 0x36, 0x62, 0x7E, 0xFE} },
    { 3, 0xA8, 0, {0xA2, 0xD4, 0xBF, 0x07, 0x89, 0x64, 0x50, 0x0F} },
    { 3, 0xA7, 0, {0xE0, 0xD4, 0x5F, 0x7F, 0xFD, 0xF5, 0x67, 0x3E} },
    { 93, 0xA7, 0, {0x9B, 0xD5, 0x5F, 0x7F, 0xFD, 0xF5, 0x67, 0x3E} },
    { 2, 0xA8, 0, {0x7C, 0xD5, 0xBF, 0x07, 0x89, 0x64, 0x4E, 0x0F} },
    { 94, 0x121, 0, {0x7D, 0x03, 0x00, 0x40, 0x36, 0x62, 0x7E, 0xFE} },
    { 3, 0xA7, 0, {0x08, 0xD6, 0x5F, 0x7F, 0xFD, 0xF5, 0x67, 0x3E} },
    { 2, 0xA8, 0, {0x4C, 0xD6, 0xBF, 0x07, 0x89, 0x64, 0x4E, 0x0F} },
    { 100, 0xA7, 0, {0x81, 0xD7, 0x5F, 0x7F, 0xFD, 0xF5, 0x67, 0x3E} },
    { 2, 0xA8, 0, {0x59, 0xD7, 0xBF, 0x07, 0x89, 0x64, 0x4E, 0x0F} },
    { 97, 0x121, 0, {0xC0, 0x04, 0x00, 0x40, 0x36, 0x62, 0x7E, 0xFE} },
    { 3, 0x3BE, 0, {0xD7, 0x1D, 0x07, 0x01, 0xA8, 0xC0, 0x08, 0x80} },
    { 2, 0xA7, 0, {0xCC, 0xD8, 0x5F, 0x7F, 0xFD, 0xF5, 0x67, 0x3E} },
    { 3, 0xA8, 0, {0xD3, 0xD8, 0xBF, 0x07, 0x89, 0x64, 0x52, 0x0F} },
    { 92, 0xA7, 0, {0x1C, 0xD9, 0x5F, 0x7F, 0xFD, 0xF5, 0x67, 0x3E} },
    { 2, 0xA8, 0, {0xCD, 0xD9, 0xBF, 0x07, 0x89, 0x64, 0x58, 0x0F} },
    { 95, 0x121, 0, {0xF7, 0x05, 0x00, 0x40, 0x36, 0x62, 0x7E, 0xFE} },
    { 2, 0xA7, 0, {0x1A, 0xDA, 0x5F, 0x7F, 0xFD, 0xF5, 0x67, 0x3E} },
    { 2, 0xA8, 0, {0xAA, 0xDA, 0xBF, 0x07, 0x89, 0x64, 0x5C, 0x0F} },
    { 98, 0xA7, 0, {0x74, 0xDB, 0x5F, 0x7F, 0xFD, 0xF5, 0x67, 0x3E} },
    { 2, 0xA8, 0, {0x7B, 0xDB, 0xBF, 0x07, 0x89, 0x64, 0x5E, 0x0F} },
    { 98, 0x121, 0, {0xF0, 0x06, 0x00, 0x40, 0x36, 0x62, 0x7E, 0xFE} },
    { 6, 0xA7, 0, {0xCB, 0xDC, 0x5F, 0x7F, 0xFD, 0xF5, 0x67, 0x3E} },
    { 3, 0xA8, 0, {0x3E, 0xDC, 0xBF, 0x07, 0x89, 0x64, 0x60, 0x0F} },
    { 92, 0xA7, 0, {0x3B, 0xDD, 0x5F, 0x7F, 0xFD, 0xF5, 0x67, 0x3E} },
    { 2, 0xA8, 0, {0x6A, 0xDD, 0xBF, 0x07, 0x89, 0x64, 0x5C, 0x0F} },
    { 95, 0x121, 0, {0xA3, 0x07, 0x00, 0x40, 0x36, 0x62, 0x7E, 0xFE} },
    { 2, 0xA7, 0, {0xA9, 0xDE, 0x1F, 0x7F, 0xFD, 0xF5, 0x67, 0x3E} },
    { 3, 0xA8, 0, {0xE0, 0xDE, 0xBF, 0x07, 0x89, 0x64, 0x58, 0x0F} },
    { 97, 0xA7, 0, {0x77, 0xDF, 0x1F, 0x7F, 0xFD, 0xF5, 0x67, 0x3E} },
    { 3, 0xA8, 0, {0x3B, 0xDF, 0xBF, 0x07, 0x89, 0x64, 0x56, 0x0F} },
    { 96, 0x121, 0, {0x60, 0x08, 0x00, 0x40, 0x36, 0x62, 0x7E, 0xFE} },
    { 4, 0xA8, 0, {0x4F, 0xD0, 0xBF, 0x07, 0x89, 0x64, 0x54, 0x0F} },
    { 3, 0xA7, 0, {0xBE, 0xD0, 0x1F, 0x7F, 0xFD, 0xF5, 0x67, 0x3E} },
    { 21, 0x640, 0, {0x02, 0x81, 0x70, 0xB7, 0x76, 0x20, 0x03, 0x28} },
    { 76, 0xA7, 0, {0x36, 0xD1, 0x1F, 0x7F, 0xFD, 0xF5, 0x67, 0x3E} },
    { 2, 0xA8, 0, {0x35, 0xD1, 0xBF, 0x07, 0x89, 0x64, 0x54, 0x0F} },
    { 92, 0x121, 0, {0x9F, 0x09, 0x00, 0x40, 0x36, 0x62, 0x7E, 0xFE} },
    { 3, 0x3BE, 0, {0xC8, 0x1E, 0x07, 0x01, 0xA8, 0xC0, 0x08, 0x80} },
    { 2, 0xA7, 0, {0x5B, 0xD2, 0x5F, 0x7F, 0xFD, 0xF5, 0x67, 0x3E} },
    { 2, 0xA8, 0, {0xC5, 0xD2, 0xBF, 0x07, 0x89, 0x64, 0x56, 0x0F} },
    { 70, 0x1B000076, 1, {0x76, 0x00, 0x04, 0x01, 0x01, 0x00, 0x00, 0x00} },
    { 26, 0xA7, 0, {0xDA, 0xD3, 0x5F, 0x7F, 0xFD, 0xF5, 0x67, 0x3E} },
    { 3, 0xA8, 0, {0x7E, 0xD3, 0xBF, 0x07, 0x89, 0x64, 0x58, 0x0F} },
    { 96, 0x121, 0, {0xFA, 0x0A, 0x00, 0x40, 0x36, 0x62, 0x7E, 0xFE} },
    { 6, 0xA8, 0, {0xCE, 0xD4, 0xBF, 0x07, 0x89, 0x64, 0x5A, 0x0F} },
    { 3, 0xA7, 0, {0xE0, 0xD4, 0x5F, 0x7F, 0xFD, 0xF5, 0x67, 0x3E} },
    { 93, 0xA7, 0, {0x9B, 0xD5, 0x5F, 0x7F, 0xFD, 0xF5, 0x67, 0x3E} },
    { 2, 0xA8, 0, {0x9C, 0xD5, 0xBF, 0x07, 0x89, 0x64, 0x5E, 0x0F} },
    { 95, 0x121, 0, {0x51, 0x0B, 0x00, 0x40, 0x36, 0x62, 0x7E, 0xFE} },
    { 2, 0xA7, 0, {0x11, 0xD6, 0x1F, 0x7F, 0xFD, 0xF5, 0x67, 0x3E} },
    { 3, 0xA8, 0, {0xF7, 0xD6, 0xBF, 0x07, 0x89, 0x64, 0x60, 0x0F} },
    { 101, 0xA7, 0, {0x98, 0xD7, 0x1F, 0x7F, 0xFD, 0xF5, 0x67, 0x3E} },
    { 2, 0xA8, 0, {0xE2, 0xD7, 0xBF, 0x07, 0x89, 0x64, 0x60, 0x0F} },
    { 94, 0x121, 0, {0x94, 0x0C, 0x00, 0x40, 0x36, 0x62, 0x7E, 0xFE} },
    { 3, 0xA8, 0, {0xDC, 0xD8, 0xBF, 0x07, 0x89, 0x64, 0x62, 0x0F} },
    { 2, 0xA7, 0, {0xD5, 0xD8, 0x1F, 0x7F, 0xFD, 0xF5, 0x67, 0x3E} },
    { 97, 0xA7, 0, {0x05, 0xD9, 0x1F, 0x7F, 0xFD, 0xF5, 0x67, 0x3E} },
    { 3, 0xA8, 0, {0xB2, 0xD9, 0xBF, 0x07, 0x89, 0x64, 0x60, 0x0F} },
    { 94, 0x121, 0, {0x87, 0x0D, 0x00, 0x40, 0x36, 0x62, 0x7E, 0xFE} },
    { 2, 0xA7, 0, {0x03, 0xDA, 0x1F, 0x7F, 0xFD, 0xF5, 0x67, 0x3E} },
    { 3, 0xA8, 0, {0x8E, 0xDA, 0xBF, 0x07, 0x89, 0x64, 0x5A, 0x0F} },
    { 103, 0xA7, 0, {0x6D, 0xDB, 0x1F, 0x7F, 0xFD, 0xF5, 0x67, 0x3E} },
    { 2, 0xA8, 0, {0x5F, 0xDB, 0xBF, 0x07, 0x89, 0x64, 0x58, 0x0F} },
    { 88, 0x121, 0, {0x14, 0x0E, 0x00, 0x40, 0x36, 0x62, 0x7E, 0xFE} },
    { 3, 0x3BE, 0, {0xC5, 0x1F, 0x07, 0x01, 0xA8, 0xC0, 0x08, 0x80} },
    { 2, 0xA7, 0, {0xD2, 0xDC, 0x1F, 0x7F, 0xFD, 0xF5, 0x67, 0x3E} },
    { 3, 0xA8, 0, {0x09, 0xDC, 0xBF, 0x07, 0x89, 0x64, 0x54, 0x0F} },
    { 99, 0xA7, 0, {0x22, 0xDD, 0x1F, 0x7F, 0xFD, 0xF5, 0x67, 0x3E} },
    { 2, 0xA8, 0, {0x3E, 0xDD, 0xBF, 0x07, 0x89, 0x64, 0x52, 0x0F} },
    { 94, 0x121, 0, {0xA2, 0x0F, 0x00, 0x40, 0x36, 0x62, 0x7E, 0xFE} },
    { 2, 0xA7, 0, {0xA9, 0xDE, 0x1F, 0x7F, 0xFD, 0xF5, 0x67, 0x3E} },
    { 2, 0xA8, 0, {0x8C, 0xDE, 0xBF, 0x07, 0x89, 0x64, 0x52, 0x0F} },
    { 100, 0xA7, 0, {0x77, 0xDF, 0x1F, 0x7F, 0xFD, 0xF5, 0x67, 0x3E} },
    { 3, 0xA8, 0, {0x03, 0xDF, 0xBF, 0x07, 0x89, 0x64, 0x52, 0x0F} },
    { 90, 0x121, 0, {0x6C, 0x00, 0x00, 0x40, 0x36, 0x62, 0x7E, 0xFE} },
    { 6, 0xA8, 0, {0x6B, 0xD0, 0xBF, 0x07, 0x89, 0x64, 0x52, 0x0F} },
    { 3, 0xA7, 0, {0xBE, 0xD0, 0x1F, 0x7F, 0xFD, 0xF5, 0x67, 0x3E} },
    { 98, 0xA7, 0, {0x2F, 0xD1, 0x5F, 0x7F, 0xFD, 0xF5, 0x67, 0x3E} },
    { 2, 0xA8, 0, {0x11, 0xD1, 0xBF, 0x07, 0x89, 0x64, 0x52, 0x0F} },
    { 93, 0x121, 0, {0x00, 0x01, 0x00, 0x40, 0x36, 0x62, 0x7E, 0xFE} },
    { 3, 0xA7, 0, {0x5B, 0xD2, 0x5F, 0x7F, 0xFD, 0xF5, 0x67, 0x3E} },
    { 2, 0xA8, 0, {0x49, 0xD2, 0xBF, 0x07, 0x89, 0x64, 0x4C, 0x0F} },
    { 101, 0xA7, 0, {0xDA, 0xD3, 0x5F, 0x7F, 0xFD, 0xF5, 0x67, 0x3E} },
    { 3, 0xA8, 0, {0x9E, 0xD3, 0xBF, 0x07, 0x89, 0x64, 0x48, 0x0F} },
    { 89, 0x121, 0, {0x8F, 0x02, 0x00, 0x40, 0x36, 0x62, 0x7E, 0xFE} },
    { 4, 0xA8, 0, {0x5E, 0xD4, 0xBF, 0x07, 0x89, 0x64, 0x42, 0x0F} },
    { 2, 0xA7, 0, {0xE0, 0xD4, 0x5F, 0x7F, 0xFD, 0xF5, 0x67, 0x3E} },
    { 104, 0xA7, 0, {0x9B, 0xD5, 0x5F, 0x7F, 0xFD, 0xF5, 0x67, 0x3E} },
    { 2, 0xA8, 0, {0x34, 0xD5, 0xBF, 0x07, 0x89, 0x64, 0x42, 0x0F} },
    { 89, 0x121, 0, {0x7D, 0x03, 0x00, 0x40, 0x36, 0x62, 0x7E, 0xFE} },
    { 2, 0x3BE, 0, {0x7C, 0x10, 0x07, 0x01, 0xA8, 0xC0, 0x08, 0x80} },
    { 2, 0xA7, 0, {0x08, 0xD6, 0x5F, 0x7F, 0xFD, 0xF5, 0x67, 0x3E} },
    { 3, 0xA8, 0, {0x3C, 0xD6, 0xBF, 0x07, 0x89, 0x64, 0x46, 0x0F} },
    { 67, 0x1B000076, 1, {0x76, 0x00, 0x04, 0x01, 0x01, 0x00, 0x00, 0x00} },
    { 27, 0xA7, 0, {0x81, 0xD7, 0x5F, 0x7F, 0xFD, 0xF5, 0x67, 0x3E} },
    { 3, 0xA8, 0, {0x61, 0xD7, 0xBF, 0x07, 0x89, 0x64, 0x4A, 0x0F} },
    { 96, 0x121, 0, {0xC0, 0x04, 0x00, 0x40, 0x36, 0x62, 0x7E, 0xFE} },
    { 5, 0xA8, 0, {0x43, 0xD8, 0xBF, 0x07, 0x89, 0x64, 0x4A, 0x0F} },
    { 3, 0xA7, 0, {0xCC, 0xD8, 0x5F, 0x7F, 0xFD, 0xF5, 0x67, 0x3E} },
    { 98, 0xA7, 0, {0x1C, 0xD9, 0x5F, 0x7F, 0xFD, 0xF5, 0x67, 0x3E} },
    { 3, 0xA8, 0, {0x2D, 0xD9, 0xBF, 0x07, 0x89, 0x64, 0x48, 0x0F} },
    { 90, 0x121, 0, {0xF7, 0x05, 0x00, 0x40, 0x36, 0x62, 0x7E, 0xFE} },
    { 3, 0xA7, 0, {0x1A, 0xDA, 0x5F, 0x7F, 0xFD, 0xF5, 0x67, 0x3E} },
    { 2, 0xA8, 0, {0x1E, 0xDA, 0xBF, 0x07, 0x89, 0x64, 0x42, 0x0F} },
    { 97, 0xA7, 0, {0x74, 0xDB, 0x5F, 0x7F, 0xFD, 0xF5, 0x67, 0x3E} },
    { 3, 0xA8, 0, {0x65, 0xDB, 0xBF, 0x07, 0x89, 0x64, 0x3E, 0x0F} },
    { 96, 0x121, 0, {0xF0, 0x06, 0x00, 0x40, 0x36, 0x62, 0x7E, 0xFE} },
    { 4, 0xA8, 0, {0x7B, 0xDC, 0xBF, 0x07, 0x89, 0x64, 0x3E, 0x0F} },
    { 2, 0xA7, 0, {0xCB, 0xDC, 0x5F, 0x7F, 0xFD, 0xF5, 0x67, 0x3E} },
    { 100, 0xA7, 0, {0x3B, 0xDD, 0x5F, 0x7F, 0xFD, 0xF5, 0x67, 0x3E} },
    { 3, 0xA8, 0, {0xC2, 0xDD, 0xBF, 0x07, 0x89, 0x64, 0x40, 0x0F} },
    { 90, 0x121, 0, {0xA3, 0x07, 0x00, 0x40, 0x36, 0x62, 0x7E, 0xFE} },
    { 2, 0xA7, 0, {0xB0, 0xDE, 0x5F, 0x7F, 0xFD, 0xF5, 0x67, 0x3E} },
    { 3, 0xA8, 0, {0x48, 0xDE, 0xBF, 0x07, 0x89, 0x64, 0x44, 0x0F} },
    { 97, 0xA7, 0, {0x6E, 0xDF, 0x5F, 0x7F, 0xFD, 0xF5, 0x67, 0x3E} },
    { 5, 0xA8, 0, {0xDB, 0xDF, 0xBF, 0x07, 0x89, 0x64, 0x46, 0x0F} },
    { 93, 0x121, 0, {0x60, 0x08, 0x00, 0x40, 0x36, 0x62, 0x7E, 0xFE} },
    { 3, 0x3BE, 0, {0x08, 0x11, 0x07, 0x01, 0xA8, 0xC0, 0x08, 0x80} },
    { 2, 0xA7, 0, {0xA7, 0xD0, 0x5F, 0x7F, 0xFD, 0xF5, 0x67, 0x3E} },
    { 3, 0xA8, 0, {0xB3, 0xD0, 0xBF, 0x07, 0x89, 0x64, 0x46, 0x0F} },
    { 100, 0xA7, 0, {0x2F, 0xD1, 0x5F, 0x7F, 0xFD, 0xF5, 0x67, 0x3E} },
    { 2, 0xA8, 0, {0xC9, 0xD1, 0xBF, 0x07, 0x89, 0x64, 0x46, 0x0F} },
    { 91, 0x121, 0, {0x9F, 0x09, 0x00, 0x40, 0x36, 0x62, 0x7E, 0xFE} },
    { 2, 0xA7, 0, {0x5B, 0xD2, 0x5F, 0x7F, 0xFD, 0xF5, 0x67, 0x3E} },
    { 2, 0xA8, 0, {0x25, 0xD2, 0xBF, 0x07, 0x89, 0x64, 0x46, 0x0F} },
    { 97, 0xA7, 0, {0xDA, 0xD3, 0x5F, 0x7F, 0xFD, 0xF5, 0x67, 0x3E} },
    { 2, 0xA8, 0, {0xCA, 0xD3, 0xBF, 0x07, 0x89, 0x64, 0x46, 0x0F} },
    { 96, 0x121, 0, {0xFA, 0x0A, 0x00, 0x40, 0x36, 0x62, 0x7E, 0xFE} },
    { 6, 0xA7, 0, {0xE0, 0xD4, 0x5F, 0x7F, 0xFD, 0xF5, 0x67, 0x3E} },
    { 3, 0xA8, 0, {0x66, 0xD4, 0xBF, 0x07, 0x89, 0x64, 0x46, 0x0F} },
    { 100, 0xA7, 0, {0x9B, 0xD5, 0x5F, 0x7F, 0xFD, 0xF5, 0x67, 0x3E} },
    { 2, 0xA8, 0, {0x10, 0xD5, 0xBF, 0x07, 0x89, 0x64, 0x44, 0x0F} },
    { 90, 0x121, 0, {0x51, 0x0B, 0x00, 0x40, 0x36, 0x62, 0x7E, 0xFE} },
    { 2, 0xA7, 0, {0x08, 0xD6, 0x5F, 0x7F, 0xFD, 0xF5, 0x67, 0x3E} },
    { 2, 0xA8, 0, {0x8A, 0xD6, 0xBF, 0x07, 0x89, 0x64, 0x3A, 0x0F} },
    { 99, 0xA7, 0, {0x81, 0xD7, 0x5F, 0x7F, 0xFD, 0xF5, 0x67, 0x3E} },
    { 2, 0xA8, 0, {0xEF, 0xD7, 0xBF, 0x07, 0x89, 0x64, 0x32, 0x0F} },
    { 94, 0x121, 0, {0x94, 0x0C, 0x00, 0x40, 0x36, 0x62, 0x7E, 0xFE} },
    { 4, 0xA8, 0, {0x5D, 0xD8, 0xBF, 0x07, 0x89, 0x64, 0x2A, 0x0F} },
    { 3, 0xA7, 0, {0xCC, 0xD8, 0x5F, 0x7F, 0xFD, 0xF5, 0x67, 0x3E} },
    { 25, 0x641, 0, {0x99, 0x1A, 0x21, 0x4F, 0x13, 0x0A, 0x55, 0x92} },
    { 78, 0xA7, 0, {0x1C, 0xD9, 0x5F, 0x7F, 0xFD, 0xF5, 0x67, 0x3E} },
    { 2, 0xA8, 0, {0x7B, 0xD9, 0xBF, 0x07, 0x89, 0x64, 0x24, 0x0F} },
    { 88, 0x121, 0, {0x87, 0x0D, 0x00, 0x40, 0x36, 0x62, 0x7E, 0xFE} },
    { 3, 0x3BE, 0, {0x67, 0x12, 0x07, 0x01, 0xA8, 0xC0, 0x08, 0x80} },
    { 2, 0xA7, 0, {0x1A, 0xDA, 0x5F, 0x7F, 0xFD, 0xF5, 0x67, 0x3E} },
    { 2, 0xA8, 0, {0x38, 0xDA, 0xBF, 0x07, 0x89, 0x64, 0x26, 0x0F} },
    { 69, 0x1B000076, 1, {0x76, 0x00, 0x04, 0x01, 0x01, 0x00, 0x00, 0x00} },
    { 27, 0xA7, 0, {0x74, 0xDB, 0x5F, 0x7F, 0xFD, 0xF5, 0x67, 0x3E} },
    { 3, 0xA8, 0, {0xA1, 0xDB, 0xBF, 0x07, 0x89, 0x64, 0x28, 0x0F} },
    { 94, 0x121, 0, {0x14, 0x0E, 0x00, 0x40, 0x36, 0x62, 0x7E, 0xFE} },
    { 7, 0xA8, 0, {0xEB, 0xDC, 0xBF, 0x07, 0x89, 0x64, 0x26, 0x0F} },
    { 2, 0xA7, 0, {0x7A, 0xDC, 0x5F, 0x7F, 0xFD, 0xF9, 0x67, 0x3E} },
    { 97, 0xA7, 0, {0x8A, 0xDD, 0x5F, 0x7F, 0xFD, 0xF9, 0x67, 0x3E} },
    { 2, 0xA8, 0, {0xF8, 0xDD, 0xBF, 0x07, 0x89, 0x64, 0x26, 0x0F} },
    { 93, 0x121, 0, {0xA2, 0x0F, 0x00, 0x40, 0x36, 0x62, 0x7E, 0xFE} },
    { 2, 0xA7, 0, {0x01, 0xDE, 0x5F, 0x7F, 0xFD, 0xF9, 0x67, 0x3E} },
    { 3, 0xA8, 0, {0x4A, 0xDE, 0xBF, 0x07, 0x89, 0x64, 0x26, 0x0F} },
    { 98, 0xA7, 0, {0xDF, 0xDF, 0x5F, 0x7F, 0xFD, 0xF9, 0x67, 0x3E} },
    { 2, 0xA8, 0, {0xC5, 0xDF, 0xBF, 0x07, 0x89, 0x64, 0x26, 0x0F} },
    { 98, 0x121, 0, {0x6C, 0x00, 0x00, 0x40, 0x36, 0x62, 0x7E, 0xFE} },
    { 2, 0xA8, 0, {0xF9, 0xD0, 0xBF, 0x07, 0x89, 0x64, 0x28, 0x0F} },
    { 3, 0xA7, 0, {0x16, 0xD0, 0x5F, 0x7F, 0xFD, 0xF9, 0x67, 0x3E} },
    { 96, 0xA7, 0, {0x9E, 0xD1, 0x5F, 0x7F, 0xFD, 0xF9, 0x67, 0x3E} },
    { 3, 0xA8, 0, {0x83, 0xD1, 0xBF, 0x07, 0x89, 0x64, 0x28, 0x0F} },
    { 95, 0x121, 0, {0x00, 0x01, 0x00, 0x40, 0x36, 0x62, 0x7E, 0xFE} },
    { 2, 0xA7, 0, {0xEA, 0xD2, 0x5F, 0x7F, 0xFD, 0xF9, 0x67, 0x3E} },
    { 2, 0xA8, 0, {0x73, 0xD2, 0xBF, 0x07, 0x89, 0x64, 0x2A, 0x0F} },
    { 17, 0x640, 0, {0x02, 0x81, 0x70, 0xB7, 0x76, 0x20, 0x03, 0x28} },
    { 83, 0xA7, 0, {0x40, 0xD3, 0x9F, 0x7F, 0xFD, 0xF9, 0x67, 0x3E} },
    { 2, 0xA8, 0, {0xA4, 0xD3, 0xBF, 0x07, 0x89, 0x64, 0x2E, 0x0F} },
    { 98, 0x121, 0, {0x8F, 0x02, 0x00, 0x40, 0x36, 0x62, 0x7E, 0xFE} },
    { 2, 0x3BE, 0, {0x94, 0x13, 0x07, 0x01, 0xA8, 0xC0, 0x08, 0x80} },
    { 2, 0xA8, 0, {0xA0, 0xD4, 0xBF, 0x07, 0x89, 0x64, 0x32, 0x0F} },
    { 2, 0xA7, 0, {0x7A, 0xD4, 0x9F, 0x7F, 0xFD, 0xF9, 0x67, 0x3E} },
    { 91, 0xA7, 0, {0x01, 0xD5, 0x9F, 0x7F, 0xFD, 0xF9, 0x67, 0x3E} },
    { 3, 0xA8, 0, {0xA6, 0xD5, 0xBF, 0x07, 0x89, 0x64, 0x38, 0x0F} },
    { 97, 0x121, 0, {0x7D, 0x03, 0x00, 0x40, 0x36, 0x62, 0x7E, 0xFE} },
    { 2, 0xA7, 0, {0x92, 0xD6, 0x9F, 0x7F, 0xFD, 0xF9, 0x67, 0x3E} },
    { 2, 0xA8, 0, {0xAE, 0xD6, 0xBF, 0x07, 0x89, 0x64, 0x3C, 0x0F} },
    { 97, 0xA7, 0, {0x1B, 0xD7, 0x9F, 0x7F, 0xFD, 0xF9, 0x67, 0x3E} },
    { 2, 0xA8, 0, {0xA7, 0xD7, 0xBF, 0x07, 0x89, 0x64, 0x3E, 0x0F} },
    { 99, 0x121, 0, {0xC0, 0x04, 0x00, 0x40, 0x36, 0x62, 0x7E, 0xFE} },
    { 6, 0xA7, 0, {0x7D, 0xD8, 0x5F, 0x7F, 0xFD, 0xF9, 0x67, 0x3E} },
    { 2, 0xA8, 0, {0x99, 0xD8, 0xBF, 0x07, 0x89, 0x64, 0x3C, 0x0F} },
    { 91, 0xA7, 0, {0x1C, 0xD9, 0x5F, 0x7F, 0xFD, 0xF5, 0x67, 0x3E} },
    { 2, 0xA8, 0, {0xEB, 0xD9, 0xBF, 0x07, 0x89, 0x64, 0x3C, 0x0F} },
    { 99, 0x121, 0, {0xF7, 0x05, 0x00, 0x40, 0x36, 0x62, 0x7E, 0xFE} },
    { 5, 0xA7, 0, {0x1A, 0xDA, 0x5F, 0x7F, 0xFD, 0xF5, 0x67, 0x3E} },
    { 2, 0xA8, 0, {0xB4, 0xDA, 0xBF, 0x07, 0x89, 0x64, 0x3C, 0x0F} },
    { 92, 0xA7, 0, {0x74, 0xDB, 0x5F, 0x7F, 0xFD, 0xF5, 0x67, 0x3E} },
    { 3, 0xA8, 0, {0x5D, 0xDB, 0xBF, 0x07, 0x89, 0x64, 0x3A, 0x0F} },
    { 93, 0x121, 0, {0xF0, 0x06, 0x00, 0x40, 0x36, 0x62, 0x7E, 0xFE} },
    { 7, 0xA8, 0, {0x43, 0xDC, 0xBF, 0x07, 0x89, 0x64, 0x3A, 0x0F} },
    { 3, 0xA7, 0, {0xCB, 0xDC, 0x5F, 0x7F, 0xFD, 0xF5, 0x67, 0x3E} },
    { 95, 0xA7, 0, {0x3B, 0xDD, 0x5F, 0x7F, 0xFD, 0xF5, 0x67, 0x3E} },
    { 3, 0xA8, 0, {0x50, 0xDD, 0xBF, 0x07, 0x89, 0x64, 0x3A, 0x0F} },
    { 96, 0x121, 0, {0xA3, 0x07, 0x00, 0x40, 0x36, 0x62, 0x7E, 0xFE} },
    { 2, 0x3BE, 0, {0x63, 0x14, 0x07, 0x01, 0xA8, 0xC0, 0x08, 0x80} },
    { 2, 0xA7, 0, {0xB0, 0xDE, 0x5F, 0x7F, 0xFD, 0xF5, 0x67, 0x3E} },
    { 3, 0xA8, 0, {0xFE, 0xDE, 0xBF, 0x07, 0x89, 0x64, 0x38, 0x0F} },
    { 63, 0x1B000076, 1, {0x76, 0x00, 0x04, 0x01, 0x01, 0x00, 0x00, 0x00} },
    { 29, 0xA7, 0, {0x6E, 0xDF, 0x5F, 0x7F, 0xFD, 0xF5, 0x67, 0x3E} },
    { 2, 0xA8, 0, {0x6D, 0xDF, 0xBF, 0x07, 0x89, 0x64, 0x3A, 0x0F} },
    { 95, 0x121, 0, {0x60, 0x08, 0x00, 0x40, 0x36, 0x62, 0x7E, 0xFE} },
    { 6, 0xA8, 0, {0x19, 0xD0, 0xBF, 0x07, 0x89, 0x64, 0x38, 0x0F} },
    { 2, 0xA7, 0, {0xA7, 0xD0, 0x5F, 0x7F, 0xFD, 0xF5, 0x67, 0x3E} },
    { 95, 0xA7, 0, {0x2F, 0xD1, 0x5F, 0x7F, 0xFD, 0xF5, 0x67, 0x3E} },
    { 2, 0xA8, 0, {0x63, 0xD1, 0xBF, 0x07, 0x89, 0x64, 0x38, 0x0F} },
    { 98, 0x121, 0, {0x9F, 0x09, 0x00, 0x40, 0x36, 0x62, 0x7E, 0xFE} },
    { 3, 0xA7, 0, {0x5B, 0xD2, 0x5F, 0x7F, 0xFD, 0xF5, 0x67, 0x3E} },
    { 2, 0xA8, 0, {0x93, 0xD2, 0xBF, 0x07, 0x89, 0x64, 0x3A, 0x0F} },
    { 95, 0xA7, 0, {0xDA, 0xD3, 0x5F, 0x7F, 0xFD, 0xF5, 0x67, 0x3E} },
    { 2, 0xA8, 0, {0x58, 0xD3, 0xBF, 0x07, 0x89, 0x64, 0x3C, 0x0F} },
    { 95, 0x121, 0, {0xFA, 0x0A, 0x00, 0x40, 0x36, 0x62, 0x7E, 0xFE} },
    { 3, 0xA8, 0, {0xE8, 0xD4, 0xBF, 0x07, 0x89, 0x64, 0x3E, 0x0F} },
    { 3, 0xA7, 0, {0xE0, 0xD4, 0x5F, 0x7F, 0xFD, 0xF5, 0x67, 0x3E} },
    { 97, 0xA7, 0, {0x9B, 0xD5, 0x5F, 0x7F, 0xFD, 0xF5, 0x67, 0x3E} },
    { 2, 0xA8, 0, {0x28, 0xD5, 0xBF, 0x07, 0x89, 0x64, 0x40, 0x0F} },
    { 98, 0x121, 0, {0x51, 0x0B, 0x00, 0x40, 0x36, 0x62, 0x7E, 0xFE} },
    { 2, 0xA7, 0, {0x08, 0xD6, 0x5F, 0x7F, 0xFD, 0xF5, 0x67, 0x3E} },
    { 2, 0xA8, 0, {0x18, 0xD6, 0xBF, 0x07, 0x89, 0x64, 0x40, 0x0F} },
    { 98, 0xA7, 0, {0x81, 0xD7, 0x5F, 0x7F, 0xFD, 0xF5, 0x67, 0x3E} },
    { 2, 0xA8, 0, {0x0D, 0xD7, 0xBF, 0x07, 0x89, 0x64, 0x40, 0x0F} },
    { 93, 0x121, 0, {0x94, 0x0C, 0x00, 0x40, 0x36, 0x62, 0x7E, 0xFE} },
    { 2, 0x3BE, 0, {0x1C, 0x15, 0x07, 0x01, 0xA8, 0xC0, 0x08, 0x80} },
    { 3, 0xA7, 0, {0xCC, 0xD8, 0x5F, 0x7F, 0xFD, 0xF5, 0x67, 0x3E} },
    { 2, 0xA8, 0, {0x2F, 0xD8, 0xBF, 0x07, 0x89, 0x64, 0x40, 0x0F} },
    { 97, 0xA7, 0, {0x1C, 0xD9, 0x5F, 0x7F, 0xFD, 0xF5, 0x67, 0x3E} },
    { 2, 0xA8, 0, {0x5D, 0xD9, 0xBF, 0x07, 0x89, 0x64, 0x40, 0x0F} },
    { 97, 0x121, 0, {0x87, 0x0D, 0x00, 0x40, 0x36, 0x62, 0x7E, 0xFE} },
    { 2, 0xA7, 0, {0x1A, 0xDA, 0x5F, 0x7F, 0xFD, 0xF5, 0x67, 0x3E} },
    { 3, 0xA8, 0, {0xA8, 0xDA, 0xBF, 0x07, 0x89, 0x64, 0x3E, 0x0F} },
    { 94, 0xA7, 0, {0x74, 0xDB, 0x5F, 0x7F, 0xFD, 0xF5, 0x67, 0x3E} },
    { 2, 0xA8, 0, {0xD3, 0xDB, 0xBF, 0x07, 0x89, 0x64, 0x42, 0x0F} },
    { 96, 0x121, 0, {0x14, 0x0E, 0x00, 0x40, 0x36, 0x62, 0x7E, 0xFE} },
    { 6, 0xA7, 0, {0xCB, 0xDC, 0x5F, 0x7F, 0xFD, 0xF5, 0x67, 0x3E} },
    { 2, 0xA8, 0, {0xF5, 0xDC, 0xBF, 0x07, 0x89, 0x64, 0x46, 0x0F} },
    { 95, 0xA7, 0, {0x3B, 0xDD, 0x5F, 0x7F, 0xFD, 0xF5, 0x67, 0x3E} },
    { 3, 0xA8, 0, {0xAE, 0xDD, 0xBF, 0x07, 0x89, 0x64, 0x4A, 0x0F} },
    { 98, 0x121, 0, {0xA2, 0x0F, 0x00, 0x40, 0x36, 0x62, 0x7E, 0xFE} },
    { 2, 0xA7, 0, {0xB0, 0xDE, 0x5F, 0x7F, 0xFD, 0xF5, 0x67, 0x3E} },
    { 2, 0xA8, 0, {0x90, 0xDE, 0xBF, 0x07, 0x89, 0x64, 0x50, 0x0F} },
    { 95, 0xA7, 0, {0x6E, 0xDF, 0x5F, 0x7F, 0xFD, 0xF5, 0x67, 0x3E} },
    { 2, 0xA8, 0, {0xB7, 0xDF, 0xBF, 0x07, 0x89, 0x64, 0x4C, 0x0F} },
    { 94, 0x121, 0, {0x6C, 0x00, 0x00, 0x40, 0x36, 0x62, 0x7E, 0xFE} },
    { 4, 0xA8, 0, {0xE7, 0xD0, 0xBF, 0x07, 0x89, 0x64, 0x48, 0x0F} },
    { 2, 0xA7, 0, {0xA7, 0xD0, 0x5F, 0x7F, 0xFD, 0xF5, 0x67, 0x3E} },
    { 100, 0xA7, 0, {0x2F, 0xD1, 0x5F, 0x7F, 0xFD, 0xF5, 0x67, 0x3E} },
    { 3, 0xA8, 0, {0xC9, 0xD1, 0xBF, 0x07, 0x89, 0x64, 0x46, 0x0F} },
    { 95, 0x121, 0, {0x00, 0x01, 0x00, 0x40, 0x36, 0x62, 0x7E, 0xFE} },
    { 2, 0x3BE, 0, {0x01, 0x16, 0x07, 0x01, 0xA8, 0xC0, 0x08, 0x80} },
    { 3, 0xA7, 0, {0x5B, 0xD2, 0x5F, 0x7F, 0xFD, 0xF5, 0x67, 0x3E} },
    { 2, 0xA8, 0, {0x39, 0xD2, 0xBF, 0x07, 0x89, 0x64, 0x44, 0x0F} },
    { 64, 0x1B000076, 1, {0x76, 0x00, 0x04, 0x01, 0x01, 0x00, 0x00, 0x00} },
    { 28, 0xA7, 0, {0xDA, 0xD3, 0x5F, 0x7F, 0xFD, 0xF5, 0x67, 0x3E} },
    { 3, 0xA8, 0, {0xD6, 0xD3, 0xBF, 0x07, 0x89, 0x64, 0x44, 0x0F} },
    { 95, 0x121, 0, {0x8F, 0x02, 0x00, 0x40, 0x36, 0x62, 0x7E, 0xFE} },
    { 5, 0xA8, 0, {0x66, 0xD4, 0xBF, 0x07, 0x89, 0x64, 0x46, 0x0F} },
    { 3, 0xA7, 0, {0xE0, 0xD4, 0x5F, 0x7F, 0xFD, 0xF5, 0x67, 0x3E} },
    { 95, 0xA7, 0, {0x9B, 0xD5, 0x5F, 0x7F, 0xFD, 0xF5, 0x67, 0x3E} },
    { 2, 0xA8, 0, {0x44, 0xD5, 0xBF, 0x07, 0x89, 0x64, 0x4A, 0x0F} },
    { 96, 0x121, 0, {0x7D, 0x03, 0x00, 0x40, 0x36, 0x62, 0x7E, 0xFE} },
    { 3, 0xA7, 0, {0x08, 0xD6, 0x5F, 0x7F, 0xFD, 0xF5, 0x67, 0x3E} },
    { 2, 0xA8, 0, {0x68, 0xD6, 0xBF, 0x07, 0x89, 0x64, 0x48, 0x0F} },
    { 97, 0xA7, 0, {0x81, 0xD7, 0x5F, 0x7F, 0xFD, 0xF5, 0x67, 0x3E} },
    { 2, 0xA8, 0, {0x11, 0xD7, 0xBF, 0x07, 0x89, 0x64, 0x42, 0x0F} },
    { 95, 0x121, 0, {0xC0, 0x04, 0x00, 0x40, 0x36, 0x62, 0x7E, 0xFE} },
    { 3, 0xA8, 0, {0x85, 0xD8, 0xBF, 0x07, 0x89, 0x64, 0x3E, 0x0F} },
    { 3, 0xA7, 0, {0xCC, 0xD8, 0x5F, 0x7F, 0xFD, 0xF5, 0x67, 0x3E} },
    { 99, 0xA7, 0, {0x1C, 0xD9, 0x5F, 0x7F, 0xFD, 0xF5, 0x67, 0x3E} },
    { 2, 0xA8, 0, {0xEB, 0xD9, 0xBF, 0x07, 0x89, 0x64, 0x3C, 0x0F} },
    { 93, 0x121, 0, {0xF7, 0x05, 0x00, 0x40, 0x36, 0x62, 0x7E, 0xFE} },
    { 2, 0xA7, 0, {0x1A, 0xDA, 0x5F, 0x7F, 0xFD, 0xF5, 0x67, 0x3E} },
    { 3, 0xA8, 0, {0xB4, 0xDA, 0xBF, 0x07, 0x89, 0x64, 0x3C, 0x0F} },
    { 102, 0xA7, 0, {0x74, 0xDB, 0x5F, 0x7F, 0xFD, 0xF5, 0x67, 0x3E} },
    { 2, 0xA8, 0, {0x65, 0xDB, 0xBF, 0x07, 0x89, 0x64, 0x3E, 0x0F} },
    { 92, 0x121, 0, {0xF0, 0x06, 0x00, 0x40, 0x36, 0x62, 0x7E, 0xFE} },
    { 3, 0x3BE, 0, {0x8D, 0x17, 0x07, 0x01, 0xA8, 0xC0, 0x08, 0x80} },
    { 2, 0xA7, 0, {0xCB, 0xDC, 0x5F, 0x7F, 0xFD, 0xF5, 0x67, 0x3E} },
    { 3, 0xA8, 0, {0xD1, 0xDC, 0xBF, 0x07, 0x89, 0x64, 0x40, 0x0F} },
    { 99, 0xA7, 0, {0x3B, 0xDD, 0x5F, 0x7F, 0xFD, 0xF5, 0x67, 0x3E} },
    { 3, 0xA8, 0, {0xC2, 0xDD, 0xBF, 0x07, 0x89, 0x64, 0x40, 0x0F} },
    { 89, 0x121, 0, {0xA3, 0x07, 0x00, 0x40, 0x36, 0x62, 0x7E, 0xFE} },
    { 2, 0xA7, 0, {0xB0, 0xDE, 0x5F, 0x7F, 0xFD, 0xF5, 0x67, 0x3E} },
    { 3, 0xA8, 0, {0x70, 0xDE, 0xBF, 0x07, 0x89, 0x64, 0x40, 0x0F} },
    { 100, 0xA7, 0, {0x6E, 0xDF, 0x5F, 0x7F, 0xFD, 0xF5, 0x67, 0x3E} },
    { 2, 0xA8, 0, {0x55, 0xDF, 0xBF, 0x07, 0x89, 0x64, 0x3E, 0x0F} },
    { 95, 0x121, 0, {0x60, 0x08, 0x00, 0x40, 0x36, 0x62, 0x7E, 0xFE} },
    { 5, 0xA8, 0, {0x3D, 0xD0, 0xBF, 0x07, 0x89, 0x64, 0x3E, 0x0F} },
    { 3, 0xA7, 0, {0xA7, 0xD0, 0x5F, 0x7F, 0xFD, 0xF5, 0x67, 0x3E} },
    { 98, 0xA7, 0, {0x2F, 0xD1, 0x5F, 0x7F, 0xFD, 0xF5, 0x67, 0x3E} },
    { 3, 0xA8, 0, {0x47, 0xD1, 0xBF, 0x07, 0x89, 0x64, 0x3E, 0x0F} },
    { 89, 0x121, 0, {0x9F, 0x09, 0x00, 0x40, 0x36, 0x62, 0x7E, 0xFE} },
    { 2, 0xA7, 0, {0x5B, 0xD2, 0x5F, 0x7F, 0xFD, 0xF5, 0x67, 0x3E} },
    { 3, 0xA8, 0, {0xAB, 0xD2, 0xBF, 0x07, 0x89, 0x64, 0x3E, 0x0F} },
    { 101, 0xA7, 0, {0xDA, 0xD3, 0x5F, 0x7F, 0xFD, 0xF5, 0x67, 0x3E} },
    { 2, 0xA8, 0, {0x44, 0xD3, 0xBF, 0x07, 0x89, 0x64, 0x3E, 0x0F} },
    { 94, 0x121, 0, {0xFA, 0x0A, 0x00, 0x40, 0x36, 0x62, 0x7E, 0xFE} },
    { 3, 0xA8, 0, {0xE8, 0xD4, 0xBF, 0x07, 0x89, 0x64, 0x3E, 0x0F} },
    { 2, 0xA7, 0, {0xE0, 0xD4, 0x5F, 0x7F, 0xFD, 0xF5, 0x67, 0x3E} },
    { 19, 0x640, 0, {0x02, 0x81, 0x70, 0xB7, 0x76, 0x20, 0x03, 0x28} },
    { 84, 0xA7, 0, {0x9B, 0xD5, 0x5F, 0x7F, 0xFD, 0xF5, 0x67, 0x3E} },
    { 2, 0xA8, 0, {0x28, 0xD5, 0xBF, 0x07, 0x89, 0x64, 0x40, 0x0F} },
    { 88, 0x121, 0, {0x51, 0x0B, 0x00, 0x40, 0x36, 0x62, 0x7E, 0xFE} },
    { 2, 0x3BE, 0, {0x77, 0x18, 0x07, 0x01, 0xA8, 0xC0, 0x08, 0x80} },
    { 3, 0xA7, 0, {0x08, 0xD6, 0x5F, 0x7F, 0xFD, 0xF5, 0x67, 0x3E} },
    { 2, 0xA8, 0, {0x18, 0xD6, 0xBF, 0x07, 0x89, 0x64, 0x40, 0x0F} },
    { 68, 0x1B000076, 1, {0x76, 0x00, 0x04, 0x01, 0x01, 0x00, 0x00, 0x00} },
    { 33, 0xA7, 0, {0x81, 0xD7, 0x5F, 0x7F, 0xFD, 0xF5, 0x67, 0x3E} },
    { 2, 0xA8, 0, {0x11, 0xD7, 0xBF, 0x07, 0x89, 0x64, 0x42, 0x0F} },
    { 91, 0x121, 0, {0x94, 0x0C, 0x00, 0x40, 0x36, 0x62, 0x7E, 0xFE} },
    { 5, 0xA8, 0, {0x2F, 0xD8, 0xBF, 0x07, 0x89, 0x64, 0x40, 0x0F} },
    { 2, 0xA7, 0, {0xCC, 0xD8, 0x5F, 0x7F, 0xFD, 0xF5, 0x67, 0x3E} },
    { 95, 0xA7, 0, {0x1C, 0xD9, 0x5F, 0x7F, 0xFD, 0xF5, 0x67, 0x3E} },
    { 2, 0xA8, 0, {0xF7, 0xD9, 0xBF, 0x07, 0x89, 0x64, 0x3E, 0x0F} },
    { 95, 0x121, 0, {0x87, 0x0D, 0x00, 0x40, 0x36, 0x62, 0x7E, 0xFE} },
    { 2, 0xA7, 0, {0x1A, 0xDA, 0x5F, 0x7F, 0xFD, 0xF5, 0x67, 0x3E} },
    { 3, 0xA8, 0, {0xB4, 0xDA, 0xBF, 0x07, 0x89, 0x64, 0x3C, 0x0F} },
    { 104, 0xA7, 0, {0x74, 0xDB, 0x5F, 0x7F, 0xFD, 0xF5, 0x67, 0x3E} },
    { 3, 0xA8, 0, {0x79, 0xDB, 0xBF, 0x07, 0x89, 0x64, 0x3C, 0x0F} },
    { 89, 0x121, 0, {0x14, 0x0E, 0x00, 0x40, 0x36, 0x62, 0x7E, 0xFE} },
    { 3, 0xA8, 0, {0x5F, 0xDC, 0xBF, 0x07, 0x89, 0x64, 0x38, 0x0F} },
    { 2, 0xA7, 0, {0xCB, 0xDC, 0x5F, 0x7F, 0xFD, 0xF5, 0x67, 0x3E} },
    { 98, 0xA7, 0, {0x3B, 0xDD, 0x5F, 0x7F, 0xFD, 0xF5, 0x67, 0x3E} },
    { 2, 0xA8, 0, {0x04, 0xDD, 0xBF, 0x07, 0x89, 0x64, 0x34, 0x0F} },
    { 94, 0x121, 0, {0xA2, 0x0F, 0x00, 0x40, 0x36, 0x62, 0x7E, 0xFE} },
    { 3, 0xA7, 0, {0xB0, 0xDE, 0x5F, 0x7F, 0xFD, 0xF5, 0x67, 0x3E} },
    { 2, 0xA8, 0, {0x3A, 0xDE, 0xBF, 0x07, 0x89, 0x64, 0x2E, 0x0F} },
    { 104, 0xA7, 0, {0x6E, 0xDF, 0x5F, 0x7F, 0xFD, 0xF5, 0x67, 0x3E} },
    { 2, 0xA8, 0, {0xC5, 0xDF, 0xBF, 0x07, 0x89, 0x64, 0x26, 0x0F} },
    { 90, 0x121, 0, {0x6C, 0x00, 0x00, 0x40, 0x36, 0x62, 0x7E, 0xFE} },
    { 2, 0x3BE, 0, {0x54, 0x19, 0x07, 0x01, 0xA8, 0xC0, 0x08, 0x80} },
    { 3, 0xA7, 0, {0xA7, 0xD0, 0x5F, 0x7F, 0xFD, 0xF5, 0x67, 0x3E} },
    { 2, 0xA8, 0, {0x89, 0xD0, 0xBF, 0x07, 0x89, 0x64, 0x20, 0x0F} },
    { 95, 0xA7, 0, {0x2F, 0xD1, 0x5F, 0x7F, 0xFD, 0xF5, 0x67, 0x3E} },
    { 3, 0xA8, 0, {0x90, 0xD1, 0xBF, 0x07, 0x89, 0x64, 0x1A, 0x0F} },
    { 94, 0x121, 0, {0x00, 0x01, 0x00, 0x40, 0x36, 0x62, 0x7E, 0xFE} },
    { 2, 0xA7, 0, {0xEA, 0xD2, 0x5F, 0x7F, 0xFD, 0xF9, 0x67, 0x3E} },
    { 3, 0xA8, 0, {0x60, 0xD2, 0xBF, 0x07, 0x89, 0x64, 0x18, 0x0F} },
    { 101, 0xA7, 0, {0x6B, 0xD3, 0x5F, 0x7F, 0xFD, 0xF9, 0x67, 0x3E} },
    { 3, 0xA8, 0, {0xDB, 0xD3, 0xBF, 0x07, 0x89, 0x64, 0x16, 0x0F} },
    { 91, 0x121, 0, {0x8F, 0x02, 0x00, 0x40, 0x36, 0x62, 0x7E, 0xFE} },
    { 6, 0xA7, 0, {0x51, 0xD4, 0x5F, 0x7F, 0xFD, 0xF9, 0x67, 0x3E} },
    { 2, 0xA8, 0, {0x1B, 0xD4, 0xBF, 0x07, 0x89, 0x64, 0x1C, 0x0F} },
    { 96, 0xA7, 0, {0x01, 0xD5, 0x9F, 0x7F, 0xFD, 0xF9, 0x67, 0x3E} },
    { 2, 0xA8, 0, {0x36, 0xD5, 0xBF, 0x07, 0x89, 0x64, 0x20, 0x0F} },
    { 95, 0x121, 0, {0x7D, 0x03, 0x00, 0x40, 0x36, 0x62, 0x7E, 0xFE} },
    { 2, 0xA7, 0, {0x92, 0xD6, 0x9F, 0x7F, 0xFD, 0xF9, 0x67, 0x3E} },
    { 2, 0xA8, 0, {0x5D, 0xD6, 0xBF, 0x07, 0x89, 0x64, 0x1E, 0x0F} },
    { 101, 0xA7, 0, {0x1B, 0xD7, 0x9F, 0x7F, 0xFD, 0xF9, 0x67, 0x3E} },
    { 2, 0xA8, 0, {0x13, 0xD7, 0xBF, 0x07, 0x89, 0x64, 0x20, 0x0F} },
    { 92, 0x121, 0, {0xC0, 0x04, 0x00, 0x40, 0x36, 0x62, 0x7E, 0xFE} },
    { 3, 0xA8, 0, {0x52, 0xD8, 0xBF, 0x07, 0x89, 0x64, 0x1A, 0x0F} },
    { 3, 0xA7, 0, {0x9F, 0xE8, 0x9F, 0x7F, 0xFD, 0xF9, 0x67, 0x3E} },
    { 100, 0xA7, 0, {0x4F, 0xE9, 0x9F, 0x7F, 0xFD, 0xF9, 0x67, 0x3E} },
    { 2, 0xA8, 0, {0x3C, 0xD9, 0xBF, 0x07, 0x89, 0x64, 0x18, 0x0F} },
    { 92, 0x121, 0, {0xF7, 0x05, 0x00, 0x40, 0x36, 0x62, 0x7E, 0xFE} },
    { 2, 0x3BE, 0, {0x9F, 0x1A, 0x07, 0x01, 0xA8, 0xC0, 0x08, 0x80} },
    { 3, 0xA7, 0, {0x49, 0xEA, 0x9F, 0x7F, 0xFD, 0xF9, 0x67, 0x3E} },
    { 2, 0xA8, 0, {0x63, 0xDA, 0xBF, 0x07, 0x89, 0x64, 0x18, 0x0F} },
    { 67, 0x1B000076, 1, {0x76, 0x00, 0x04, 0x01, 0x01, 0x00, 0x00, 0x00} },
    { 30, 0xA7, 0, {0x27, 0xEB, 0x9F, 0x7F, 0xFD, 0xF9, 0x67, 0x3E} },
    { 3, 0xA8, 0, {0xFA, 0xDB, 0xBF, 0x07, 0x89, 0x64, 0x16, 0x0F} },
    { 94, 0x121, 0, {0xF0, 0x06, 0x00, 0x40, 0x36, 0x62, 0x7E, 0xFE} },
    { 6, 0xA8, 0, {0xB0, 0xDC, 0xBF, 0x07, 0x89, 0x64, 0x18, 0x0F} },
    { 2, 0xA7, 0, {0x98, 0xEC, 0x9F, 0x7F, 0xFD, 0xF9, 0x67, 0x3E} },
    { 96, 0xA7, 0, {0x68, 0xED, 0x9F, 0x7F, 0xFD, 0xF9, 0x67, 0x3E} },
    { 2, 0xA8, 0, {0x87, 0xDD, 0xBF, 0x07, 0x89, 0x64, 0x1E, 0x0F} },
    { 98, 0x121, 0, {0xA3, 0x07, 0x00, 0x40, 0x36, 0x62, 0x7E, 0xFE} },
    { 3, 0xA7, 0, {0xE3, 0xEE, 0x9F, 0x7F, 0xFD, 0xF9, 0x67, 0x3E} },
    { 2, 0xA8, 0, {0x72, 0xDE, 0xBF, 0x07, 0x89, 0x64, 0x22, 0x0F} },
    { 94, 0xA7, 0, {0x3D, 0xEF, 0x9F, 0x7F, 0xFD, 0xF9, 0x67, 0x3E} },
    { 2, 0xA8, 0, {0xC5, 0xDF, 0xBF, 0x07, 0x89, 0x64, 0x26, 0x0F} },
    { 97, 0x121, 0, {0x60, 0x08, 0x00, 0x40, 0x36, 0x62, 0x7E, 0xFE} },
    { 3, 0xA8, 0, {0xC1, 0xD0, 0xBF, 0x07, 0x89, 0x64, 0x2C, 0x0F} },
    { 2, 0xA7, 0, {0xF4, 0xE0, 0x9F, 0x7F, 0xFD, 0xF9, 0x67, 0x3E} },
    { 97, 0xA7, 0, {0x7C, 0xE1, 0x9F, 0x7F, 0xFD, 0xF9, 0x67, 0x3E} },
    { 3, 0xA8, 0, {0x13, 0xD1, 0xBF, 0x07, 0x89, 0x64, 0x30, 0x0F} },
    { 98, 0x121, 0, {0x9F, 0x09, 0x00, 0x40, 0x36, 0x62, 0x7E, 0xFE} },
    { 2, 0xA7, 0, {0x08, 0xE2, 0x9F, 0x7F, 0xFD, 0xF9, 0x67, 0x3E} },
    { 2, 0xA8, 0, {0xE3, 0xD2, 0xBF, 0x07, 0x89, 0x64, 0x32, 0x0F} },
    { 95, 0xA7, 0, {0x89, 0xE3, 0x9F, 0x7F, 0xFD, 0xF9, 0x67, 0x3E} },
    { 3, 0xA8, 0, {0x34, 0xD3, 0xBF, 0x07, 0x89, 0x64, 0x36, 0x0F} },
    { 96, 0x121, 0, {0xFA, 0x0A, 0x00, 0x40, 0x36, 0x62, 0x7E, 0xFE} },
    { 2, 0x3BE, 0, {0xE9, 0x1B, 0x07, 0x01, 0xA8, 0xC0, 0x08, 0x80} },
    { 2, 0xA8, 0, {0xD0, 0xD4, 0xBF, 0x07, 0x89, 0x64, 0x3A, 0x0F} },
    { 3, 0xA7, 0, {0xB3, 0xE4, 0x9F, 0x7F, 0xFD, 0xF9, 0x67, 0x3E} },
    { 94, 0xA7, 0, {0xC8, 0xE5, 0x9F, 0x7F, 0xFD, 0xF9, 0x67, 0x3E} },
    { 2, 0xA8, 0, {0x9E, 0xD5, 0xBF, 0x07, 0x89, 0x64, 0x3C, 0x0F} },
    { 98, 0x121, 0, {0x51, 0x0B, 0x00, 0x40, 0x36, 0x62, 0x7E, 0xFE} },
    { 3, 0xA7, 0, {0x70, 0xE6, 0x5F, 0x7F, 0xFD, 0xF9, 0x67, 0x3E} },
    { 2, 0xA8, 0, {0x18, 0xD6, 0xBF, 0x07, 0x89, 0x64, 0x40, 0x0F} },
    { 93, 0xA7, 0, {0x48, 0xE7, 0x5F, 0x7F, 0xFD, 0xF5, 0x67, 0x3E} },
    { 2, 0xA8, 0, {0x35, 0xD7, 0xBF, 0x07, 0x89, 0x64, 0x44, 0x0F} },
    { 102, 0x121, 0, {0x94, 0x0C, 0x00, 0x40, 0x36, 0x62, 0x7E, 0xFE} },
    { 8, 0xA7, 0, {0x05, 0xE8, 0x5F, 0x7F, 0xFD, 0xF5, 0x67, 0x3E} },
    { 3, 0xA8, 0, {0x17, 0xD8, 0xBF, 0x07, 0x89, 0x64, 0x44, 0x0F} },
    { 89, 0xA7, 0, {0xD5, 0xE9, 0x5F, 0x7F, 0xFD, 0xF5, 0x67, 0x3E} },
    { 3, 0xA8, 0, {0x41, 0xD9, 0xBF, 0x07, 0x89, 0x64, 0x42, 0x0F} },
    { 93, 0x121, 0, {0x87, 0x0D, 0x00, 0x40, 0x36, 0x62, 0x7E, 0xFE} },
    { 8, 0xA7, 0, {0xD3, 0xEA, 0x5F, 0x7F, 0xFD, 0xF5, 0x67, 0x3E} },
    { 4, 0xA8, 0, {0x1E, 0xDA, 0xBF, 0x07, 0x89, 0x64, 0x42, 0x0F} },
    { 91, 0xA7, 0, {0xBD, 0xEB, 0x5F, 0x7F, 0xFD, 0xF5, 0x67, 0x3E} },
    { 2, 0xA8, 0, {0xD3, 0xDB, 0xBF, 0x07, 0x89, 0x64, 0x42, 0x0F} },
    { 98, 0x121, 0, {0x14, 0x0E, 0x00, 0x40, 0x36, 0x62, 0x7E, 0xFE} },
    { 3, 0xA8, 0, {0xE9, 0xDC, 0xBF, 0x07, 0x89, 0x64, 0x44, 0x0F} },
    { 2, 0xA7, 0, {0xCB, 0xDC, 0x5F, 0x7F, 0xFD, 0xF5, 0x67, 0x3E} },
    { 29, 0x641, 0, {0xFD, 0x1B, 0x21, 0x4F, 0x13, 0x0A, 0x55, 0x92} },
    { 67, 0xA7, 0, {0x3B, 0xDD, 0x5F, 0x7F, 0xFD, 0xF5, 0x67, 0x3E} },
    { 3, 0xA8, 0, {0xB2, 0xDD, 0xBF, 0x07, 0x89, 0x64, 0x48, 0x0F} },
    { 92, 0x121, 0, {0xA2, 0x0F, 0x00, 0x40, 0x36, 0x62, 0x7E, 0xFE} },
    { 3, 0x3BE, 0, {0x6C, 0x1C, 0x07, 0x01, 0xA8, 0xC0, 0x08, 0x80} },
    { 2, 0xA7, 0, {0xB0, 0xDE, 0x5F, 0x7F, 0xFD, 0xF5, 0x67, 0x3E} },
    { 3, 0xA8, 0, {0x38, 0xDE, 0xBF, 0x07, 0x89, 0x64, 0x4C, 0x0F} },
    { 67, 0x1B000076, 1, {0x76, 0x00, 0x04, 0x01, 0x01, 0x00, 0x00, 0x00} },
    { 27, 0xA7, 0, {0x6E, 0xDF, 0x5F, 0x7F, 0xFD, 0xF5, 0x67, 0x3E} },
    { 3, 0xA8, 0, {0xB7, 0xDF, 0xBF, 0x07, 0x89, 0x64, 0x4C, 0x0F} },
    { 99, 0x121, 0, {0x6C, 0x00, 0x00, 0x40, 0x36, 0x62, 0x7E, 0xFE} },
    { 5, 0xA8, 0, {0xC3, 0xD0, 0xBF, 0x07, 0x89, 0x64, 0x4E, 0x0F} },
    { 5, 0xA7, 0, {0xA7, 0xD0, 0x5F, 0x7F, 0xFD, 0xF5, 0x67, 0x3E} },
    { 89, 0xA7, 0, {0x2F, 0xD1, 0x5F, 0x7F, 0xFD, 0xF5, 0x67, 0x3E} },
    { 3, 0xA8, 0, {0x81, 0xD1, 0xBF, 0x07, 0x89, 0x64, 0x4A, 0x0F} },
    { 93, 0x121, 0, {0x00, 0x01, 0x00, 0x40, 0x36, 0x62, 0x7E, 0xFE} },
    { 3, 0xA7, 0, {0x5B, 0xD2, 0x5F, 0x7F, 0xFD, 0xF5, 0x67, 0x3E} },
    { 2, 0xA8, 0, {0x71, 0xD2, 0xBF, 0x07, 0x89, 0x64, 0x48, 0x0F} },
    { 99, 0xA7, 0, {0xDA, 0xD3, 0x5F, 0x7F, 0xFD, 0xF5, 0x67, 0x3E} },
    { 2, 0xA8, 0, {0xCA, 0xD3, 0xBF, 0x07, 0x89, 0x64, 0x46, 0x0F} },
    { 99, 0x121, 0, {0x8F, 0x02, 0x00, 0x40, 0x36, 0x62, 0x7E, 0xFE} },
    { 4, 0xA8, 0, {0x7A, 0xD4, 0xBF, 0x07, 0x89, 0x64, 0x44, 0x0F} },
    { 5, 0xA7, 0, {0xE0, 0xD4, 0x5F, 0x7F, 0xFD, 0xF5, 0x67, 0x3E} },
    { 90, 0xA7, 0, {0x9B, 0xD5, 0x5F, 0x7F, 0xFD, 0xF5, 0x67, 0x3E} },
    { 2, 0xA8, 0, {0x44, 0xD5, 0xBF, 0x07, 0x89, 0x64, 0x4A, 0x0F} },
    { 95, 0x121, 0, {0x7D, 0x03, 0x00, 0x40, 0x36, 0x62, 0x7E, 0xFE} },
    { 3, 0xA7, 0, {0x08, 0xD6, 0x5F, 0x7F, 0xFD, 0xF5, 0x67, 0x3E} },
    { 2, 0xA8, 0, {0x4C, 0xD6, 0xBF, 0x07, 0x89, 0x64, 0x4E, 0x0F} },
    { 15, 0x640, 0, {0x02, 0x81, 0x70, 0xB7, 0x76, 0x20, 0x03, 0x28} },
    { 85, 0xA7, 0, {0x81, 0xD7, 0x5F, 0x7F, 0xFD, 0xF5, 0x67, 0x3E} },
    { 2, 0xA8, 0, {0xF1, 0xD7, 0xBF, 0x07, 0x89, 0x64, 0x52, 0x0F} },
    { 97, 0x121, 0, {0xC0, 0x04, 0x00, 0x40, 0x36, 0x62, 0x7E, 0xFE} },
    { 2, 0x3BE, 0, {0xD7, 0x1D, 0x07, 0x01, 0xA8, 0xC0, 0x08, 0x80} },
    { 2, 0xA7, 0, {0xCC, 0xD8, 0x5F, 0x7F, 0xFD, 0xF5, 0x67, 0x3E} },
    { 5, 0xA8, 0, {0xBF, 0xD8, 0xBF, 0x07, 0x89, 0x64, 0x58, 0x0F} },
    { 90, 0xA7, 0, {0x1C, 0xD9, 0x5F, 0x7F, 0xFD, 0xF5, 0x67, 0x3E} },
    { 3, 0xA8, 0, {0xD1, 0xD9, 0xBF, 0x07, 0x89, 0x64, 0x5A, 0x0F} },
    { 95, 0x121, 0, {0xF7, 0x05, 0x00, 0x40, 0x36, 0x62, 0x7E, 0xFE} },
    { 2, 0xA7, 0, {0x1A, 0xDA, 0x5F, 0x7F, 0xFD, 0xF5, 0x67, 0x3E} },
    { 2, 0xA8, 0, {0x8E, 0xDA, 0xBF, 0x07, 0x89, 0x64, 0x5A, 0x0F} },
    { 95, 0xA7, 0, {0x74, 0xDB, 0x5F, 0x7F, 0xFD, 0xF5, 0x67, 0x3E} },
    { 5, 0xA8, 0, {0x43, 0xDB, 0xBF, 0x07, 0x89, 0x64, 0x5A, 0x0F} },
    { 98, 0x121, 0, {0xF0, 0x06, 0x00, 0x40, 0x36, 0x62, 0x7E, 0xFE} },
    { 6, 0xA7, 0, {0xCB, 0xDC, 0x5F, 0x7F, 0xFD, 0xF5, 0x67, 0x3E} },
    { 5, 0xA8, 0, {0x65, 0xDC, 0xBF, 0x07, 0x89, 0x64, 0x5E, 0x0F} },
    { 90, 0xA7, 0, {0x3B, 0xDD, 0x5F, 0x7F, 0xFD, 0xF5, 0x67, 0x3E} },
    { 2, 0xA8, 0, {0x52, 0xDD, 0xBF, 0x07, 0x89, 0x64, 0x58, 0x0F} },
    { 94, 0x121, 0, {0xA3, 0x07, 0x00, 0x40, 0x36, 0x62, 0x7E, 0xFE} },
    { 3, 0xA7, 0, {0xB0, 0xDE, 0x5F, 0x7F, 0xFD, 0xF5, 0x67, 0x3E} },
    { 2, 0xA8, 0, {0xB4, 0xDE, 0xBF, 0x07, 0x89, 0x64, 0x56, 0x0F} },
    { 97, 0xA7, 0, {0x6E, 0xDF, 0x5F, 0x7F, 0xFD, 0xF5, 0x67, 0x3E} },
    { 3, 0xA8, 0, {0x27, 0xDF, 0xBF, 0x07, 0x89, 0x64, 0x54, 0x0F} },
    { 98, 0x121, 0, {0x60, 0x08, 0x00, 0x40, 0x36, 0x62, 0x7E, 0xFE} },
    { 3, 0xA8, 0, {0x77, 0xD0, 0xBF, 0x07, 0x89, 0x64, 0x50, 0x0F} },
    { 2, 0xA7, 0, {0xA7, 0xD0, 0x5F, 0x7F, 0xFD, 0xF5, 0x67, 0x3E} },
    { 97, 0xA7, 0, {0x2F, 0xD1, 0x5F, 0x7F, 0xFD, 0xF5, 0x67, 0x3E} },
    { 3, 0xA8, 0, {0x9D, 0xD1, 0xBF, 0x07, 0x89, 0x64, 0x48, 0x0F} },
    { 91, 0x121, 0, {0x9F, 0x09, 0x00, 0x40, 0x36, 0x62, 0x7E, 0xFE} },
    { 3, 0x3BE, 0, {0xC8, 0x1E, 0x07, 0x01, 0xA8, 0xC0, 0x08, 0x80} },
    { 2, 0xA7, 0, {0x5B, 0xD2, 0x5F, 0x7F, 0xFD, 0xF5, 0x67, 0x3E} },
    { 3, 0xA8, 0, {0x01, 0xD2, 0xBF, 0x07, 0x89, 0x64, 0x40, 0x0F} },
    { 68, 0x1B000076, 1, {0x76, 0x00, 0x04, 0x01, 0x01, 0x00, 0x00, 0x00} },
    { 28, 0xA7, 0, {0xC3, 0xD3, 0x1F, 0x7F, 0xFD, 0xF5, 0x67, 0x3E} },
    { 2, 0xA8, 0, {0x60, 0xD3, 0xBF, 0x07, 0x89, 0x64, 0x38, 0x0F} },
    { 97, 0x121, 0, {0xFA, 0x0A, 0x00, 0x40, 0x36, 0x62, 0x7E, 0xFE} },
    { 6, 0xA8, 0, {0x84, 0xD4, 0xBF, 0x07, 0x89, 0x64, 0x34, 0x0F} },
    { 4, 0xA7, 0, {0xF9, 0xD4, 0x1F, 0x7F, 0xFD, 0xF5, 0x67, 0x3E} },
    { 91, 0xA7, 0, {0x82, 0xD5, 0x1F, 0x7F, 0xFD, 0xF5, 0x67, 0x3E} },
    { 2, 0xA8, 0, {0xF2, 0xD5, 0xBF, 0x07, 0x89, 0x64, 0x36, 0x0F} },
    { 95, 0x121, 0, {0x51, 0x0B, 0x00, 0x40, 0x36, 0x62, 0x7E, 0xFE} },
    { 3, 0xA7, 0, {0x08, 0xD6, 0x5F, 0x7F, 0xFD, 0xF5, 0x67, 0x3E} },
    { 2, 0xA8, 0, {0x8A, 0xD6, 0xBF, 0x07, 0x89, 0x64, 0x3A, 0x0F} },
    { 97, 0xA7, 0, {0x81, 0xD7, 0x5F, 0x7F, 0xFD, 0xF5, 0x67, 0x3E} },
    { 3, 0xA8, 0, {0xBB, 0xD7, 0xBF, 0x07, 0x89, 0x64, 0x3C, 0x0F} },
    { 96, 0x121, 0, {0x94, 0x0C, 0x00, 0x40, 0x36, 0x62, 0x7E, 0xFE} },
    { 4, 0xA8, 0, {0x85, 0xD8, 0xBF, 0x07, 0x89, 0x64, 0x3E, 0x0F} },
    { 2, 0xA7, 0, {0xCC, 0xD8, 0x5F, 0x7F, 0xFD, 0xF5, 0x67, 0x3E} },
    { 98, 0xA7, 0, {0x1C, 0xD9, 0x5F, 0x7F, 0xFD, 0xF5, 0x67, 0x3E} },
    { 2, 0xA8, 0, {0xEB, 0xD9, 0xBF, 0x07, 0x89, 0x64, 0x3C, 0x0F} },
    { 95, 0x121, 0, {0x87, 0x0D, 0x00, 0x40, 0x36, 0x62, 0x7E, 0xFE} },
    { 2, 0xA7, 0, {0x1A, 0xDA, 0x5F, 0x7F, 0xFD, 0xF5, 0x67, 0x3E} },
    { 3, 0xA8, 0, {0xB4, 0xDA, 0xBF, 0x07, 0x89, 0x64, 0x3C, 0x0F} },
    { 105, 0xA7, 0, {0x74, 0xDB, 0x5F, 0x7F, 0xFD, 0xF5, 0x67, 0x3E} },
    { 2, 0xA8, 0, {0x79, 0xDB, 0xBF, 0x07, 0x89, 0x64, 0x3C, 0x0F} },
    { 86, 0x121, 0, {0x14, 0x0E, 0x00, 0x40, 0x36, 0x62, 0x7E, 0xFE} },
    { 3, 0x3BE, 0, {0xC5, 0x1F, 0x07, 0x01, 0xA8, 0xC0, 0x08, 0x80} },
    { 2, 0xA7, 0, {0xCB, 0xDC, 0x5F, 0x7F, 0xFD, 0xF5, 0x67, 0x3E} },
    { 3, 0xA8, 0, {0x43, 0xDC, 0xBF, 0x07, 0x89, 0x64, 0x3A, 0x0F} },
    { 97, 0xA7, 0, {0x3B, 0xDD, 0x5F, 0x7F, 0xFD, 0xF5, 0x67, 0x3E} },
    { 2, 0xA8, 0, {0x74, 0xDD, 0xBF, 0x07, 0x89, 0x64, 0x3C, 0x0F} },
    { 95, 0x121, 0, {0xA2, 0x0F, 0x00, 0x40, 0x36, 0x62, 0x7E, 0xFE} },
    { 2, 0xA7, 0, {0xB0, 0xDE, 0x5F, 0x7F, 0xFD, 0xF5, 0x67, 0x3E} },
    { 3, 0xA8, 0, {0x70, 0xDE, 0xBF, 0x07, 0x89, 0x64, 0x40, 0x0F} },
    { 100, 0xA7, 0, {0x6E, 0xDF, 0x5F, 0x7F, 0xFD, 0xF5, 0x67, 0x3E} },
    { 5, 0xA8, 0, {0xDB, 0xDF, 0xBF, 0x07, 0x89, 0x64, 0x46, 0x0F} },
    { 89, 0x121, 0, {0x6C, 0x00, 0x00, 0x40, 0x36, 0x62, 0x7E, 0xFE} },
    { 5, 0xA7, 0, {0xA7, 0xD0, 0x5F, 0x7F, 0xFD, 0xF5, 0x67, 0x3E} },
    { 2, 0xA8, 0, {0xFB, 0xD0, 0xBF, 0x07, 0x89, 0x64, 0x4A, 0x0F} },
    { 98, 0xA7, 0, {0x2F, 0xD1, 0x5F, 0x7F, 0xFD, 0xF5, 0x67, 0x3E} },
    { 5, 0xA8, 0, {0xB9, 0xD1, 0xBF, 0x07, 0x89, 0x64, 0x4E, 0x0F} },
    { 92, 0x121, 0, {0x00, 0x01, 0x00, 0x40, 0x36, 0x62, 0x7E, 0xFE} },
    { 4, 0xA7, 0, {0x5B, 0xD2, 0x5F, 0x7F, 0xFD, 0xF5, 0x67, 0x3E} },
    { 5, 0xA8, 0, {0x55, 0xD2, 0xBF, 0x07, 0x89, 0x64, 0x4E, 0x0F} },
    { 95, 0xA7, 0, {0xDA, 0xD3, 0x5F, 0x7F, 0xFD, 0xF5, 0x67, 0x3E} },
    { 5, 0xA8, 0, {0xBA, 0xD3, 0xBF, 0x07, 0x89, 0x64, 0x4E, 0x0F} },
    { 87, 0x121, 0, {0x8F, 0x02, 0x00, 0x40, 0x36, 0x62, 0x7E, 0xFE} },
    { 4, 0xA8, 0, {0xA2, 0xD4, 0xBF, 0x07, 0x89, 0x64, 0x50, 0x0F} },
    { 2, 0xA7, 0, {0xE0, 0xD4, 0x5F, 0x7F, 0xFD, 0xF5, 0x67, 0x3E} },
    { 107, 0xA7, 0, {0x9B, 0xD5, 0x5F, 0x7F, 0xFD, 0xF5, 0x67, 0x3E} },
    { 2, 0xA8, 0, {0xD4, 0xD5, 0xBF, 0x07, 0x89, 0x64, 0x52, 0x0F} },
    { 86, 0x121, 0, {0x7D, 0x03, 0x00, 0x40, 0x36, 0x62, 0x7E, 0xFE} },
    { 2, 0x3BE, 0, {0x7C, 0x10, 0x07, 0x01, 0xA8, 0xC0, 0x08, 0x80} },
    { 2, 0xA7, 0, {0x08, 0xD6, 0x5F, 0x7F, 0xFD, 0xF5, 0x67, 0x3E} },
    { 2, 0xA8, 0, {0xC0, 0xD6, 0xBF, 0x07, 0x89, 0x64, 0x54, 0x0F} },
    { 69, 0x1B000076, 1, {0x76, 0x00, 0x04, 0x01, 0x01, 0x00, 0x00, 0x00} },
    { 32, 0xA7, 0, {0x81, 0xD7, 0x5F, 0x7F, 0xFD, 0xF5, 0x67, 0x3E} },
    { 5, 0xA8, 0, {0xC9, 0xD7, 0xBF, 0x07, 0x89, 0x64, 0x56, 0x0F} },
    { 89, 0x121, 0, {0xC0, 0x04, 0x00, 0x40, 0x36, 0x62, 0x7E, 0xFE} },
    { 5, 0xA8, 0, {0xEB, 0xD8, 0xBF, 0x07, 0x89, 0x64, 0x56, 0x0F} },
    { 5, 0xA7, 0, {0xCC, 0xD8, 0x5F, 0x7F, 0xFD, 0xF5, 0x67, 0x3E} },
    { 94, 0xA7, 0, {0x1C, 0xD9, 0x5F, 0x7F, 0xFD, 0xF5, 0x67, 0x3E} },
    { 6, 0xA8, 0, {0x99, 0xD9, 0xBF, 0x07, 0x89, 0x64, 0x56, 0x0F} },
    { 88, 0x121, 0, {0xF7, 0x05, 0x00, 0x40, 0x36, 0x62, 0x7E, 0xFE} },
    { 2, 0xA7, 0, {0x1A, 0xDA, 0x5F, 0x7F, 0xFD, 0xF5, 0x67, 0x3E} },
    { 3, 0xA8, 0, {0xC6, 0xDA, 0xBF, 0x07, 0x89, 0x64, 0x56, 0x0F} },
    { 98, 0xA7, 0, {0x74, 0xDB, 0x5F, 0x7F, 0xFD, 0xF5, 0x67, 0x3E} },
    { 3, 0xA8, 0, {0x5F, 0xDB, 0xBF, 0x07, 0x89, 0x64, 0x58, 0x0F} },
    { 95, 0x121, 0, {0xF0, 0x06, 0x00, 0x40, 0x36, 0x62, 0x7E, 0xFE} },
    { 3, 0xA8, 0, {0x5D, 0xDC, 0xBF, 0x07, 0x89, 0x64, 0x5A, 0x0F} },
    { 3, 0xA7, 0, {0xCB, 0xDC, 0x5F, 0x7F, 0xFD, 0xF5, 0x67, 0x3E} },
    { 101, 0xA7, 0, {0x3B, 0xDD, 0x5F, 0x7F, 0xFD, 0xF5, 0x67, 0x3E} },
    { 5, 0xA8, 0, {0x2D, 0xDD, 0xBF, 0x07, 0x89, 0x64, 0x60, 0x0F} },
    { 88, 0x121, 0, {0xA3, 0x07, 0x00, 0x40, 0x36, 0x62, 0x7E, 0xFE} },
    { 2, 0xA7, 0, {0xB0, 0xDE, 0x5F, 0x7F, 0xFD, 0xF5, 0x67, 0x3E} },
    { 2, 0xA8, 0, {0xC4, 0xDE, 0xBF, 0x07, 0x89, 0x64, 0x5E, 0x0F} },
    { 100, 0xA7, 0, {0x6E, 0xDF, 0x5F, 0x7F, 0xFD, 0xF5, 0x67, 0x3E} },
    { 3, 0xA8, 0, {0x73, 0xDF, 0xBF, 0x07, 0x89, 0x64, 0x5A, 0x0F} },
    { 93, 0x121, 0, {0x60, 0x08, 0x00, 0x40, 0x36, 0x62, 0x7E, 0xFE} },
    { 2, 0x3BE, 0, {0x08, 0x11, 0x07, 0x01, 0xA8, 0xC0, 0x08, 0x80} },
    { 2, 0xA7, 0, {0xA7, 0xD0, 0x5F, 0x7F, 0xFD, 0xF5, 0x67, 0x3E} },
    { 2, 0xA8, 0, {0x07, 0xD0, 0xBF, 0x07, 0x89, 0x64, 0x58, 0x0F} },
    { 101, 0xA7, 0, {0x2F, 0xD1, 0x5F, 0x7F, 0xFD, 0xF5, 0x67, 0x3E} },
    { 5, 0xA8, 0, {0x35, 0xD1, 0xBF, 0x07, 0x89, 0x64, 0x54, 0x0F} },
    { 88, 0x121, 0, {0x9F, 0x09, 0x00, 0x40, 0x36, 0x62, 0x7E, 0xFE} },
    { 3, 0xA7, 0, {0x5B, 0xD2, 0x5F, 0x7F, 0xFD, 0xF5, 0x67, 0x3E} },
    { 2, 0xA8, 0, {0xFD, 0xD2, 0xBF, 0x07, 0x89, 0x64, 0x52, 0x0F} },
    { 97, 0xA7, 0, {0xDA, 0xD3, 0x5F, 0x7F, 0xFD, 0xF5, 0x67, 0x3E} },
    { 2, 0xA8, 0, {0x12, 0xD3, 0xBF, 0x07, 0x89, 0x64, 0x52, 0x0F} },
    { 96, 0x121, 0, {0xFA, 0x0A, 0x00, 0x40, 0x36, 0x62, 0x7E, 0xFE} },
    { 5, 0xA7, 0, {0xE0, 0xD4, 0x5F, 0x7F, 0xFD, 0xF5, 0x67, 0x3E} },
    { 5, 0xA8, 0, {0x16, 0xD4, 0xBF, 0x07, 0x89, 0x64, 0x4E, 0x0F} },
    { 97, 0xA7, 0, {0x9B, 0xD5, 0x5F, 0x7F, 0xFD, 0xF5, 0x67, 0x3E} },
    { 5, 0xA8, 0, {0x44, 0xD5, 0xBF, 0x07, 0x89, 0x64, 0x4A, 0x0F} },
    { 88, 0x121, 0, {0x51, 0x0B, 0x00, 0x40, 0x36, 0x62, 0x7E, 0xFE} },
    { 3, 0xA7, 0, {0x08, 0xD6, 0x5F, 0x7F, 0xFD, 0xF5, 0x67, 0x3E} },
    { 2, 0xA8, 0, {0x68, 0xD6, 0xBF, 0x07, 0x89, 0x64, 0x48, 0x0F} },
    { 98, 0xA7, 0, {0x81, 0xD7, 0x5F, 0x7F, 0xFD, 0xF5, 0x67, 0x3E} },
    { 2, 0xA8, 0, {0x29, 0xD7, 0xBF, 0x07, 0x89, 0x64, 0x46, 0x0F} },
    { 94, 0x121, 0, {0x94, 0x0C, 0x00, 0x40, 0x36, 0x62, 0x7E, 0xFE} },
    { 4, 0xA8, 0, {0x5F, 0xD8, 0xBF, 0x07, 0x89, 0x64, 0x48, 0x0F} },
    { 2, 0xA7, 0, {0xCC, 0xD8, 0x5F, 0x7F, 0xFD, 0xF5, 0x67, 0x3E} },
    { 16, 0x640, 0, {0x02, 0x81, 0x70, 0xB7, 0x76, 0x20, 0x03, 0x28} },
    { 90, 0xA7, 0, {0x1C, 0xD9, 0x5F, 0x7F, 0xFD, 0xF5, 0x67, 0x3E} },
    { 3, 0xA8, 0, {0x31, 0xD9, 0xBF, 0x07, 0x89, 0x64, 0x4A, 0x0F} },
    { 86, 0x121, 0, {0x87, 0x0D, 0x00, 0x40, 0x36, 0x62, 0x7E, 0xFE} },
    { 2, 0x3BE, 0, {0x67, 0x12, 0x07, 0x01, 0xA8, 0xC0, 0x08, 0x80} },
    { 2, 0xA7, 0, {0x1A, 0xDA, 0x5F, 0x7F, 0xFD, 0xF5, 0x67, 0x3E} },
    { 5, 0xA8, 0, {0x4A, 0xDA, 0xBF, 0x07, 0x89, 0x64, 0x4C, 0x0F} },
    { 65, 0x1B000076, 1, {0x76, 0x00, 0x04, 0x01, 0x01, 0x00, 0x00, 0x00} },
    { 28, 0xA7, 0, {0x74, 0xDB, 0x5F, 0x7F, 0xFD, 0xF5, 0x67, 0x3E} },
    { 2, 0xA8, 0, {0x87, 0xDB, 0xBF, 0x07, 0x89, 0x64, 0x4C, 0x0F} },
    { 96, 0x121, 0, {0x14, 0x0E, 0x00, 0x40, 0x36, 0x62, 0x7E, 0xFE} },
    { 4, 0xA8, 0, {0x99, 0xDC, 0xBF, 0x07, 0x89, 0x64, 0x4C, 0x0F} },
    { 5, 0xA7, 0, {0xCB, 0xDC, 0x5F, 0x7F, 0xFD, 0xF5, 0x67, 0x3E} },
    { 97, 0xA7, 0, {0x3B, 0xDD, 0x5F, 0x7F, 0xFD, 0xF5, 0x67, 0x3E} },
    { 5, 0xA8, 0, {0x8A, 0xDD, 0xBF, 0x07, 0x89, 0x64, 0x4C, 0x0F} },
    { 89, 0x121, 0, {0xA2, 0x0F, 0x00, 0x40, 0x36, 0x62, 0x7E, 0xFE} },
    { 2, 0xA7, 0, {0xB0, 0xDE, 0x5F, 0x7F, 0xFD, 0xF5, 0x67, 0x3E} },
    { 2, 0xA8, 0, {0x00, 0xDE, 0xBF, 0x07, 0x89, 0x64, 0x48, 0x0F} },
    { 97, 0xA7, 0, {0x6E, 0xDF, 0x5F, 0x7F, 0xFD, 0xF5, 0x67, 0x3E} },
    { 3, 0xA8, 0, {0xC7, 0xDF, 0xBF, 0x07, 0x89, 0x64, 0x44, 0x0F} },
    { 96, 0x121, 0, {0x6C, 0x00, 0x00, 0x40, 0x36, 0x62, 0x7E, 0xFE} },
    { 3, 0xA8, 0, {0x97, 0xD0, 0xBF, 0x07, 0x89, 0x64, 0x40, 0x0F} },
    { 2, 0xA7, 0, {0xA7, 0xD0, 0x5F, 0x7F, 0xFD, 0xF5, 0x67, 0x3E} },
    { 99, 0xA7, 0, {0x2F, 0xD1, 0x5F, 0x7F, 0xFD, 0xF5, 0x67, 0x3E} },
    { 5, 0xA8, 0, {0x5B, 0xD1, 0xBF, 0x07, 0x89, 0x64, 0x3C, 0x0F} },
    { 90, 0x121, 0, {0x00, 0x01, 0x00, 0x40, 0x36, 0x62, 0x7E, 0xFE} },
    { 2, 0xA7, 0, {0x5B, 0xD2, 0x5F, 0x7F, 0xFD, 0xF5, 0x67, 0x3E} },
    { 3, 0xA8, 0, {0x93, 0xD2, 0xBF, 0x07, 0x89, 0x64, 0x3A, 0x0F} },
    { 100, 0xA7, 0, {0xDA, 0xD3, 0x5F, 0x7F, 0xFD, 0xF5, 0x67, 0x3E} },
    { 5, 0xA8, 0, {0x7C, 0xD3, 0xBF, 0x07, 0x89, 0x64, 0x3A, 0x0F} },
    { 90, 0x121, 0, {0x8F, 0x02, 0x00, 0x40, 0x36, 0x62, 0x7E, 0xFE} },
    { 2, 0x3BE, 0, {0x94, 0x13, 0x07, 0x01, 0xA8, 0xC0, 0x08, 0x80} },
    { 3, 0xA7, 0, {0xE0, 0xD4, 0x5F, 0x7F, 0xFD, 0xF5, 0x67, 0x3E} },
    { 2, 0xA8, 0, {0xCC, 0xD4, 0xBF, 0x07, 0x89, 0x64, 0x38, 0x0F} },
    { 98, 0xA7, 0, {0x9B, 0xD5, 0x5F, 0x7F, 0xFD, 0xF5, 0x67, 0x3E} },
    { 5, 0xA8, 0, {0xA6, 0xD5, 0xBF, 0x07, 0x89, 0x64, 0x38, 0x0F} },
    { 92, 0x121, 0, {0x7D, 0x03, 0x00, 0x40, 0x36, 0x62, 0x7E, 0xFE} },
    { 2, 0xA7, 0, {0x08, 0xD6, 0x5F, 0x7F, 0xFD, 0xF5, 0x67, 0x3E} },
    { 2, 0xA8, 0, {0xAE, 0xD6, 0xBF, 0x07, 0x89, 0x64, 0x3C, 0x0F} },
    { 98, 0xA7, 0, {0x81, 0xD7, 0x5F, 0x7F, 0xFD, 0xF5, 0x67, 0x3E} },
    { 3, 0xA8, 0, {0xA7, 0xD7, 0xBF, 0x07, 0x89, 0x64, 0x3E, 0x0F} },
    { 99, 0x121, 0, {0xC0, 0x04, 0x00, 0x40, 0x36, 0x62, 0x7E, 0xFE} },
    { 4, 0xA7, 0, {0xCC, 0xD8, 0x5F, 0x7F, 0xFD, 0xF5, 0x67, 0x3E} },
    { 2, 0xA8, 0, {0x85, 0xD8, 0xBF, 0x07, 0x89, 0x64, 0x3E, 0x0F} },
    { 93, 0xA7, 0, {0x1C, 0xD9, 0x5F, 0x7F, 0xFD, 0xF5, 0x67, 0x3E} },
    { 2, 0xA8, 0, {0x41, 0xD9, 0xBF, 0x07, 0x89, 0x64, 0x42, 0x0F} },
    { 96, 0x121, 0, {0xF7, 0x05, 0x00, 0x40, 0x36, 0x62, 0x7E, 0xFE} },
    { 7, 0xA7, 0, {0x1A, 0xDA, 0x5F, 0x7F, 0xFD, 0xF5, 0x67, 0x3E} },
    { 3, 0xA8, 0, {0x1E, 0xDA, 0xBF, 0x07, 0x89, 0x64, 0x42, 0x0F} },
    { 91, 0xA7, 0, {0x74, 0xDB, 0x5F, 0x7F, 0xFD, 0xF5, 0x67, 0x3E} },
    { 3, 0xA8, 0, {0xF7, 0xDB, 0xBF, 0x07, 0x89, 0x64, 0x44, 0x0F} },
    { 98, 0x121, 0, {0xF0, 0x06, 0x00, 0x40, 0x36, 0x62, 0x7E, 0xFE} },
    { 5, 0xA7, 0, {0xCB, 0xDC, 0x5F, 0x7F, 0xFD, 0xF5, 0x67, 0x3E} },
    { 3, 0xA8, 0, {0xF5, 0xDC, 0xBF, 0x07, 0x89, 0x64, 0x46, 0x0F} },
    { 93, 0xA7, 0, {0x3B, 0xDD, 0x5F, 0x7F, 0xFD, 0xF5, 0x67, 0x3E} },
    { 5, 0xA8, 0, {0xE6, 0xDD, 0xBF, 0x07, 0x89, 0x64, 0x46, 0x0F} },
    { 93, 0x121, 0, {0xA3, 0x07, 0x00, 0x40, 0x36, 0x62, 0x7E, 0xFE} },
    { 2, 0x3BE, 0, {0x63, 0x14, 0x07, 0x01, 0xA8, 0xC0, 0x08, 0x80} },
    { 5, 0xA7, 0, {0xB0, 0xDE, 0x5F, 0x7F, 0xFD, 0xF5, 0x67, 0x3E} },
    { 2, 0xA8, 0, {0x6C, 0xDE, 0xBF, 0x07, 0x89, 0x64, 0x42, 0x0F} },
    { 62, 0x1B000076, 1, {0x76, 0x00, 0x04, 0x01, 0x01, 0x00, 0x00, 0x00} },
    { 29, 0xA7, 0, {0x6E, 0xDF, 0x5F, 0x7F, 0xFD, 0xF5, 0x67, 0x3E} },
    { 5, 0xA8, 0, {0x49, 0xDF, 0xBF, 0x07, 0x89, 0x64, 0x3C, 0x0F} },
    { 97, 0x121, 0, {0x60, 0x08, 0x00, 0x40, 0x36, 0x62, 0x7E, 0xFE} },
    { 4, 0xA7, 0, {0xA7, 0xD0, 0x5F, 0x7F, 0xFD, 0xF5, 0x67, 0x3E} },
    { 3, 0xA8, 0, {0x19, 0xD0, 0xBF, 0x07, 0x89, 0x64, 0x38, 0x0F} },
    { 4, 0xA7, 0, {0x2F, 0xD1, 0x5F, 0x7F, 0xFD, 0xF5, 0x67, 0x3E} },
    { 2, 0xA8, 0, {0x37, 0xD1, 0xBF, 0x07, 0x89, 0x64, 0x36, 0x0F} },
    { 99, 0x121, 0, {0x9F, 0x09, 0x00, 0x40, 0x36, 0x62, 0x7E, 0xFE} },
    { 5, 0xA7, 0, {0x5B, 0xD2, 0x5F, 0x7F, 0xFD, 0xF5, 0x67, 0x3E} },
    { 3, 0xA8, 0, {0x8F, 0xD2, 0xBF, 0x07, 0x89, 0x64, 0x38, 0x0F} },
    { 92, 0xA7, 0, {0xDA, 0xD3, 0x5F, 0x7F, 0xFD, 0xF5, 0x67, 0x3E} },
    { 2, 0xA8, 0, {0x44, 0xD3, 0xBF, 0x07, 0x89, 0x64, 0x3E, 0x0F} },
    { 95, 0x121, 0, {0xFA, 0x0A, 0x00, 0x40, 0x36, 0x62, 0x7E, 0xFE} },
    { 8, 0xA8, 0, {0x42, 0xD4, 0xBF, 0x07, 0x89, 0x64, 0x40, 0x0F} },
    { 2, 0xA7, 0, {0xE0, 0xD4, 0x5F, 0x7F, 0xFD, 0xF5, 0x67, 0x3E} },
    { 92, 0xA7, 0, {0x9B, 0xD5, 0x5F, 0x7F, 0xFD, 0xF5, 0x67, 0x3E} },
    { 3, 0xA8, 0, {0x28, 0xD5, 0xBF, 0x07, 0x89, 0x64, 0x40, 0x0F} },
    { 97, 0x121, 0, {0x51, 0x0B, 0x00, 0x40, 0x36, 0x62, 0x7E, 0xFE} },
    { 3, 0xA7, 0, {0x08, 0xD6, 0x5F, 0x7F, 0xFD, 0xF5, 0x67, 0x3E} },
    { 5, 0xA8, 0, {0x18, 0xD6, 0xBF, 0x07, 0x89, 0x64, 0x40, 0x0F} },
    { 94, 0xA7, 0, {0x81, 0xD7, 0x5F, 0x7F, 0xFD, 0xF5, 0x67, 0x3E} },
    { 5, 0xA8, 0, {0x11, 0xD7, 0xBF, 0x07, 0x89, 0x64, 0x42, 0x0F} },
    { 90, 0x121, 0, {0x94, 0x0C, 0x00, 0x40, 0x36, 0x62, 0x7E, 0xFE} },
    { 3, 0x3BE, 0, {0x1C, 0x15, 0x07, 0x01, 0xA8, 0xC0, 0x08, 0x80} },
    { 2, 0xA8, 0, {0x17, 0xD8, 0xBF, 0x07, 0x89, 0x64, 0x44, 0x0F} },
    { 5, 0xA7, 0, {0xCC, 0xD8, 0x5F, 0x7F, 0xFD, 0xF5, 0x67, 0x3E} },
    { 94, 0xA7, 0, {0x1C, 0xD9, 0x5F, 0x7F, 0xFD, 0xF5, 0x67, 0x3E} },
    { 2, 0xA8, 0, {0x2D, 0xD9, 0xBF, 0x07, 0x89, 0x64, 0x48, 0x0F} },
    { 98, 0x121, 0, {0x87, 0x0D, 0x00, 0x40, 0x36, 0x62, 0x7E, 0xFE} },
    { 2, 0xA7, 0, {0x1A, 0xDA, 0x5F, 0x7F, 0xFD, 0xF5, 0x67, 0x3E} },
    { 5, 0xA8, 0, {0x6E, 0xDA, 0xBF, 0x07, 0x89, 0x64, 0x4A, 0x0F} },
    { 91, 0xA7, 0, {0x74, 0xDB, 0x5F, 0x7F, 0xFD, 0xF5, 0x67, 0x3E} },
    { 3, 0xA8, 0, {0x2F, 0xDB, 0xBF, 0x07, 0x89, 0x64, 0x50, 0x0F} },
    { 95, 0x121, 0, {0x14, 0x0E, 0x00, 0x40, 0x36, 0x62, 0x7E, 0xFE} },
    { 5, 0xA7, 0, {0xCB, 0xDC, 0x5F, 0x7F, 0xFD, 0xF5, 0x67, 0x3E} },
    { 5, 0xA8, 0, {0x09, 0xDC, 0xBF, 0x07, 0x89, 0x64, 0x54, 0x0F} },
    { 93, 0xA7, 0, {0x3B, 0xDD, 0x5F, 0x7F, 0xFD, 0xF5, 0x67, 0x3E} },
    { 3, 0xA8, 0, {0x4E, 0xDD, 0xBF, 0x07, 0x89, 0x64, 0x5A, 0x0F} },
    { 98, 0x121, 0, {0xA2, 0x0F, 0x00, 0x40, 0x36, 0x62, 0x7E, 0xFE} },
    { 5, 0xA7, 0, {0xB0, 0xDE, 0x5F, 0x7F, 0xFD, 0xF5, 0x67, 0x3E} },
    { 2, 0xA8, 0, {0xC4, 0xDE, 0xBF, 0x07, 0x89, 0x64, 0x5E, 0x0F} },
    { 92, 0xA7, 0, {0x6E, 0xDF, 0x5F, 0x7F, 0xFD, 0xF5, 0x67, 0x3E} },
    { 2, 0xA8, 0, {0x10, 0xDF, 0xBF, 0x07, 0x89, 0x64, 0x60, 0x0F} },
    { 95, 0x121, 0, {0x6C, 0x00, 0x00, 0x40, 0x36, 0x62, 0x7E, 0xFE} },
    { 3, 0xA8, 0, {0x64, 0xD0, 0xBF, 0x07, 0x89, 0x64, 0x62, 0x0F} },
    { 2, 0xA7, 0, {0xA7, 0xD0, 0x5F, 0x7F, 0xFD, 0xF5, 0x67, 0x3E} },
    { 33, 0x641, 0, {0xEE, 0x1C, 0x21, 0x4F, 0x13, 0x0A, 0x55, 0x92} },
    { 67, 0xA7, 0, {0x2F, 0xD1, 0x5F, 0x7F, 0xFD, 0xF5, 0x67, 0x3E} },
    { 5, 0xA8, 0, {0x3A, 0xD1, 0xBF, 0x07, 0x89, 0x64, 0x64, 0x0F} },
    { 94, 0x121, 0, {0x00, 0x01, 0x00, 0x40, 0x36, 0x62, 0x7E, 0xFE} },
    { 2, 0x3BE, 0, {0x01, 0x16, 0x07, 0x01, 0xA8, 0xC0, 0x08, 0x80} },
    { 5, 0xA7, 0, {0x5B, 0xD2, 0x5F, 0x7F, 0xFD, 0xF5, 0x67, 0x3E} },
    { 2, 0xA8, 0, {0x9E, 0xD2, 0xBF, 0x07, 0x89, 0x64, 0x68, 0x0F} },
    { 64, 0x1B000076, 1, {0x76, 0x00, 0x04, 0x01, 0x01, 0x00, 0x00, 0x00} },
    { 26, 0xA7, 0, {0xDA, 0xD3, 0x5F, 0x7F, 0xFD, 0xF5, 0x67, 0x3E} },
    { 2, 0xA8, 0, {0x71, 0xD3, 0xBF, 0x07, 0x89, 0x64, 0x68, 0x0F} },
    { 96, 0x121, 0, {0x8F, 0x02, 0x00, 0x40, 0x36, 0x62, 0x7E, 0xFE} },
    { 5, 0xA8, 0, {0xDD, 0xD4, 0xBF, 0x07, 0x89, 0x64, 0x68, 0x0F} },
    { 4, 0xA7, 0, {0xF9, 0xD4, 0x1F, 0x7F, 0xFD, 0xF5, 0x67, 0x3E} },
    { 93, 0xA7, 0, {0x82, 0xD5, 0x1F, 0x7F, 0xFD, 0xF5, 0x67, 0x3E} },
    { 2, 0xA8, 0, {0xB7, 0xD5, 0xBF, 0x07, 0x89, 0x64, 0x68, 0x0F} },
    { 98, 0x121, 0, {0x7D, 0x03, 0x00, 0x40, 0x36, 0x62, 0x7E, 0xFE} },
    { 3, 0xA7, 0, {0x11, 0xD6, 0x1F, 0x7F, 0xFD, 0xF5, 0x67, 0x3E} },
    { 5, 0xA8, 0, {0xCF, 0xD6, 0xBF, 0x07, 0x89, 0x64, 0x64, 0x0F} },
    { 92, 0xA7, 0, {0x98, 0xD7, 0x1F, 0x7F, 0xFD, 0xF5, 0x67, 0x3E} },
    { 2, 0xA8, 0, {0xB9, 0xD7, 0xBF, 0x07, 0x89, 0x64, 0x5E, 0x0F} },
    { 96, 0x121, 0, {0xC0, 0x04, 0x00, 0x40, 0x36, 0x62, 0x7E, 0xFE} },
    { 2, 0xA8, 0, {0xBF, 0xD8, 0xBF, 0x07, 0x89, 0x64, 0x58, 0x0F} },
    { 5, 0xA7, 0, {0xCC, 0xD8, 0x5F, 0x7F, 0xFD, 0xF5, 0x67, 0x3E} },
    { 95, 0xA7, 0, {0x1C, 0xD9, 0x5F, 0x7F, 0xFD, 0xF5, 0x67, 0x3E} },
    { 2, 0xA8, 0, {0xCD, 0xD9, 0xBF, 0x07, 0x89, 0x64, 0x58, 0x0F} },
    { 99, 0x121, 0, {0xF7, 0x05, 0x00, 0x40, 0x36, 0x62, 0x7E, 0xFE} },
    { 4, 0xA7, 0, {0x1A, 0xDA, 0x5F, 0x7F, 0xFD, 0xF5, 0x67, 0x3E} },
    { 3, 0xA8, 0, {0xC6, 0xDA, 0xBF, 0x07, 0x89, 0x64, 0x56, 0x0F} },
    { 14, 0x640, 0, {0x02, 0x81, 0x70, 0xB7, 0x76, 0x20, 0x03, 0x28} },
    { 80, 0xA7, 0, {0x74, 0xDB, 0x5F, 0x7F, 0xFD, 0xF5, 0x67, 0x3E} },
    { 4, 0xA8, 0, {0x67, 0xDB, 0xBF, 0x07, 0x89, 0x64, 0x5C, 0x0F} },
    { 91, 0x121, 0, {0xF0, 0x06, 0x00, 0x40, 0x36, 0x62, 0x7E, 0xFE} },
    { 2, 0x3BE, 0, {0x8D, 0x17, 0x07, 0x01, 0xA8, 0xC0, 0x08, 0x80} },
    { 2, 0xA7, 0, {0xCB, 0xDC, 0x5F, 0x7F, 0xFD, 0xF5, 0x67, 0x3E} },
    { 5, 0xA8, 0, {0x65, 0xDC, 0xBF, 0x07, 0x89, 0x64, 0x5E, 0x0F} },
    { 94, 0xA7, 0, {0x3B, 0xDD, 0x5F, 0x7F, 0xFD, 0xF5, 0x67, 0x3E} },
    { 5, 0xA8, 0, {0x76, 0xDD, 0xBF, 0x07, 0x89, 0x64, 0x5E, 0x0F} },
    { 95, 0x121, 0, {0xA3, 0x07, 0x00, 0x40, 0x36, 0x62, 0x7E, 0xFE} },
    { 5, 0xA7, 0, {0xB0, 0xDE, 0x5F, 0x7F, 0xFD, 0xF5, 0x67, 0x3E} },
    { 3, 0xA8, 0, {0xC4, 0xDE, 0xBF, 0x07, 0x89, 0x64, 0x5E, 0x0F} },
    { 91, 0xA7, 0, {0x6E, 0xDF, 0x5F, 0x7F, 0xFD, 0xF5, 0x67, 0x3E} },
    { 2, 0xA8, 0, {0x73, 0xDF, 0xBF, 0x07, 0x89, 0x64, 0x5A, 0x0F} },
    { 97, 0x121, 0, {0x60, 0x08, 0x00, 0x40, 0x36, 0x62, 0x7E, 0xFE} },
    { 7, 0xA7, 0, {0xA7, 0xD0, 0x5F, 0x7F, 0xFD, 0xF5, 0x67, 0x3E} },
    { 3, 0xA8, 0, {0x07, 0xD0, 0xBF, 0x07, 0x89, 0x64, 0x58, 0x0F} },
    { 92, 0xA7, 0, {0x2F, 0xD1, 0x5F, 0x7F, 0xFD, 0xF5, 0x67, 0x3E} },
    { 5, 0xA8, 0, {0x7D, 0xD1, 0xBF, 0x07, 0x89, 0x64, 0x58, 0x0F} },
    { 95, 0x121, 0, {0x9F, 0x09, 0x00, 0x40, 0x36, 0x62, 0x7E, 0xFE} },
    { 2, 0xA7, 0, {0x5B, 0xD2, 0x5F, 0x7F, 0xFD, 0xF5, 0x67, 0x3E} },
    { 5, 0xA8, 0, {0xC5, 0xD2, 0xBF, 0x07, 0x89, 0x64, 0x56, 0x0F} },
    { 93, 0xA7, 0, {0xDA, 0xD3, 0x5F, 0x7F, 0xFD, 0xF5, 0x67, 0x3E} },
    { 2, 0xA8, 0, {0x36, 0xD3, 0xBF, 0x07, 0x89, 0x64, 0x54, 0x0F} },
    { 94, 0x121, 0, {0xFA, 0x0A, 0x00, 0x40, 0x36, 0x62, 0x7E, 0xFE} },
    { 4, 0xA8, 0, {0x9A, 0xD4, 0xBF, 0x07, 0x89, 0x64, 0x54, 0x0F} },
    { 2, 0xA7, 0, {0xE0, 0xD4, 0x5F, 0x7F, 0xFD, 0xF5, 0x67, 0x3E} },
    { 103, 0xA7, 0, {0x9B, 0xD5, 0x5F, 0x7F, 0xFD, 0xF5, 0x67, 0x3E} },
    { 2, 0xA8, 0, {0xF0, 0xD5, 0xBF, 0x07, 0x89, 0x64, 0x54, 0x0F} },
    { 92, 0x121, 0, {0x51, 0x0B, 0x00, 0x40, 0x36, 0x62, 0x7E, 0xFE} },
    { 2, 0x3BE, 0, {0x77, 0x18, 0x07, 0x01, 0xA8, 0xC0, 0x08, 0x80} },
    { 5, 0xA7, 0, {0x08, 0xD6, 0x5F, 0x7F, 0xFD, 0xF5, 0x67, 0x3E} },
    { 2, 0xA8, 0, {0xC0, 0xD6, 0xBF, 0x07, 0x89, 0x64, 0x54, 0x0F} },
    { 64, 0x1B000076, 1, {0x76, 0x00, 0x04, 0x01, 0x01, 0x00, 0x00, 0x00} },
    { 28, 0xA7, 0, {0x81, 0xD7, 0x5F, 0x7F, 0xFD, 0xF5, 0x67, 0x3E} },
    { 2, 0xA8, 0, {0xC9, 0xD7, 0xBF, 0x07, 0x89, 0x64, 0x56, 0x0F} },
    { 98, 0x121, 0, {0x94, 0x0C, 0x00, 0x40, 0x36, 0x62, 0x7E, 0xFE} },
    { 5, 0xA7, 0, {0xD5, 0xD8, 0x1F, 0x7F, 0xFD, 0xF5, 0x67, 0x3E} },
    { 2, 0xA8, 0, {0xEB, 0xD8, 0xBF, 0x07, 0x89, 0x64, 0x56, 0x0F} },
    { 95, 0xA7, 0, {0x05, 0xD9, 0x1F, 0x7F, 0xFD, 0xF5, 0x67, 0x3E} },
    { 5, 0xA8, 0, {0xA1, 0xD9, 0xBF, 0x07, 0x89, 0x64, 0x52, 0x0F} },
    { 91, 0x121, 0, {0x87, 0x0D, 0x00, 0x40, 0x36, 0x62, 0x7E, 0xFE} },
    { 2, 0xA7, 0, {0x03, 0xDA, 0x1F, 0x7F, 0xFD, 0xF5, 0x67, 0x3E} },
    { 5, 0xA8, 0, {0xFE, 0xDA, 0xBF, 0x07, 0x89, 0x64, 0x52, 0x0F} },
    { 96, 0xA7, 0, {0x6D, 0xDB, 0x1F, 0x7F, 0xFD, 0xF5, 0x67, 0x3E} },
    { 5, 0xA8, 0, {0x2F, 0xDB, 0xBF, 0x07, 0x89, 0x64, 0x50, 0x0F} },
    { 94, 0x121, 0, {0x14, 0x0E, 0x00, 0x40, 0x36, 0x62, 0x7E, 0xFE} },
    { 4, 0xA8, 0, {0x31, 0xDC, 0xBF, 0x07, 0x89, 0x64, 0x50, 0x0F} },
    { 3, 0xA7, 0, {0xCB, 0xDC, 0x5F, 0x7F, 0xFD, 0xF5, 0x67, 0x3E} },
    { 97, 0xA7, 0, {0x3B, 0xDD, 0x5F, 0x7F, 0xFD, 0xF5, 0x67, 0x3E} },
    { 5, 0xA8, 0, {0x3E, 0xDD, 0xBF, 0x07, 0x89, 0x64, 0x52, 0x0F} },
    { 88, 0x121, 0, {0xA2, 0x0F, 0x00, 0x40, 0x36, 0x62, 0x7E, 0xFE} },
    { 2, 0xA7, 0, {0xB0, 0xDE, 0x5F, 0x7F, 0xFD, 0xF5, 0x67, 0x3E} },
    { 3, 0xA8, 0, {0x8C, 0xDE, 0xBF, 0x07, 0x89, 0x64, 0x52, 0x0F} },
    { 104, 0xA7, 0, {0x6E, 0xDF, 0x5F, 0x7F, 0xFD, 0xF5, 0x67, 0x3E} },
    { 3, 0xA8, 0, {0x27, 0xDF, 0xBF, 0x07, 0x89, 0x64, 0x54, 0x0F} },
    { 90, 0x121, 0, {0x6C, 0x00, 0x00, 0x40, 0x36, 0x62, 0x7E, 0xFE} },
    { 2, 0x3BE, 0, {0x54, 0x19, 0x07, 0x01, 0xA8, 0xC0, 0x08, 0x80} },
    { 5, 0xA7, 0, {0xA7, 0xD0, 0x5F, 0x7F, 0xFD, 0xF5, 0x67, 0x3E} },
    { 2, 0xA8, 0, {0x4F, 0xD0, 0xBF, 0x07, 0x89, 0x64, 0x54, 0x0F} },
    { 96, 0xA7, 0, {0x2F, 0xD1, 0x5F, 0x7F, 0xFD, 0xF5, 0x67, 0x3E} },
    { 7, 0xA8, 0, {0x29, 0xD1, 0xBF, 0x07, 0x89, 0x64, 0x56, 0x0F} },
    { 87, 0x121, 0, {0x00, 0x01, 0x00, 0x40, 0x36, 0x62, 0x7E, 0xFE} },
    { 2, 0xA7, 0, {0x5B, 0xD2, 0x5F, 0x7F, 0xFD, 0xF5, 0x67, 0x3E} },
    { 5, 0xA8, 0, {0x91, 0xD2, 0xBF, 0x07, 0x89, 0x64, 0x58, 0x0F} },
    { 100, 0xA7, 0, {0xDA, 0xD3, 0x5F, 0x7F, 0xFD, 0xF5, 0x67, 0x3E} },
    { 2, 0xA8, 0, {0x62, 0xD3, 0xBF, 0x07, 0x89, 0x64, 0x5A, 0x0F} },
    { 92, 0x121, 0, {0x8F, 0x02, 0x00, 0x40, 0x36, 0x62, 0x7E, 0xFE} },
    { 5, 0xA8, 0, {0xCE, 0xD4, 0xBF, 0x07, 0x89, 0x64, 0x5A, 0x0F} },
    { 3, 0xA7, 0, {0xE0, 0xD4, 0x5F, 0x7F, 0xFD, 0xF5, 0x67, 0x3E} },
    { 97, 0xA7, 0, {0x9B, 0xD5, 0x5F, 0x7F, 0xFD, 0xF5, 0x67, 0x3E} },
    { 5, 0xA8, 0, {0xA4, 0xD5, 0xBF, 0x07, 0x89, 0x64, 0x5A, 0x0F} },
    { 89, 0x121, 0, {0x7D, 0x03, 0x00, 0x40, 0x36, 0x62, 0x7E, 0xFE} },
    { 2, 0xA7, 0, {0x08, 0xD6, 0x5F, 0x7F, 0xFD, 0xF5, 0x67, 0x3E} },
    { 5, 0xA8, 0, {0x88, 0xD6, 0xBF, 0x07, 0x89, 0x64, 0x58, 0x0F} },
    { 101, 0xA7, 0, {0x81, 0xD7, 0x5F, 0x7F, 0xFD, 0xF5, 0x67, 0x3E} },
    { 2, 0xA8, 0, {0x81, 0xD7, 0xBF, 0x07, 0x89, 0x64, 0x5A, 0x0F} },
    { 91, 0x121, 0, {0xC0, 0x04, 0x00, 0x40, 0x36, 0x62, 0x7E, 0xFE} },
    { 5, 0xA7, 0, {0xCC, 0xD8, 0x5F, 0x7F, 0xFD, 0xF5, 0x67, 0x3E} },
    { 2, 0xA8, 0, {0xA3, 0xD8, 0xBF, 0x07, 0x89, 0x64, 0x5A, 0x0F} },
    { 98, 0xA7, 0, {0x1C, 0xD9, 0x5F, 0x7F, 0xFD, 0xF5, 0x67, 0x3E} },
    { 7, 0xA8, 0, {0xD1, 0xD9, 0xBF, 0x07, 0x89, 0x64, 0x5A, 0x0F} },
    { 86, 0x121, 0, {0xF7, 0x05, 0x00, 0x40, 0x36, 0x62, 0x7E, 0xFE} },
    { 2, 0x3BE, 0, {0x9F, 0x1A, 0x07, 0x01, 0xA8, 0xC0, 0x08, 0x80} },
    { 5, 0xA7, 0, {0x1A, 0xDA, 0x5F, 0x7F, 0xFD, 0xF5, 0x67, 0x3E} },
    { 2, 0xA8, 0, {0x8E, 0xDA, 0xBF, 0x07, 0x89, 0x64, 0x5A, 0x0F} },
    { 67, 0x1B000076, 1, {0x76, 0x00, 0x04, 0x01, 0x01, 0x00, 0x00, 0x00} },
    { 30, 0xA7, 0, {0x74, 0xDB, 0x5F, 0x7F, 0xFD, 0xF5, 0x67, 0x3E} },
    { 8, 0xA8, 0, {0x0B, 0xDB, 0xBF, 0x07, 0x89, 0x64, 0x56, 0x0F} },
    { 87, 0x121, 0, {0xF0, 0x06, 0x00, 0x40, 0x36, 0x62, 0x7E, 0xFE} },
    { 7, 0xA7, 0, {0xCB, 0xDC, 0x5F, 0x7F, 0xFD, 0xF5, 0x67, 0x3E} },
    { 2, 0xA8, 0, {0x85, 0xDC, 0xBF, 0x07, 0x89, 0x64, 0x4E, 0x0F} },
    { 93, 0xA7, 0, {0x22, 0xDD, 0x1F, 0x7F, 0xFD, 0xF5, 0x67, 0x3E} },
    { 4, 0xA8, 0, {0x8A, 0xDD, 0xBF, 0x07, 0x89, 0x64, 0x4C, 0x0F} },
    { 93, 0x121, 0, {0xA3, 0x07, 0x00, 0x40, 0x36, 0x62, 0x7E, 0xFE} },
    { 2, 0xA7, 0, {0xA9, 0xDE, 0x1F, 0x7F, 0xFD, 0xF5, 0x67, 0x3E} },
    { 5, 0xA8, 0, {0x00, 0xDE, 0xBF, 0x07, 0x89, 0x64, 0x48, 0x0F} },
    { 99, 0xA7, 0, {0x77, 0xDF, 0x1F, 0x7F, 0xFD, 0xF5, 0x67, 0x3E} },
    { 5, 0xA8, 0, {0x8F, 0xDF, 0xBF, 0x07, 0x89, 0x64, 0x48, 0x0F} },
    { 90, 0x121, 0, {0x60, 0x08, 0x00, 0x40, 0x36, 0x62, 0x7E, 0xFE} },
    { 2, 0xA8, 0, {0xDF, 0xD0, 0xBF, 0x07, 0x89, 0x64, 0x4C, 0x0F} },
    { 5, 0xA7, 0, {0xBE, 0xD0, 0x1F, 0x7F, 0xFD, 0xF5, 0x67, 0x3E} },
    { 95, 0xA7, 0, {0x2F, 0xD1, 0x5F, 0x7F, 0xFD, 0xF5, 0x67, 0x3E} },
    { 5, 0xA8, 0, {0xB9, 0xD1, 0xBF, 0x07, 0x89, 0x64, 0x4E, 0x0F} },
    { 92, 0x121, 0, {0x9F, 0x09, 0x00, 0x40, 0x36, 0x62, 0x7E, 0xFE} },
    { 2, 0xA7, 0, {0x5B, 0xD2, 0x5F, 0x7F, 0xFD, 0xF5, 0x67, 0x3E} },
    { 4, 0xA8, 0, {0x55, 0xD2, 0xBF, 0x07, 0x89, 0x64, 0x4E, 0x0F} },
    { 102, 0xA7, 0, {0xDA, 0xD3, 0x5F, 0x7F, 0xFD, 0xF5, 0x67, 0x3E} },
    { 3, 0xA8, 0, {0xBA, 0xD3, 0xBF, 0x07, 0x89, 0x64, 0x4E, 0x0F} },
    { 90, 0x121, 0, {0xFA, 0x0A, 0x00, 0x40, 0x36, 0x62, 0x7E, 0xFE} },
    { 2, 0x3BE, 0, {0xE9, 0x1B, 0x07, 0x01, 0xA8, 0xC0, 0x08, 0x80} },
    { 5, 0xA7, 0, {0xE0, 0xD4, 0x5F, 0x7F, 0xFD, 0xF5, 0x67, 0x3E} },
    { 2, 0xA8, 0, {0x5E, 0xD4, 0xBF, 0x07, 0x89, 0x64, 0x42, 0x0F} },
    { 93, 0xA7, 0, {0x9B, 0xD5, 0x5F, 0x7F, 0xFD, 0xF5, 0x67, 0x3E} },
    { 5, 0xA8, 0, {0x9E, 0xD5, 0xBF, 0x07, 0x89, 0x64, 0x3C, 0x0F} },
    { 92, 0x121, 0, {0x51, 0x0B, 0x00, 0x40, 0x36, 0x62, 0x7E, 0xFE} },
    { 2, 0xA7, 0, {0x08, 0xD6, 0x5F, 0x7F, 0xFD, 0xF5, 0x67, 0x3E} },
    { 5, 0xA8, 0, {0xDE, 0xD6, 0xBF, 0x07, 0x89, 0x64, 0x34, 0x0F} },
    { 101, 0xA7, 0, {0x81, 0xD7, 0x5F, 0x7F, 0xFD, 0xF5, 0x67, 0x3E} },
    { 2, 0xA8, 0, {0x7F, 0xD7, 0xBF, 0x07, 0x89, 0x64, 0x2A, 0x0F} },
    { 91, 0x121, 0, {0x94, 0x0C, 0x00, 0x40, 0x36, 0x62, 0x7E, 0xFE} },
    { 7, 0xA7, 0, {0xCC, 0xD8, 0x5F, 0x7F, 0xFD, 0xF5, 0x67, 0x3E} },
    { 2, 0xA8, 0, {0x79, 0xD8, 0xBF, 0x07, 0x89, 0x64, 0x2C, 0x0F} },
    { 93, 0xA7, 0, {0x1C, 0xD9, 0x5F, 0x7F, 0xFD, 0xF5, 0x67, 0x3E} },
    { 5, 0xA8, 0, {0x17, 0xD9, 0xBF, 0x07, 0x89, 0x64, 0x2E, 0x0F} },
    { 93, 0x121, 0, {0x87, 0x0D, 0x00, 0x40, 0x36, 0x62, 0x7E, 0xFE} },
    { 2, 0xA7, 0, {0x1A, 0xDA, 0x5F, 0x7F, 0xFD, 0xF5, 0x67, 0x3E} },
    { 5, 0xA8, 0, {0x48, 0xDA, 0xBF, 0x07, 0x89, 0x64, 0x2E, 0x0F} },
    { 100, 0xA7, 0, {0x74, 0xDB, 0x5F, 0x7F, 0xFD, 0xF5, 0x67, 0x3E} },
    { 3, 0xA8, 0, {0x85, 0xDB, 0xBF, 0x07, 0x89, 0x64, 0x2E, 0x0F} },
    { 90, 0x121, 0, {0x14, 0x0E, 0x00, 0x40, 0x36, 0x62, 0x7E, 0xFE} },
    { 2, 0xA8, 0, {0x9B, 0xDC, 0xBF, 0x07, 0x89, 0x64, 0x2E, 0x0F} },
    { 4, 0xA7, 0, {0xCB, 0xDC, 0x5F, 0x7F, 0xFD, 0xF5, 0x67, 0x3E} },
    { 15, 0x640, 0, {0x02, 0x81, 0x70, 0xB7, 0x76, 0x20, 0x03, 0x28} },
    { 86, 0xA7, 0, {0x3B, 0xDD, 0x5F, 0x7F, 0xFD, 0xF5, 0x67, 0x3E} },
    { 2, 0xA8, 0, {0x88, 0xDD, 0xBF, 0x07, 0x89, 0x64, 0x2E, 0x0F} },
    { 90, 0x121, 0, {0xA2, 0x0F, 0x00, 0x40, 0x36, 0x62, 0x7E, 0xFE} },
    { 2, 0x3BE, 0, {0x6C, 0x1C, 0x07, 0x01, 0xA8, 0xC0, 0x08, 0x80} },
    { 5, 0xA7, 0, {0xB0, 0xDE, 0x5F, 0x7F, 0xFD, 0xF5, 0x67, 0x3E} },
    { 2, 0xA8, 0, {0x26, 0xDE, 0xBF, 0x07, 0x89, 0x64, 0x2C, 0x0F} },
    { 66, 0x1B000076, 1, {0x76, 0x00, 0x04, 0x01, 0x01, 0x00, 0x00, 0x00} },
    { 33, 0xA7, 0, {0x6E, 0xDF, 0x5F, 0x7F, 0xFD, 0xF5, 0x67, 0x3E} },
    { 2, 0xA8, 0, {0xB5, 0xDF, 0xBF, 0x07, 0x89, 0x64, 0x2E, 0x0F} },
    { 91, 0x121, 0, {0x6C, 0x00, 0x00, 0x40, 0x36, 0x62, 0x7E, 0xFE} },
    { 7, 0xA7, 0, {0xA7, 0xD0, 0x5F, 0x7F, 0xFD, 0xF5, 0x67, 0x3E} },
    { 3, 0xA8, 0, {0x69, 0xD0, 0xBF, 0x07, 0x89, 0x64, 0x30, 0x0F} },
    { 90, 0xA7, 0, {0x2F, 0xD1, 0x5F, 0x7F, 0xFD, 0xF5, 0x67, 0x3E} },
    { 2, 0xA8, 0, {0x0F, 0xD1, 0xBF, 0x07, 0x89, 0x64, 0x32, 0x0F} },
    { 95, 0x121, 0, {0x00, 0x01, 0x00, 0x40, 0x36, 0x62, 0x7E, 0xFE} },
    { 2, 0xA7, 0, {0x5B, 0xD2, 0x5F, 0x7F, 0xFD, 0xF5, 0x67, 0x3E} },
    { 2, 0xA8, 0, {0xDB, 0xD2, 0xBF, 0x07, 0x89, 0x64, 0x36, 0x0F} },
    { 101, 0xA7, 0, {0xDA, 0xD3, 0x5F, 0x7F, 0xFD, 0xF5, 0x67, 0x3E} },
    { 4, 0xA8, 0, {0x28, 0xD3, 0xBF, 0x07, 0x89, 0x64, 0x34, 0x0F} },
    { 91, 0x121, 0, {0x8F, 0x02, 0x00, 0x40, 0x36, 0x62, 0x7E, 0xFE} },
    { 3, 0xA8, 0, {0xA0, 0xD4, 0xBF, 0x07, 0x89, 0x64, 0x32, 0x0F} },
    { 5, 0xA7, 0, {0xE0, 0xD4, 0x5F, 0x7F, 0xFD, 0xF5, 0x67, 0x3E} },
    { 97, 0xA7, 0, {0x9B, 0xD5, 0x5F, 0x7F, 0xFD, 0xF5, 0x67, 0x3E} },
    { 5, 0xA8, 0, {0xCA, 0xD5, 0xBF, 0x07, 0x89, 0x64, 0x32, 0x0F} },
    { 95, 0x121, 0, {0x7D, 0x03, 0x00, 0x40, 0x36, 0x62, 0x7E, 0xFE} },
    { 5, 0xA7, 0, {0x08, 0xD6, 0x5F, 0x7F, 0xFD, 0xF5, 0x67, 0x3E} },
    { 2, 0xA8, 0, {0xFA, 0xD6, 0xBF, 0x07, 0x89, 0x64, 0x32, 0x0F} },
    { 92, 0xA7, 0, {0x81, 0xD7, 0x5F, 0x7F, 0xFD, 0xF5, 0x67, 0x3E} },
    { 5, 0xA8, 0, {0xCB, 0xD7, 0xBF, 0x07, 0x89, 0x64, 0x34, 0x0F} },
    { 94, 0x121, 0, {0xC0, 0x04, 0x00, 0x40, 0x36, 0x62, 0x7E, 0xFE} },
    { 2, 0x3BE, 0, {0xD7, 0x1D, 0x07, 0x01, 0xA8, 0xC0, 0x08, 0x80} },
    { 5, 0xA7, 0, {0xCC, 0xD8, 0x5F, 0x7F, 0xFD, 0xF5, 0x67, 0x3E} },
    { 2, 0xA8, 0, {0xF5, 0xD8, 0xBF, 0x07, 0x89, 0x64, 0x36, 0x0F} },
    { 93, 0xA7, 0, {0x1C, 0xD9, 0x5F, 0x7F, 0xFD, 0xF5, 0x67, 0x3E} },
    { 5, 0xA8, 0, {0x9B, 0xD9, 0xBF, 0x07, 0x89, 0x64, 0x34, 0x0F} },
    { 95, 0x121, 0, {0xF7, 0x05, 0x00, 0x40, 0x36, 0x62, 0x7E, 0xFE} },
    { 5, 0xA7, 0, {0x1A, 0xDA, 0x5F, 0x7F, 0xFD, 0xF5, 0x67, 0x3E} },
    { 3, 0xA8, 0, {0xE0, 0xDA, 0xBF, 0x07, 0x89, 0x64, 0x32, 0x0F} },
    { 89, 0xA7, 0, {0x74, 0xDB, 0x5F, 0x7F, 0xFD, 0xF5, 0x67, 0x3E} },
    { 2, 0xA8, 0, {0x85, 0xDB, 0xBF, 0x07, 0x89, 0x64, 0x2E, 0x0F} },
    { 100, 0x121, 0, {0xF0, 0x06, 0x00, 0x40, 0x36, 0x62, 0x7E, 0xFE} },
    { 5, 0xA8, 0, {0x87, 0xDC, 0xBF, 0x07, 0x89, 0x64, 0x2C, 0x0F} },
    { 2, 0xA7, 0, {0xCB, 0xDC, 0x5F, 0x7F, 0xFD, 0xF5, 0x67, 0x3E} },
    { 94, 0xA7, 0, {0x3B, 0xDD, 0x5F, 0x7F, 0xFD, 0xF5, 0x67, 0x3E} },
    { 4, 0xA8, 0, {0x94, 0xDD, 0xBF, 0x07, 0x89, 0x64, 0x2C, 0x0F} },
    { 99, 0x121, 0, {0xA3, 0x07, 0x00, 0x40, 0x36, 0x62, 0x7E, 0xFE} },
    { 2, 0xA7, 0, {0xB0, 0xDE, 0x5F, 0x7F, 0xFD, 0xF5, 0x67, 0x3E} },
    { 3, 0xA8, 0, {0x3A, 0xDE, 0xBF, 0x07, 0x89, 0x64, 0x2E, 0x0F} },
    { 90, 0xA7, 0, {0x6E, 0xDF, 0x5F, 0x7F, 0xFD, 0xF5, 0x67, 0x3E} },
    { 5, 0xA8, 0, {0xA9, 0xDF, 0xBF, 0x07, 0x89, 0x64, 0x2C, 0x0F} },
    { 95, 0x121, 0, {0x60, 0x08, 0x00, 0x40, 0x36, 0x62, 0x7E, 0xFE} },
    { 4, 0xA7, 0, {0xA7, 0xD0, 0x5F, 0x7F, 0xFD, 0xF5, 0x67, 0x3E} },
    { 3, 0xA8, 0, {0xF9, 0xD0, 0xBF, 0x07, 0x89, 0x64, 0x28, 0x0F} },
    { 95, 0xA7, 0, {0x2F, 0xD1, 0x5F, 0x7F, 0xFD, 0xF5, 0x67, 0x3E} },
    { 5, 0xA8, 0, {0xCB, 0xD1, 0xBF, 0x07, 0x89, 0x64, 0x24, 0x0F} },
    { 90, 0x121, 0, {0x9F, 0x09, 0x00, 0x40, 0x36, 0x62, 0x7E, 0xFE} },
    { 2, 0x3BE, 0, {0xC8, 0x1E, 0x07, 0x01, 0xA8, 0xC0, 0x08, 0x80} },
    { 2, 0xA7, 0, {0x5B, 0xD2, 0x5F, 0x7F, 0xFD, 0xF5, 0x67, 0x3E} },
    { 5, 0xA8, 0, {0x03, 0xD2, 0xBF, 0x07, 0x89, 0x64, 0x22, 0x0F} },
    { 66, 0x1B000076, 1, {0x76, 0x00, 0x04, 0x01, 0x01, 0x00, 0x00, 0x00} },
    { 27, 0xA7, 0, {0x6B, 0xD3, 0x5F, 0x7F, 0xFD, 0xF9, 0x67, 0x3E} },
    { 2, 0xA8, 0, {0xEC, 0xD3, 0xBF, 0x07, 0x89, 0x64, 0x22, 0x0F} },
    { 100, 0x121, 0, {0xFA, 0x0A, 0x00, 0x40, 0x36, 0x62, 0x7E, 0xFE} },
    { 4, 0xA7, 0, {0x51, 0xD4, 0x5F, 0x7F, 0xFD, 0xF9, 0x67, 0x3E} },
    { 3, 0xA8, 0, {0x64, 0xD4, 0xBF, 0x07, 0x89, 0x64, 0x24, 0x0F} },
    { 92, 0xA7, 0, {0x2A, 0xD5, 0x5F, 0x7F, 0xFD, 0xF9, 0x67, 0x3E} },
    { 5, 0xA8, 0, {0x7E, 0xD5, 0xBF, 0x07, 0x89, 0x64, 0x2C, 0x0F} },
    { 92, 0x121, 0, {0x51, 0x0B, 0x00, 0x40, 0x36, 0x62, 0x7E, 0xFE} },
    { 2, 0xA7, 0, {0xB9, 0xD6, 0x5F, 0x7F, 0xFD, 0xF9, 0x67, 0x3E} },
    { 2, 0xA8, 0, {0x52, 0xD6, 0xBF, 0x07, 0x89, 0x64, 0x2E, 0x0F} },
    { 100, 0xA7, 0, {0x81, 0xD7, 0x5F, 0x7F, 0xFD, 0xF5, 0x67, 0x3E} },
    { 5, 0xA8, 0, {0x47, 0xD7, 0xBF, 0x07, 0x89, 0x64, 0x2E, 0x0F} },
    { 94, 0x121, 0, {0x94, 0x0C, 0x00, 0x40, 0x36, 0x62, 0x7E, 0xFE} },
    { 5, 0xA7, 0, {0xCC, 0xD8, 0x5F, 0x7F, 0xFD, 0xF5, 0x67, 0x3E} },
    { 3, 0xA8, 0, {0x65, 0xD8, 0xBF, 0x07, 0x89, 0x64, 0x2E, 0x0F} },
    { 92, 0xA7, 0, {0x1C, 0xD9, 0x5F, 0x7F, 0xFD, 0xF5, 0x67, 0x3E} },
    { 5, 0xA8, 0, {0x2F, 0xD9, 0xBF, 0x07, 0x89, 0x64, 0x2A, 0x0F} },
    { 92, 0x121, 0, {0x87, 0x0D, 0x00, 0x40, 0x36, 0x62, 0x7E, 0xFE} },
    { 2, 0xA7, 0, {0x1A, 0xDA, 0x5F, 0x7F, 0xFD, 0xF5, 0x67, 0x3E} },
    { 2, 0xA8, 0, {0x54, 0xDA, 0xBF, 0x07, 0x89, 0x64, 0x2C, 0x0F} },
    { 104, 0xA7, 0, {0x74, 0xDB, 0x5F, 0x7F, 0xFD, 0xF5, 0x67, 0x3E} },
    { 2, 0xA8, 0, {0x99, 0xDB, 0xBF, 0x07, 0x89, 0x64, 0x2C, 0x0F} },
    { 93, 0x121, 0, {0x14, 0x0E, 0x00, 0x40, 0x36, 0x62, 0x7E, 0xFE} },
    { 5, 0x3BE, 0, {0xC5, 0x1F, 0x07, 0x01, 0xA8, 0xC0, 0x08, 0x80} },
    { 2, 0xA7, 0, {0xCB, 0xDC, 0x5F, 0x7F, 0xFD, 0xF5, 0x67, 0x3E} },
    { 3, 0xA8, 0, {0x87, 0xDC, 0xBF, 0x07, 0x89, 0x64, 0x2C, 0x0F} },
    { 90, 0xA7, 0, {0x3B, 0xDD, 0x5F, 0x7F, 0xFD, 0xF5, 0x67, 0x3E} },
    { 5, 0xA8, 0, {0x20, 0xDD, 0xBF, 0x07, 0x89, 0x64, 0x32, 0x0F} },
    { 92, 0x121, 0, {0xA2, 0x0F, 0x00, 0x40, 0x36, 0x62, 0x7E, 0xFE} },
    { 2, 0xA7, 0, {0x01, 0xDE, 0x5F, 0x7F, 0xFD, 0xF9, 0x67, 0x3E} },
    { 5, 0xA8, 0, {0xAA, 0xDE, 0xBF, 0x07, 0x89, 0x64, 0x36, 0x0F} },
    { 94, 0xA7, 0, {0x6E, 0xDF, 0x5F, 0x7F, 0xFD, 0xF5, 0x67, 0x3E} },
    { 3, 0xA8, 0, {0x6D, 0xDF, 0xBF, 0x07, 0x89, 0x64, 0x3A, 0x0F} },
    { 99, 0x121, 0, {0x6C, 0x00, 0x00, 0x40, 0x36, 0x62, 0x7E, 0xFE} },
    { 5, 0xA7, 0, {0xA7, 0xD0, 0x5F, 0x7F, 0xFD, 0xF5, 0x67, 0x3E} },
    { 2, 0xA8, 0, {0x3D, 0xD0, 0xBF, 0x07, 0x89, 0x64, 0x3E, 0x0F} },
    { 93, 0xA7, 0, {0x2F, 0xD1, 0x5F, 0x7F, 0xFD, 0xF5, 0x67, 0x3E} },
    { 5, 0xA8, 0, {0xF1, 0xD1, 0xBF, 0x07, 0x89, 0x64, 0x42, 0x0F} },
    { 92, 0x121, 0, {0x00, 0x01, 0x00, 0x40, 0x36, 0x62, 0x7E, 0xFE} },
    { 2, 0xA7, 0, {0x5B, 0xD2, 0x5F, 0x7F, 0xFD, 0xF5, 0x67, 0x3E} },
    { 5, 0xA8, 0, {0x39, 0xD2, 0xBF, 0x07, 0x89, 0x64, 0x44, 0x0F} },
    { 95, 0xA7, 0, {0xDA, 0xD3, 0x5F, 0x7F, 0xFD, 0xF5, 0x67, 0x3E} },
    { 2, 0xA8, 0, {0xCA, 0xD3, 0xBF, 0x07, 0x89, 0x64, 0x46, 0x0F} },
    { 98, 0x121, 0, {0x8F, 0x02, 0x00, 0x40, 0x36, 0x62, 0x7E, 0xFE} },
    { 5, 0xA7, 0, {0xE0, 0xD4, 0x5F, 0x7F, 0xFD, 0xF5, 0x67, 0x3E} },
    { 2, 0xA8, 0, {0x32, 0xD4, 0xBF, 0x07, 0x89, 0x64, 0x48, 0x0F} },
    { 27, 0x641, 0, {0x8A, 0x1D, 0x21, 0x4F, 0x13, 0x0A, 0x55, 0x92} },
    { 72, 0xA7, 0, {0x9B, 0xD5, 0x5F, 0x7F, 0xFD, 0xF5, 0x67, 0x3E} },
    { 2, 0xA8, 0, {0x58, 0xD5, 0xBF, 0x07, 0x89, 0x64, 0x48, 0x0F} },
    { 89, 0x121, 0, {0x7D, 0x03, 0x00, 0x40, 0x36, 0x62, 0x7E, 0xFE} },
    { 3, 0x3BE, 0, {0x7C, 0x10, 0x07, 0x01, 0xA8, 0xC0, 0x08, 0x80} },
    { 5, 0xA7, 0, {0x08, 0xD6, 0x5F, 0x7F, 0xFD, 0xF5, 0x67, 0x3E} },
    { 2, 0xA8, 0, {0x50, 0xD6, 0xBF, 0x07, 0x89, 0x64, 0x4C, 0x0F} },
    { 66, 0x1B000076, 1, {0x76, 0x00, 0x04, 0x01, 0x01, 0x00, 0x00, 0x00} },
    { 28, 0xA7, 0, {0x81, 0xD7, 0x5F, 0x7F, 0xFD, 0xF5, 0x67, 0x3E} },
    { 4, 0xA8, 0, {0x59, 0xD7, 0xBF, 0x07, 0x89, 0x64, 0x4E, 0x0F} },
    { 93, 0x121, 0, {0xC0, 0x04, 0x00, 0x40, 0x36, 0x62, 0x7E, 0xFE} },
    { 6, 0xA7, 0, {0xCC, 0xD8, 0x5F, 0x7F, 0xFD, 0xF5, 0x67, 0x3E} },
    { 3, 0xA8, 0, {0xCF, 0xD8, 0xBF, 0x07, 0x89, 0x64, 0x50, 0x0F} },
    { 94, 0xA7, 0, {0x1C, 0xD9, 0x5F, 0x7F, 0xFD, 0xF5, 0x67, 0x3E} },
    { 5, 0xA8, 0, {0xBD, 0xD9, 0xBF, 0x07, 0x89, 0x64, 0x50, 0x0F} },
    { 92, 0x121, 0, {0xF7, 0x05, 0x00, 0x40, 0x36, 0x62, 0x7E, 0xFE} },
    { 2, 0xA7, 0, {0x1A, 0xDA, 0x5F, 0x7F, 0xFD, 0xF5, 0x67, 0x3E} },
    { 5, 0xA8, 0, {0x56, 0xDA, 0xBF, 0x07, 0x89, 0x64, 0x4E, 0x0F} },
    { 100, 0xA7, 0, {0x74, 0xDB, 0x5F, 0x7F, 0xFD, 0xF5, 0x67, 0x3E} },
    { 3, 0xA8, 0, {0x9B, 0xDB, 0xBF, 0x07, 0x89, 0x64, 0x4E, 0x0F} },
    { 90, 0x121, 0, {0xF0, 0x06, 0x00, 0x40, 0x36, 0x62, 0x7E, 0xFE} },
    { 6, 0xA8, 0, {0x31, 0xDC, 0xBF, 0x07, 0x89, 0x64, 0x50, 0x0F} },
    { 3, 0xA7, 0, {0xCB, 0xDC, 0x5F, 0x7F, 0xFD, 0xF5, 0x67, 0x3E} },
    { 98, 0xA7, 0, {0x3B, 0xDD, 0x5F, 0x7F, 0xFD, 0xF5, 0x67, 0x3E} },
    { 2, 0xA8, 0, {0x1A, 0xDD, 0xBF, 0x07, 0x89, 0x64, 0x54, 0x0F} },
    { 92, 0x121, 0, {0xA3, 0x07, 0x00, 0x40, 0x36, 0x62, 0x7E, 0xFE} },
    { 3, 0xA7, 0, {0xB0, 0xDE, 0x5F, 0x7F, 0xFD, 0xF5, 0x67, 0x3E} },
    { 4, 0xA8, 0, {0xA8, 0xDE, 0xBF, 0x07, 0x89, 0x64, 0x54, 0x0F} },
    { 21, 0x640, 0, {0x02, 0x81, 0x70, 0xB7, 0x76, 0x20, 0x03, 0x28} },
    { 77, 0xA7, 0, {0x6E, 0xDF, 0x5F, 0x7F, 0xFD, 0xF5, 0x67, 0x3E} },
    { 7, 0xA8, 0, {0x27, 0xDF, 0xBF, 0x07, 0x89, 0x64, 0x54, 0x0F} },
    { 87, 0x121, 0, {0x60, 0x08, 0x00, 0x40, 0x36, 0x62, 0x7E, 0xFE} },
    { 3, 0x3BE, 0, {0x08, 0x11, 0x07, 0x01, 0xA8, 0xC0, 0x08, 0x80} },
    { 5, 0xA7, 0, {0xA7, 0xD0, 0x5F, 0x7F, 0xFD, 0xF5, 0x67, 0x3E} },
    { 2, 0xA8, 0, {0x53, 0xD0, 0xBF, 0x07, 0x89, 0x64, 0x56, 0x0F} },
    { 98, 0xA7, 0, {0x2F, 0xD1, 0x5F, 0x7F, 0xFD, 0xF5, 0x67, 0x3E} },
    { 2, 0xA8, 0, {0x35, 0xD1, 0xBF, 0x07, 0x89, 0x64, 0x54, 0x0F} },
    { 91, 0x121, 0, {0x9F, 0x09, 0x00, 0x40, 0x36, 0x62, 0x7E, 0xFE} },
    { 5, 0xA7, 0, {0x5B, 0xD2, 0x5F, 0x7F, 0xFD, 0xF5, 0x67, 0x3E} },
    { 3, 0xA8, 0, {0x55, 0xD2, 0xBF, 0x07, 0x89, 0x64, 0x4E, 0x0F} },
    { 97, 0xA7, 0, {0xDA, 0xD3, 0x5F, 0x7F, 0xFD, 0xF5, 0x67, 0x3E} },
    { 5, 0xA8, 0, {0x82, 0xD3, 0xBF, 0x07, 0x89, 0x64, 0x4A, 0x0F} },
    { 89, 0x121, 0, {0xFA, 0x0A, 0x00, 0x40, 0x36, 0x62, 0x7E, 0xFE} },
    { 8, 0xA7, 0, {0xE0, 0xD4, 0x5F, 0x7F, 0xFD, 0xF5, 0x67, 0x3E} },
    { 2, 0xA8, 0, {0x7A, 0xD4, 0xBF, 0x07, 0x89, 0x64, 0x44, 0x0F} },
    { 96, 0xA7, 0, {0x9B, 0xD5, 0x5F, 0x7F, 0xFD, 0xF5, 0x67, 0x3E} },
    { 5, 0xA8, 0, {0x28, 0xD5, 0xBF, 0x07, 0x89, 0x64, 0x40, 0x0F} },
    { 91, 0x121, 0, {0x51, 0x0B, 0x00, 0x40, 0x36, 0x62, 0x7E, 0xFE} },
    { 5, 0xA7, 0, {0x08, 0xD6, 0x5F, 0x7F, 0xFD, 0xF5, 0x67, 0x3E} },
    { 2, 0xA8, 0, {0x04, 0xD6, 0xBF, 0x07, 0x89, 0x64, 0x42, 0x0F} },
    { 99, 0xA7, 0, {0x81, 0xD7, 0x5F, 0x7F, 0xFD, 0xF5, 0x67, 0x3E} },
    { 2, 0xA8, 0, {0x35, 0xD7, 0xBF, 0x07, 0x89, 0x64, 0x44, 0x0F} },
    { 90, 0x121, 0, {0x94, 0x0C, 0x00, 0x40, 0x36, 0x62, 0x7E, 0xFE} },
    { 3, 0xA8, 0, {0x0B, 0xD8, 0xBF, 0x07, 0x89, 0x64, 0x46, 0x0F} },
    { 5, 0xA7, 0, {0xCC, 0xD8, 0x5F, 0x7F, 0xFD, 0xF5, 0x67, 0x3E} },
    { 98, 0xA7, 0, {0x1C, 0xD9, 0x5F, 0x7F, 0xFD, 0xF5, 0x67, 0x3E} },
    { 7, 0xA8, 0, {0x79, 0xD9, 0xBF, 0x07, 0x89, 0x64, 0x46, 0x0F} },
    { 86, 0x121, 0, {0x87, 0x0D, 0x00, 0x40, 0x36, 0x62, 0x7E, 0xFE} },
    { 3, 0x3BE, 0, {0x67, 0x12, 0x07, 0x01, 0xA8, 0xC0, 0x08, 0x80} },
    { 4, 0xA7, 0, {0x1A, 0xDA, 0x5F, 0x7F, 0xFD, 0xF5, 0x67, 0x3E} },
    { 3, 0xA8, 0, {0xA8, 0xDA, 0xBF, 0x07, 0x89, 0x64, 0x3E, 0x0F} },
    { 66, 0x1B000076, 1, {0x76, 0x00, 0x04, 0x01, 0x01, 0x00, 0x00, 0x00} },
    { 27, 0xA7, 0, {0x74, 0xDB, 0x5F, 0x7F, 0xFD, 0xF5, 0x67, 0x3E} },
    { 4, 0xA8, 0, {0x15, 0xDB, 0xBF, 0x07, 0x89, 0x64, 0x36, 0x0F} },
    { 94, 0x121, 0, {0x14, 0x0E, 0x00, 0x40, 0x36, 0x62, 0x7E, 0xFE} },
    { 6, 0xA7, 0, {0xCB, 0xDC, 0x5F, 0x7F, 0xFD, 0xF5, 0x67, 0x3E} },
    { 2, 0xA8, 0, {0x2F, 0xDC, 0xBF, 0x07, 0x89, 0x64, 0x30, 0x0F} },
    { 98, 0xA7, 0, {0x3B, 0xDD, 0x5F, 0x7F, 0xFD, 0xF5, 0x67, 0x3E} },
    { 4, 0xA8, 0, {0xB0, 0xDD, 0xBF, 0x07, 0x89, 0x64, 0x2A, 0x0F} },
    { 89, 0x121, 0, {0xA2, 0x0F, 0x00, 0x40, 0x36, 0x62, 0x7E, 0xFE} },
    { 3, 0xA7, 0, {0xB0, 0xDE, 0x5F, 0x7F, 0xFD, 0xF5, 0x67, 0x3E} },
    { 5, 0xA8, 0, {0x56, 0xDE, 0xBF, 0x07, 0x89, 0x64, 0x24, 0x0F} },
    { 95, 0xA7, 0, {0x6E, 0xDF, 0x5F, 0x7F, 0xFD, 0xF5, 0x67, 0x3E} },
    { 5, 0xA8, 0, {0xBA, 0xDF, 0xBF, 0x07, 0x89, 0x64, 0x1E, 0x0F} },
    { 93, 0x121, 0, {0x6C, 0x00, 0x00, 0x40, 0x36, 0x62, 0x7E, 0xFE} },
    { 6, 0xA7, 0, {0x16, 0xD0, 0x5F, 0x7F, 0xFD, 0xF9, 0x67, 0x3E} },
    { 2, 0xA8, 0, {0xA2, 0xD0, 0xBF, 0x07, 0x89, 0x64, 0x16, 0x0F} },
    { 97, 0xA7, 0, {0x9E, 0xD1, 0x5F, 0x7F, 0xFD, 0xF9, 0x67, 0x3E} },
    { 5, 0xA8, 0, {0x70, 0xD1, 0xBF, 0x07, 0x89, 0x64, 0x0A, 0x0F} },
    { 90, 0x121, 0, {0x00, 0x01, 0x00, 0x40, 0x36, 0x62, 0x7E, 0xFE} },
    { 2, 0xA7, 0, {0xEA, 0xD2, 0x5F, 0x7F, 0xFD, 0xF9, 0x67, 0x3E} },
    { 5, 0xA8, 0, {0xB8, 0xD2, 0xBF, 0x07, 0x89, 0x64, 0x0C, 0x0F} },
    { 99, 0xA7, 0, {0x6B, 0xD3, 0x5F, 0x7F, 0xFD, 0xF9, 0x67, 0x3E} },
    { 2, 0xA8, 0, {0x4B, 0xD3, 0xBF, 0x07, 0x89, 0x64, 0x0E, 0x0F} },
    { 92, 0x121, 0, {0x8F, 0x02, 0x00, 0x40, 0x36, 0x62, 0x7E, 0xFE} },
    { 2, 0x3BE, 0, {0x94, 0x13, 0x07, 0x01, 0xA8, 0xC0, 0x08, 0x80} },
    { 5, 0xA7, 0, {0x51, 0xD4, 0x5F, 0x7F, 0xFD, 0xF9, 0x67, 0x3E} },
    { 2, 0xA8, 0, {0x53, 0xD4, 0xBF, 0x07, 0x89, 0x64, 0x10, 0x0F} },
    { 99, 0xA7, 0, {0x2A, 0xD5, 0x5F, 0x7F, 0xFD, 0xF9, 0x67, 0x3E} },
    { 2, 0xA8, 0, {0x01, 0xD5, 0xBF, 0x07, 0x89, 0x64, 0x14, 0x0F} },
    { 90, 0x121, 0, {0x7D, 0x03, 0x00, 0x40, 0x36, 0x62, 0x7E, 0xFE} },
    { 2, 0xA7, 0, {0xB9, 0xD6, 0x5F, 0x7F, 0xFD, 0xF9, 0x67, 0x3E} },
    { 5, 0xA8, 0, {0x79, 0xD6, 0xBF, 0x07, 0x89, 0x64, 0x18, 0x0F} },
    { 94, 0xA7, 0, {0x1B, 0xD7, 0x9F, 0x7F, 0xFD, 0xF9, 0x67, 0x3E} },
    { 5, 0xA8, 0, {0x70, 0xD7, 0xBF, 0x07, 0x89, 0x64, 0x1A, 0x0F} },
    { 94, 0x121, 0, {0xC0, 0x04, 0x00, 0x40, 0x36, 0x62, 0x7E, 0xFE} },
    { 5, 0xA7, 0, {0x9F, 0xE8, 0x9F, 0x7F, 0xFD, 0xF9, 0x67, 0x3E} },
    { 2, 0xA8, 0, {0x52, 0xD8, 0xBF, 0x07, 0x89, 0x64, 0x1A, 0x0F} },
    { 98, 0xA7, 0, {0x4F, 0xE9, 0x9F, 0x7F, 0xFD, 0xF9, 0x67, 0x3E} },
    { 5, 0xA8, 0, {0x18, 0xD9, 0xBF, 0x07, 0x89, 0x64, 0x1E, 0x0F} },
    { 90, 0x121, 0, {0xF7, 0x05, 0x00, 0x40, 0x36, 0x62, 0x7E, 0xFE} },
    { 2, 0xA7, 0, {0x49, 0xEA, 0x9F, 0x7F, 0xFD, 0xF9, 0x67, 0x3E} },
    { 5, 0xA8, 0, {0x47, 0xDA, 0xBF, 0x07, 0x89, 0x64, 0x1E, 0x0F} },
    { 98, 0xA7, 0, {0x27, 0xEB, 0x9F, 0x7F, 0xFD, 0xF9, 0x67, 0x3E} },
    { 3, 0xA8, 0, {0x8A, 0xDB, 0xBF, 0x07, 0x89, 0x64, 0x1E, 0x0F} },
    { 91, 0x121, 0, {0xF0, 0x06, 0x00, 0x40, 0x36, 0x62, 0x7E, 0xFE} },
    { 6, 0xA7, 0, {0xB3, 0xEC, 0x5F, 0x7F, 0xFD, 0xF9, 0x67, 0x3E} },
    { 2, 0xA8, 0, {0xCF, 0xDC, 0xBF, 0x07, 0x89, 0x64, 0x20, 0x0F} },
    { 100, 0xA7, 0, {0x43, 0xED, 0x5F, 0x7F, 0xFD, 0xF9, 0x67, 0x3E} },
    { 5, 0xA8, 0, {0x87, 0xDD, 0xBF, 0x07, 0x89, 0x64, 0x1E, 0x0F} },
    { 89, 0x121, 0, {0xA3, 0x07, 0x00, 0x40, 0x36, 0x62, 0x7E, 0xFE} },
    { 5, 0xA7, 0, {0xC8, 0xEE, 0x5F, 0x7F, 0xFD, 0xF9, 0x67, 0x3E} },
    { 2, 0xA8, 0, {0x35, 0xDE, 0xBF, 0x07, 0x89, 0x64, 0x1E, 0x0F} },
    { 3, 0x3BE, 0, {0x63, 0x14, 0x07, 0x01, 0xA8, 0xC0, 0x08, 0x80} },
    { 65, 0x1B000076, 1, {0x76, 0x00, 0x04, 0x01, 0x01, 0x00, 0x00, 0x00} },
    { 31, 0xA7, 0, {0x16, 0xEF, 0x5F, 0x7F, 0xFD, 0xF9, 0x67, 0x3E} },
    { 2, 0xA8, 0, {0xBA, 0xDF, 0xBF, 0x07, 0x89, 0x64, 0x1E, 0x0F} },
    { 98, 0x121, 0, {0x60, 0x08, 0x00, 0x40, 0x36, 0x62, 0x7E, 0xFE} },
    { 2, 0xA7, 0, {0xDF, 0xE0, 0x5F, 0x7F, 0xFD, 0xF9, 0x67, 0x3E} },
    { 3, 0xA8, 0, {0x89, 0xD0, 0xBF, 0x07, 0x89, 0x64, 0x20, 0x0F} },
    { 94, 0xA7, 0, {0x57, 0xE1, 0x5F, 0x7F, 0xFD, 0xF9, 0x67, 0x3E} },
    { 2, 0xA8, 0, {0x50, 0xD1, 0x9F, 0x07, 0x89, 0x64, 0x24, 0x0F} },
    { 98, 0x121, 0, {0x9F, 0x09, 0x00, 0x40, 0x36, 0x62, 0x7E, 0xFE} },
    { 2, 0xA7, 0, {0x23, 0xE2, 0x5F, 0x7F, 0xFD, 0xF9, 0x67, 0x3E} },
    { 2, 0xA8, 0, {0xA0, 0xD2, 0x9F, 0x07, 0x89, 0x64, 0x26, 0x0F} },
    { 97, 0xA7, 0, {0xA2, 0xE3, 0x5F, 0x7F, 0xFD, 0xF9, 0x67, 0x3E} },
    { 2, 0xA8, 0, {0x4F, 0xD3, 0x9F, 0x07, 0x89, 0x64, 0x26, 0x0F} },
    { 98, 0x121, 0, {0xFA, 0x0A, 0x00, 0x40, 0x36, 0x62, 0x7E, 0xFE} },
    { 3, 0xA7, 0, {0x98, 0xE4, 0x5F, 0x7F, 0xFD, 0xF9, 0x67, 0x3E} },
    { 2, 0xA8, 0, {0x78, 0xD4, 0xBF, 0x07, 0x89, 0x64, 0x26, 0x0F} },
    { 94, 0xA7, 0, {0xE3, 0xE5, 0x5F, 0x7F, 0xFD, 0xF9, 0x67, 0x3E} },
    { 3, 0xA8, 0, {0x0E, 0xD5, 0xBF, 0x07, 0x89, 0x64, 0x24, 0x0F} },
    { 97, 0x121, 0, {0x51, 0x0B, 0x00, 0x40, 0x36, 0x62, 0x7E, 0xFE} },
    { 2, 0xA7, 0, {0x70, 0xE6, 0x5F, 0x7F, 0xFD, 0xF9, 0x67, 0x3E} },
    { 3, 0xA8, 0, {0x3E, 0xD6, 0xBF, 0x07, 0x89, 0x64, 0x24, 0x0F} },
    { 96, 0xA7, 0, {0xF9, 0xE7, 0x5F, 0x7F, 0xFD, 0xF9, 0x67, 0x3E} },
    { 2, 0xA8, 0, {0x2B, 0xD7, 0xBF, 0x07, 0x89, 0x64, 0x24, 0x0F} },
    { 91, 0x121, 0, {0x94, 0x0C, 0x00, 0x40, 0x36, 0x62, 0x7E, 0xFE} },
    { 5, 0x3BE, 0, {0x1C, 0x15, 0x07, 0x01, 0xA8, 0xC0, 0x08, 0x80} },
    { 3, 0xA8, 0, {0x15, 0xD8, 0xBF, 0x07, 0x89, 0x64, 0x26, 0x0F} },
    { 3, 0xA7, 0, {0xB4, 0xE8, 0x5F, 0x7F, 0xFD, 0xF9, 0x67, 0x3E} },
    { 95, 0xA7, 0, {0x64, 0xE9, 0x5F, 0x7F, 0xFD, 0xF9, 0x67, 0x3E} },
    { 2, 0xA8, 0, {0x67, 0xD9, 0xBF, 0x07, 0x89, 0x64, 0x26, 0x0F} },
    { 98, 0x121, 0, {0x87, 0x0D, 0x00, 0x40, 0x36, 0x62, 0x7E, 0xFE} },
    { 3, 0xA7, 0, {0x62, 0xEA, 0x5F, 0x7F, 0xFD, 0xF9, 0x67, 0x3E} },
    { 2, 0xA8, 0, {0x38, 0xDA, 0xBF, 0x07, 0x89, 0x64, 0x26, 0x0F} },
    { 94, 0xA7, 0, {0x0C, 0xEB, 0x5F, 0x7F, 0xFD, 0xF9, 0x67, 0x3E} },
    { 2, 0xA8, 0, {0xE9, 0xDB, 0xBF, 0x07, 0x89, 0x64, 0x24, 0x0F} },
    { 93, 0x121, 0, {0x14, 0x0E, 0x00, 0x40, 0x36, 0x62, 0x7E, 0xFE} },
    { 5, 0xA7, 0, {0xB3, 0xEC, 0x5F, 0x7F, 0xFD, 0xF9, 0x67, 0x3E} },
    { 2, 0xA8, 0, {0xF7, 0xDC, 0xBF, 0x07, 0x89, 0x64, 0x24, 0x0F} },
    { 99, 0xA7, 0, {0x43, 0xED, 0x5F, 0x7F, 0xFD, 0xF9, 0x67, 0x3E} },
    { 3, 0xA8, 0, {0xE4, 0xDD, 0xBF, 0x07, 0x89, 0x64, 0x24, 0x0F} },
    { 97, 0x121, 0, {0xA2, 0x0F, 0x00, 0x40, 0x36, 0x62, 0x7E, 0xFE} },
    { 2, 0xA7, 0, {0xC8, 0xEE, 0x5F, 0x7F, 0xFD, 0xF9, 0x67, 0x3E} },
    { 3, 0xA8, 0, {0x1E, 0xDE, 0xBF, 0x07, 0x89, 0x64, 0x28, 0x0F} },
    { 94, 0xA7, 0, {0x16, 0xEF, 0x5F, 0x7F, 0xFD, 0xF9, 0x67, 0x3E} },
    { 3, 0xA8, 0, {0x1D, 0xDF, 0xBF, 0x07, 0x89, 0x64, 0x32, 0x0F} },
    { 92, 0x121, 0, {0x6C, 0x00, 0x00, 0x40, 0x36, 0x62, 0x7E, 0xFE} },
    { 5, 0xA7, 0, {0xF4, 0xE0, 0x9F, 0x7F, 0xFD, 0xF9, 0x67, 0x3E} },
    { 3, 0xA8, 0, {0x51, 0xD0, 0xBF, 0x07, 0x89, 0x64, 0x34, 0x0F} },
    { 23, 0x640, 0, {0x02, 0x81, 0x70, 0xB7, 0x76, 0x20, 0x03, 0x28} },
    { 75, 0xA7, 0, {0xE6, 0xE1, 0x5F, 0x7F, 0xFD, 0xF5, 0x67, 0x3E} },
    { 4, 0xA8, 0, {0x2B, 0xD1, 0xBF, 0x07, 0x89, 0x64, 0x34, 0x0F} },
    { 96, 0x121, 0, {0x00, 0x01, 0x00, 0x40, 0x36, 0x62, 0x7E, 0xFE} },
    { 3, 0xA7, 0, {0x5B, 0xD2, 0x5F, 0x7F, 0xFD, 0xF5, 0x67, 0x3E} },
    { 2, 0xA8, 0, {0xC7, 0xD2, 0xBF, 0x07, 0x89, 0x64, 0x34, 0x0F} },
    { 3, 0x3BE, 0, {0x01, 0x16, 0x07, 0x01, 0xA8, 0xC0, 0x08, 0x80} },
    { 61, 0x1B000076, 1, {0x76, 0x00, 0x04, 0x01, 0x01, 0x00, 0x00, 0x00} },
    { 31, 0xA7, 0, {0xDA, 0xD3, 0x5F, 0x7F, 0xFD, 0xF5, 0x67, 0x3E} },
    { 2, 0xA8, 0, {0x34, 0xD3, 0xBF, 0x07, 0x89, 0x64, 0x36, 0x0F} },
    { 92, 0x121, 0, {0x8F, 0x02, 0x00, 0x40, 0x36, 0x62, 0x7E, 0xFE} },
    { 5, 0xA7, 0, {0x51, 0xD4, 0x5F, 0x7F, 0xFD, 0xF9, 0x67, 0x3E} },
    { 3, 0xA8, 0, {0xD0, 0xD4, 0xBF, 0x07, 0x89, 0x64, 0x3A, 0x0F} },
    { 98, 0xA7, 0, {0x2A, 0xD5, 0x5F, 0x7F, 0xFD, 0xF9, 0x67, 0x3E} },
    { 2, 0xA8, 0, {0x82, 0xD5, 0xBF, 0x07, 0x89, 0x64, 0x3E, 0x0F} },
    { 99, 0x121, 0, {0x7D, 0x03, 0x00, 0x40, 0x36, 0x62, 0x7E, 0xFE} },
    { 2, 0xA7, 0, {0x70, 0xE6, 0x5F, 0x7F, 0xFD, 0xF9, 0x67, 0x3E} },
    { 2, 0xA8, 0, {0x04, 0xD6, 0xBF, 0x07, 0x89, 0x64, 0x42, 0x0F} },
    { 94, 0xA7, 0, {0xF9, 0xE7, 0x5F, 0x7F, 0xFD, 0xF9, 0x67, 0x3E} },
    { 3, 0xA8, 0, {0x11, 0xD7, 0xBF, 0x07, 0x89, 0x64, 0x42, 0x0F} },
    { 93, 0x121, 0, {0xC0, 0x04, 0x00, 0x40, 0x36, 0x62, 0x7E, 0xFE} },
    { 4, 0xA7, 0, {0xB4, 0xE8, 0x5F, 0x7F, 0xFD, 0xF9, 0x67, 0x3E} },
    { 3, 0xA8, 0, {0x17, 0xD8, 0xBF, 0x07, 0x89, 0x64, 0x44, 0x0F} },
    { 98, 0xA7, 0, {0xD5, 0xE9, 0x5F, 0x7F, 0xFD, 0xF5, 0x67, 0x3E} },
    { 3, 0xA8, 0, {0x65, 0xD9, 0xBF, 0x07, 0x89, 0x64, 0x44, 0x0F} },
    { 97, 0x121, 0, {0xF7, 0x05, 0x00, 0x40, 0x36, 0x62, 0x7E, 0xFE} },
    { 2, 0xA7, 0, {0x1A, 0xDA, 0x5F, 0x7F, 0xFD, 0xF5, 0x67, 0x3E} },
    { 3, 0xA8, 0, {0x72, 0xDA, 0xBF, 0x07, 0x89, 0x64, 0x48, 0x0F} },
    { 94, 0xA7, 0, {0x74, 0xDB, 0x5F, 0x7F, 0xFD, 0xF5, 0x67, 0x3E} },
    { 5, 0xA8, 0, {0x87, 0xDB, 0xBF, 0x07, 0x89, 0x64, 0x4C, 0x0F} },
    { 90, 0x121, 0, {0xF0, 0x06, 0x00, 0x40, 0x36, 0x62, 0x7E, 0xFE} },
    { 5, 0x3BE, 0, {0x8D, 0x17, 0x07, 0x01, 0xA8, 0xC0, 0x08, 0x80} },
    { 3, 0xA7, 0, {0xCB, 0xDC, 0x5F, 0x7F, 0xFD, 0xF5, 0x67, 0x3E} },
    { 2, 0xA8, 0, {0x99, 0xDC, 0xBF, 0x07, 0x89, 0x64, 0x4C, 0x0F} },
    { 96, 0xA7, 0, {0x3B, 0xDD, 0x5F, 0x7F, 0xFD, 0xF5, 0x67, 0x3E} },
    { 2, 0xA8, 0, {0x96, 0xDD, 0xBF, 0x07, 0x89, 0x64, 0x4E, 0x0F} },
    { 98, 0x121, 0, {0xA3, 0x07, 0x00, 0x40, 0x36, 0x62, 0x7E, 0xFE} },
    { 2, 0xA7, 0, {0xB0, 0xDE, 0x5F, 0x7F, 0xFD, 0xF5, 0x67, 0x3E} },
    { 2, 0xA8, 0, {0x90, 0xDE, 0xBF, 0x07, 0x89, 0x64, 0x50, 0x0F} },
    { 95, 0xA7, 0, {0x6E, 0xDF, 0x5F, 0x7F, 0xFD, 0xF5, 0x67, 0x3E} },
    { 3, 0xA8, 0, {0x1F, 0xDF, 0xBF, 0x07, 0x89, 0x64, 0x50, 0x0F} },
    { 93, 0x121, 0, {0x60, 0x08, 0x00, 0x40, 0x36, 0x62, 0x7E, 0xFE} },
    { 4, 0xA7, 0, {0xA7, 0xD0, 0x5F, 0x7F, 0xFD, 0xF5, 0x67, 0x3E} },
    { 2, 0xA8, 0, {0x4F, 0xD0, 0xBF, 0x07, 0x89, 0x64, 0x54, 0x0F} },
    { 97, 0xA7, 0, {0x2F, 0xD1, 0x5F, 0x7F, 0xFD, 0xF5, 0x67, 0x3E} },
    { 5, 0xA8, 0, {0x7D, 0xD1, 0xBF, 0x07, 0x89, 0x64, 0x58, 0x0F} },
    { 96, 0x121, 0, {0x9F, 0x09, 0x00, 0x40, 0x36, 0x62, 0x7E, 0xFE} },
    { 3, 0xA7, 0, {0x5B, 0xD2, 0x5F, 0x7F, 0xFD, 0xF5, 0x67, 0x3E} },
    { 2, 0xA8, 0, {0x91, 0xD2, 0xBF, 0x07, 0x89, 0x64, 0x58, 0x0F} },
    { 96, 0xA7, 0, {0xDA, 0xD3, 0x5F, 0x7F, 0xFD, 0xF5, 0x67, 0x3E} },
    { 2, 0xA8, 0, {0x2A, 0xD3, 0xBF, 0x07, 0x89, 0x64, 0x56, 0x0F} },
    { 92, 0x121, 0, {0xFA, 0x0A, 0x00, 0x40, 0x36, 0x62, 0x7E, 0xFE} },
    { 5, 0xA7, 0, {0xF9, 0xD4, 0x1F, 0x7F, 0xFD, 0xF5, 0x67, 0x3E} },
    { 2, 0xA8, 0, {0x9A, 0xD4, 0xBF, 0x07, 0x89, 0x64, 0x54, 0x0F} },
    { 97, 0xA7, 0, {0x82, 0xD5, 0x1F, 0x7F, 0xFD, 0xF5, 0x67, 0x3E} },
    { 7, 0xA8, 0, {0xF0, 0xD5, 0xBF, 0x07, 0x89, 0x64, 0x54, 0x0F} },
    { 90, 0x121, 0, {0x51, 0x0B, 0x00, 0x40, 0x36, 0x62, 0x7E, 0xFE} },
    { 5, 0xA7, 0, {0x11, 0xD6, 0x1F, 0x7F, 0xFD, 0xF5, 0x67, 0x3E} },
    { 2, 0xA8, 0, {0xC0, 0xD6, 0xBF, 0x07, 0x89, 0x64, 0x54, 0x0F} },
    { 2, 0x3BE, 0, {0x77, 0x18, 0x07, 0x01, 0xA8, 0xC0, 0x08, 0x80} },
    { 66, 0x1B000076, 1, {0x76, 0x00, 0x04, 0x01, 0x01, 0x00, 0x00, 0x00} },
    { 27, 0xA7, 0, {0x98, 0xD7, 0x1F, 0x7F, 0xFD, 0xF5, 0x67, 0x3E} },
    { 8, 0xA8, 0, {0xD5, 0xD7, 0xBF, 0x07, 0x89, 0x64, 0x54, 0x0F} },
    { 95, 0x121, 0, {0x94, 0x0C, 0x00, 0x40, 0x36, 0x62, 0x7E, 0xFE} },
    { 4, 0xA7, 0, {0xD5, 0xD8, 0x1F, 0x7F, 0xFD, 0xF5, 0x67, 0x3E} },
    { 3, 0xA8, 0, {0xD3, 0xD8, 0xBF, 0x07, 0x89, 0x64, 0x52, 0x0F} },
    { 95, 0xA7, 0, {0x05, 0xD9, 0x1F, 0x7F, 0xFD, 0xF5, 0x67, 0x3E} },
    { 3, 0xA8, 0, {0xBD, 0xD9, 0xBF, 0x07, 0x89, 0x64, 0x50, 0x0F} },
    { 89, 0x121, 0, {0x87, 0x0D, 0x00, 0x40, 0x36, 0x62, 0x7E, 0xFE} },
    { 5, 0xA7, 0, {0x03, 0xDA, 0x1F, 0x7F, 0xFD, 0xF5, 0x67, 0x3E} },
    { 2, 0xA8, 0, {0x56, 0xDA, 0xBF, 0x07, 0x89, 0x64, 0x4E, 0x0F} },
    { 99, 0xA7, 0, {0x6D, 0xDB, 0x1F, 0x7F, 0xFD, 0xF5, 0x67, 0x3E} },
    { 2, 0xA8, 0, {0x87, 0xDB, 0xBF, 0x07, 0x89, 0x64, 0x4C, 0x0F} },
    { 98, 0x121, 0, {0x14, 0x0E, 0x00, 0x40, 0x36, 0x62, 0x7E, 0xFE} },
    { 2, 0xA8, 0, {0x85, 0xDC, 0xBF, 0x07, 0x89, 0x64, 0x4E, 0x0F} },
    { 2, 0xA7, 0, {0xD2, 0xDC, 0x1F, 0x7F, 0xFD, 0xF5, 0x67, 0x3E} },
    { 98, 0xA7, 0, {0x22, 0xDD, 0x1F, 0x7F, 0xFD, 0xF5, 0x67, 0x3E} },
    { 3, 0xA8, 0, {0x96, 0xDD, 0xBF, 0x07, 0x89, 0x64, 0x4E, 0x0F} },
    { 89, 0x121, 0, {0xA2, 0x0F, 0x00, 0x40, 0x36, 0x62, 0x7E, 0xFE} },
    { 5, 0xA7, 0, {0xA9, 0xDE, 0x1F, 0x7F, 0xFD, 0xF5, 0x67, 0x3E} },
    { 2, 0xA8, 0, {0x38, 0xDE, 0xBF, 0x07, 0x89, 0x64, 0x4C, 0x0F} },
    { 101, 0xA7, 0, {0x6E, 0xDF, 0x5F, 0x7F, 0xFD, 0xF5, 0x67, 0x3E} },
    { 3, 0xA8, 0, {0x93, 0xDF, 0xBF, 0x07, 0x89, 0x64, 0x4A, 0x0F} },
    { 94, 0x121, 0, {0x6C, 0x00, 0x00, 0x40, 0x36, 0x62, 0x7E, 0xFE} },
    { 3, 0xA8, 0, {0xDF, 0xD0, 0xBF, 0x07, 0x89, 0x64, 0x4C, 0x0F} },
    { 2, 0xA7, 0, {0xA7, 0xD0, 0x5F, 0x7F, 0xFD, 0xF5, 0x67, 0x3E} },
    { 5, 0x3BE, 0, {0x54, 0x19, 0x07, 0x01, 0xA8, 0xC0, 0x08, 0x80} },
    { 94, 0xA7, 0, {0x2F, 0xD1, 0x5F, 0x7F, 0xFD, 0xF5, 0x67, 0x3E} },
    { 2, 0xA8, 0, {0x0D, 0xD1, 0xBF, 0x07, 0x89, 0x64, 0x50, 0x0F} },
    { 89, 0x121, 0, {0x00, 0x01, 0x00, 0x40, 0x36, 0x62, 0x7E, 0xFE} },
    { 5, 0xA7, 0, {0x5B, 0xD2, 0x5F, 0x7F, 0xFD, 0xF5, 0x67, 0x3E} },
    { 3, 0xA8, 0, {0xD9, 0xD2, 0xBF, 0x07, 0x89, 0x64, 0x54, 0x0F} },
    { 99, 0xA7, 0, {0xDA, 0xD3, 0x5F, 0x7F, 0xFD, 0xF5, 0x67, 0x3E} },
    { 2, 0xA8, 0, {0x7E, 0xD3, 0xBF, 0x07, 0x89, 0x64, 0x58, 0x0F} },
    { 92, 0x121, 0, {0x8F, 0x02, 0x00, 0x40, 0x36, 0x62, 0x7E, 0xFE} },
    { 7, 0xA7, 0, {0xE0, 0xD4, 0x5F, 0x7F, 0xFD, 0xF5, 0x67, 0x3E} },
    { 2, 0xA8, 0, {0x9A, 0xD4, 0xBF, 0x07, 0x89, 0x64, 0x54, 0x0F} },
    { 99, 0xA7, 0, {0x9B, 0xD5, 0x5F, 0x7F, 0xFD, 0xF5, 0x67, 0x3E} },
    { 2, 0xA8, 0, {0xD4, 0xD5, 0xBF, 0x07, 0x89, 0x64, 0x52, 0x0F} },
    { 92, 0x121, 0, {0x7D, 0x03, 0x00, 0x40, 0x36, 0x62, 0x7E, 0xFE} },
    { 3, 0xA7, 0, {0x08, 0xD6, 0x5F, 0x7F, 0xFD, 0xF5, 0x67, 0x3E} },
    { 2, 0xA8, 0, {0x4C, 0xD6, 0xBF, 0x07, 0x89, 0x64, 0x4E, 0x0F} },
    { 99, 0xA7, 0, {0x81, 0xD7, 0x5F, 0x7F, 0xFD, 0xF5, 0x67, 0x3E} },
    { 2, 0xA8, 0, {0x59, 0xD7, 0xBF, 0x07, 0x89, 0x64, 0x4E, 0x0F} },
    { 91, 0x121, 0, {0xC0, 0x04, 0x00, 0x40, 0x36, 0x62, 0x7E, 0xFE} },
    { 5, 0xA7, 0, {0xCC, 0xD8, 0x5F, 0x7F, 0xFD, 0xF5, 0x67, 0x3E} },
    { 2, 0xA8, 0, {0xD3, 0xD8, 0xBF, 0x07, 0x89, 0x64, 0x52, 0x0F} },
    { 27, 0x641, 0, {0x26, 0x1E, 0x21, 0x4F, 0x13, 0x0A, 0x55, 0x92} },
    { 69, 0xA7, 0, {0x1C, 0xD9, 0x5F, 0x7F, 0xFD, 0xF5, 0x67, 0x3E} },
    { 7, 0xA8, 0, {0x85, 0xD9, 0xBF, 0x07, 0x89, 0x64, 0x54, 0x0F} },
    { 93, 0x121, 0, {0xF7, 0x05, 0x00, 0x40, 0x36, 0x62, 0x7E, 0xFE} },
    { 2, 0xA7, 0, {0x1A, 0xDA, 0x5F, 0x7F, 0xFD, 0xF5, 0x67, 0x3E} },
    { 3, 0xA8, 0, {0xC6, 0xDA, 0xBF, 0x07, 0x89, 0x64, 0x56, 0x0F} },
    { 2, 0x3BE, 0, {0x9F, 0x1A, 0x07, 0x01, 0xA8, 0xC0, 0x08, 0x80} },
    { 65, 0x1B000076, 1, {0x76, 0x00, 0x04, 0x01, 0x01, 0x00, 0x00, 0x00} },
    { 31, 0xA7, 0, {0x74, 0xDB, 0x5F, 0x7F, 0xFD, 0xF5, 0x67, 0x3E} },
    { 3, 0xA8, 0, {0x17, 0xDB, 0xBF, 0x07, 0x89, 0x64, 0x54, 0x0F} },
    { 94, 0x121, 0, {0xF0, 0x06, 0x00, 0x40, 0x36, 0x62, 0x7E, 0xFE} },
    { 2, 0xA7, 0, {0xCB, 0xDC, 0x5F, 0x7F, 0xFD, 0xF5, 0x67, 0x3E} },
    { 3, 0xA8, 0, {0xA1, 0xDC, 0xBF, 0x07, 0x89, 0x64, 0x48, 0x0F} },
    { 95, 0xA7, 0, {0x22, 0xDD, 0x1F, 0x7F, 0xFD, 0xF5, 0x67, 0x3E} },
    { 4, 0xA8, 0, {0xDE, 0xDD, 0xBF, 0x07, 0x89, 0x64, 0x42, 0x0F} },
    { 93, 0x121, 0, {0xA3, 0x07, 0x00, 0x40, 0x36, 0x62, 0x7E, 0xFE} },
    { 5, 0xA7, 0, {0xA9, 0xDE, 0x1F, 0x7F, 0xFD, 0xF5, 0x67, 0x3E} },
    { 2, 0xA8, 0, {0xDA, 0xDE, 0xBF, 0x07, 0x89, 0x64, 0x3E, 0x0F} },
    { 100, 0xA7, 0, {0x77, 0xDF, 0x1F, 0x7F, 0xFD, 0xF5, 0x67, 0x3E} },
    { 2, 0xA8, 0, {0x6D, 0xDF, 0xBF, 0x07, 0x89, 0x64, 0x3A, 0x0F} },
    { 95, 0x121, 0, {0x60, 0x08, 0x00, 0x40, 0x36, 0x62, 0x7E, 0xFE} },
    { 2, 0xA7, 0, {0xBE, 0xD0, 0x1F, 0x7F, 0xFD, 0xF5, 0x67, 0x3E} },
    { 2, 0xA8, 0, {0x3D, 0xD0, 0xBF, 0x07, 0x89, 0x64, 0x3E, 0x0F} },
    { 95, 0xA7, 0, {0x2F, 0xD1, 0x5F, 0x7F, 0xFD, 0xF5, 0x67, 0x3E} },
    { 4, 0xA8, 0, {0xED, 0xD1, 0xBF, 0x07, 0x89, 0x64, 0x40, 0x0F} },
    { 96, 0x121, 0, {0x9F, 0x09, 0x00, 0x40, 0x36, 0x62, 0x7E, 0xFE} },
    { 2, 0xA7, 0, {0x5B, 0xD2, 0x5F, 0x7F, 0xFD, 0xF5, 0x67, 0x3E} },
    { 2, 0xA8, 0, {0xAB, 0xD2, 0xBF, 0x07, 0x89, 0x64, 0x3E, 0x0F} },
    { 11, 0x640, 0, {0x02, 0x81, 0x70, 0xB7, 0x76, 0x20, 0x03, 0x28} },
    { 91, 0xA7, 0, {0xDA, 0xD3, 0x5F, 0x7F, 0xFD, 0xF5, 0x67, 0x3E} },
    { 2, 0xA8, 0, {0x58, 0xD3, 0xBF, 0x07, 0x89, 0x64, 0x3C, 0x0F} },
    { 92, 0x121, 0, {0xFA, 0x0A, 0x00, 0x40, 0x36, 0x62, 0x7E, 0xFE} },
    { 2, 0x3BE, 0, {0xE9, 0x1B, 0x07, 0x01, 0xA8, 0xC0, 0x08, 0x80} },
    { 3, 0xA7, 0, {0xE0, 0xD4, 0x5F, 0x7F, 0xFD, 0xF5, 0x67, 0x3E} },
    { 2, 0xA8, 0, {0xF4, 0xD4, 0xBF, 0x07, 0x89, 0x64, 0x3C, 0x0F} },
    { 92, 0xA7, 0, {0x9B, 0xD5, 0x5F, 0x7F, 0xFD, 0xF5, 0x67, 0x3E} },
    { 8, 0xA8, 0, {0x82, 0xD5, 0xBF, 0x07, 0x89, 0x64, 0x3E, 0x0F} },
    { 93, 0x121, 0, {0x51, 0x0B, 0x00, 0x40, 0x36, 0x62, 0x7E, 0xFE} },
    { 2, 0xA7, 0, {0x08, 0xD6, 0x5F, 0x7F, 0xFD, 0xF5, 0x67, 0x3E} },
    { 3, 0xA8, 0, {0x18, 0xD6, 0xBF, 0x07, 0x89, 0x64, 0x40, 0x0F} },
    { 98, 0xA7, 0, {0x81, 0xD7, 0x5F, 0x7F, 0xFD, 0xF5, 0x67, 0x3E} },
    { 2, 0xA8, 0, {0x0D, 0xD7, 0xBF, 0x07, 0x89, 0x64, 0x40, 0x0F} },
    { 95, 0x121, 0, {0x94, 0x0C, 0x00, 0x40, 0x36, 0x62, 0x7E, 0xFE} },
    { 2, 0xA7, 0, {0xCC, 0xD8, 0x5F, 0x7F, 0xFD, 0xF5, 0x67, 0x3E} },
    { 3, 0xA8, 0, {0x33, 0xD8, 0xBF, 0x07, 0x89, 0x64, 0x42, 0x0F} },
    { 94, 0xA7, 0, {0x1C, 0xD9, 0x5F, 0x7F, 0xFD, 0xF5, 0x67, 0x3E} },
    { 5, 0xA8, 0, {0x65, 0xD9, 0xBF, 0x07, 0x89, 0x64, 0x44, 0x0F} },
    { 96, 0x121, 0, {0x87, 0x0D, 0x00, 0x40, 0x36, 0x62, 0x7E, 0xFE} },
    { 2, 0xA7, 0, {0x1A, 0xDA, 0x5F, 0x7F, 0xFD, 0xF5, 0x67, 0x3E} },
    { 3, 0xA8, 0, {0x72, 0xDA, 0xBF, 0x07, 0x89, 0x64, 0x48, 0x0F} },
    { 98, 0xA7, 0, {0x74, 0xDB, 0x5F, 0x7F, 0xFD, 0xF5, 0x67, 0x3E} },
    { 3, 0xA8, 0, {0x87, 0xDB, 0xBF, 0x07, 0x89, 0x64, 0x4C, 0x0F} },
    { 94, 0x121, 0, {0x14, 0x0E, 0x00, 0x40, 0x36, 0x62, 0x7E, 0xFE} },
    { 2, 0xA7, 0, {0xCB, 0xDC, 0x5F, 0x7F, 0xFD, 0xF5, 0x67, 0x3E} },
    { 3, 0xA8, 0, {0x85, 0xDC, 0xBF, 0x07, 0x89, 0x64, 0x4E, 0x0F} },
    { 94, 0xA7, 0, {0x3B, 0xDD, 0x5F, 0x7F, 0xFD, 0xF5, 0x67, 0x3E} },
    { 7, 0xA8, 0, {0x96, 0xDD, 0xBF, 0x07, 0x89, 0x64, 0x4E, 0x0F} },
    { 94, 0x121, 0, {0xA2, 0x0F, 0x00, 0x40, 0x36, 0x62, 0x7E, 0xFE} },
    { 2, 0xA7, 0, {0xB0, 0xDE, 0x5F, 0x7F, 0xFD, 0xF5, 0x67, 0x3E} },
    { 3, 0xA8, 0, {0x38, 0xDE, 0xBF, 0x07, 0x89, 0x64, 0x4C, 0x0F} },
    { 2, 0x3BE, 0, {0x6C, 0x1C, 0x07, 0x01, 0xA8, 0xC0, 0x08, 0x80} },
    { 66, 0x1B000076, 1, {0x76, 0x00, 0x04, 0x01, 0x01, 0x00, 0x00, 0x00} },
    { 30, 0xA7, 0, {0x6E, 0xDF, 0x5F, 0x7F, 0xFD, 0xF5, 0x67, 0x3E} },
    { 2, 0xA8, 0, {0xB7, 0xDF, 0xBF, 0x07, 0x89, 0x64, 0x4C, 0x0F} },
    { 95, 0x121, 0, {0x6C, 0x00, 0x00, 0x40, 0x36, 0x62, 0x7E, 0xFE} },
    { 2, 0xA7, 0, {0xA7, 0xD0, 0x5F, 0x7F, 0xFD, 0xF5, 0x67, 0x3E} },
    { 3, 0xA8, 0, {0xC3, 0xD0, 0xBF, 0x07, 0x89, 0x64, 0x4E, 0x0F} },
    { 94, 0xA7, 0, {0x2F, 0xD1, 0x5F, 0x7F, 0xFD, 0xF5, 0x67, 0x3E} },
    { 4, 0xA8, 0, {0x11, 0xD1, 0xBF, 0x07, 0x89, 0x64, 0x52, 0x0F} },
    { 97, 0x121, 0, {0x00, 0x01, 0x00, 0x40, 0x36, 0x62, 0x7E, 0xFE} },
    { 2, 0xA7, 0, {0x5B, 0xD2, 0x5F, 0x7F, 0xFD, 0xF5, 0x67, 0x3E} },
    { 2, 0xA8, 0, {0x91, 0xD2, 0xBF, 0x07, 0x89, 0x64, 0x58, 0x0F} },
    { 98, 0xA7, 0, {0xDA, 0xD3, 0x5F, 0x7F, 0xFD, 0xF5, 0x67, 0x3E} },
    { 2, 0xA8, 0, {0x7E, 0xD3, 0xBF, 0x07, 0x89, 0x64, 0x58, 0x0F} },
    { 97, 0x121, 0, {0x8F, 0x02, 0x00, 0x40, 0x36, 0x62, 0x7E, 0xFE} },
    { 2, 0xA7, 0, {0xE0, 0xD4, 0x5F, 0x7F, 0xFD, 0xF5, 0x67, 0x3E} },
    { 2, 0xA8, 0, {0x86, 0xD4, 0xBF, 0x07, 0x89, 0x64, 0x56, 0x0F} },
    { 100, 0xA7, 0, {0x82, 0xD5, 0x1F, 0x7F, 0xFD, 0xF5, 0x67, 0x3E} },
    { 2, 0xA8, 0, {0xF0, 0xD5, 0xBF, 0x07, 0x89, 0x64, 0x54, 0x0F} },
    { 98, 0x121, 0, {0x7D, 0x03, 0x00, 0x40, 0x36, 0x62, 0x7E, 0xFE} },
    { 2, 0xA7, 0, {0x11, 0xD6, 0x1F, 0x7F, 0xFD, 0xF5, 0x67, 0x3E} },
    { 3, 0xA8, 0, {0xC0, 0xD6, 0xBF, 0x07, 0x89, 0x64, 0x54, 0x0F} },
    { 91, 0xA7, 0, {0x98, 0xD7, 0x1F, 0x7F, 0xFD, 0xF5, 0x67, 0x3E} },
    { 2, 0xA8, 0, {0xC9, 0xD7, 0xBF, 0x07, 0x89, 0x64, 0x56, 0x0F} },
    { 98, 0x121, 0, {0xC0, 0x04, 0x00, 0x40, 0x36, 0x62, 0x7E, 0xFE} },
    { 2, 0x3BE, 0, {0xD7, 0x1D, 0x07, 0x01, 0xA8, 0xC0, 0x08, 0x80} },
    { 3, 0xA7, 0, {0xD5, 0xD8, 0x1F, 0x7F, 0xFD, 0xF5, 0x67, 0x3E} },
    { 2, 0xA8, 0, {0xBF, 0xD8, 0xBF, 0x07, 0x89, 0x64, 0x58, 0x0F} },
    { 94, 0xA7, 0, {0x05, 0xD9, 0x1F, 0x7F, 0xFD, 0xF5, 0x67, 0x3E} },
    { 3, 0xA8, 0, {0xD1, 0xD9, 0xBF, 0x07, 0x89, 0x64, 0x5A, 0x0F} },
    { 100, 0x121, 0, {0xF7, 0x05, 0x00, 0x40, 0x36, 0x62, 0x7E, 0xFE} },
    { 2, 0xA7, 0, {0x03, 0xDA, 0x1F, 0x7F, 0xFD, 0xF5, 0x67, 0x3E} },
    { 3, 0xA8, 0, {0x92, 0xDA, 0xBF, 0x07, 0x89, 0x64, 0x58, 0x0F} },
    { 92, 0xA7, 0, {0x6D, 0xDB, 0x1F, 0x7F, 0xFD, 0xF5, 0x67, 0x3E} },
    { 3, 0xA8, 0, {0x5F, 0xDB, 0xBF, 0x07, 0x89, 0x64, 0x58, 0x0F} },
    { 97, 0x121, 0, {0xF0, 0x06, 0x00, 0x40, 0x36, 0x62, 0x7E, 0xFE} },
    { 6, 0xA7, 0, {0xD2, 0xDC, 0x1F, 0x7F, 0xFD, 0xF5, 0x67, 0x3E} },
    { 2, 0xA8, 0, {0x15, 0xDC, 0xBF, 0x07, 0x89, 0x64, 0x56, 0x0F} },
    { 94, 0xA7, 0, {0x22, 0xDD, 0x1F, 0x7F, 0xFD, 0xF5, 0x67, 0x3E} },
    { 3, 0xA8, 0, {0x06, 0xDD, 0xBF, 0x07, 0x89, 0x64, 0x56, 0x0F} },
    { 99, 0x121, 0, {0xA3, 0x07, 0x00, 0x40, 0x36, 0x62, 0x7E, 0xFE} },
    { 2, 0xA7, 0, {0xA9, 0xDE, 0x1F, 0x7F, 0xFD, 0xF5, 0x67, 0x3E} },
    { 2, 0xA8, 0, {0xB4, 0xDE, 0xBF, 0x07, 0x89, 0x64, 0x56, 0x0F} },
    { 92, 0xA7, 0, {0x77, 0xDF, 0x1F, 0x7F, 0xFD, 0xF5, 0x67, 0x3E} },
    { 3, 0xA8, 0, {0x6F, 0xDF, 0xBF, 0x07, 0x89, 0x64, 0x58, 0x0F} },
    { 98, 0x121, 0, {0x60, 0x08, 0x00, 0x40, 0x36, 0x62, 0x7E, 0xFE} },
    { 2, 0xA8, 0, {0x07, 0xD0, 0xBF, 0x07, 0x89, 0x64, 0x58, 0x0F} },
    { 3, 0xA7, 0, {0xBE, 0xD0, 0x1F, 0x7F, 0xFD, 0xF5, 0x67, 0x3E} },
    { 98, 0xA7, 0, {0x36, 0xD1, 0x1F, 0x7F, 0xFD, 0xF5, 0x67, 0x3E} },
    { 3, 0xA8, 0, {0x7D, 0xD1, 0xBF, 0x07, 0x89, 0x64, 0x58, 0x0F} },
    { 95, 0x121, 0, {0x9F, 0x09, 0x00, 0x40, 0x36, 0x62, 0x7E, 0xFE} },
    { 3, 0x3BE, 0, {0xC8, 0x1E, 0x07, 0x01, 0xA8, 0xC0, 0x08, 0x80} },
    { 2, 0xA7, 0, {0x42, 0xD2, 0x1F, 0x7F, 0xFD, 0xF5, 0x67, 0x3E} },
    { 2, 0xA8, 0, {0x8D, 0xD2, 0xBF, 0x07, 0x89, 0x64, 0x5A, 0x0F} },
    { 65, 0x1B000076, 1, {0x76, 0x00, 0x04, 0x01, 0x01, 0x00, 0x00, 0x00} },
    { 26, 0xA7, 0, {0xC3, 0xD3, 0x1F, 0x7F, 0xFD, 0xF5, 0x67, 0x3E} },
    { 2, 0xA8, 0, {0x46, 0xD3, 0xBF, 0x07, 0x89, 0x64, 0x5C, 0x0F} },
    { 100, 0x121, 0, {0xFA, 0x0A, 0x00, 0x40, 0x36, 0x62, 0x7E, 0xFE} },
    { 4, 0xA8, 0, {0xAD, 0xD4, 0xBF, 0x07, 0x89, 0x64, 0x60, 0x0F} },
    { 3, 0xA7, 0, {0xF9, 0xD4, 0x1F, 0x7F, 0xFD, 0xF5, 0x67, 0x3E} },
    { 93, 0xA7, 0, {0x82, 0xD5, 0x1F, 0x7F, 0xFD, 0xF5, 0x67, 0x3E} },
    { 2, 0xA8, 0, {0xDB, 0xD5, 0xBF, 0x07, 0x89, 0x64, 0x62, 0x0F} },
    { 98, 0x121, 0, {0x51, 0x0B, 0x00, 0x40, 0x36, 0x62, 0x7E, 0xFE} },
    { 2, 0xA7, 0, {0x11, 0xD6, 0x1F, 0x7F, 0xFD, 0xF5, 0x67, 0x3E} },
    { 3, 0xA8, 0, {0xEB, 0xD6, 0xBF, 0x07, 0x89, 0x64, 0x62, 0x0F} },
    { 93, 0xA7, 0, {0x98, 0xD7, 0x1F, 0x7F, 0xFD, 0xF5, 0x67, 0x3E} },
    { 2, 0xA8, 0, {0xFE, 0xD7, 0xBF, 0x07, 0x89, 0x64, 0x62, 0x0F} },
    { 99, 0x121, 0, {0x94, 0x0C, 0x00, 0x40, 0x36, 0x62, 0x7E, 0xFE} },
    { 5, 0xA8, 0, {0xF8, 0xD8, 0xBF, 0x07, 0x89, 0x64, 0x64, 0x0F} },
    { 2, 0xA7, 0, {0xD5, 0xD8, 0x1F, 0x7F, 0xFD, 0xF5, 0x67, 0x3E} },
    { 92, 0xA7, 0, {0x05, 0xD9, 0x1F, 0x7F, 0xFD, 0xF5, 0x67, 0x3E} },
    { 3, 0xA8, 0, {0xB2, 0xD9, 0xBF, 0x07, 0x89, 0x64, 0x60, 0x0F} },
    { 95, 0x121, 0, {0x87, 0x0D, 0x00, 0x40, 0x36, 0x62, 0x7E, 0xFE} },
    { 2, 0xA7, 0, {0x03, 0xDA, 0x1F, 0x7F, 0xFD, 0xF5, 0x67, 0x3E} },
    { 3, 0xA8, 0, {0xED, 0xDA, 0xBF, 0x07, 0x89, 0x64, 0x60, 0x0F} },
    { 99, 0xA7, 0, {0x6D, 0xDB, 0x1F, 0x7F, 0xFD, 0xF5, 0x67, 0x3E} },
    { 2, 0xA8, 0, {0x7B, 0xDB, 0xBF, 0x07, 0x89, 0x64, 0x5E, 0x0F} },
    { 96, 0x121, 0, {0x14, 0x0E, 0x00, 0x40, 0x36, 0x62, 0x7E, 0xFE} },
    { 3, 0x3BE, 0, {0xC5, 0x1F, 0x07, 0x01, 0xA8, 0xC0, 0x08, 0x80} },
    { 2, 0xA7, 0, {0xD2, 0xDC, 0x1F, 0x7F, 0xFD, 0xF5, 0x67, 0x3E} },
    { 2, 0xA8, 0, {0x79, 0xDC, 0xBF, 0x07, 0x89, 0x64, 0x5C, 0x0F} },
    { 93, 0xA7, 0, {0x22, 0xDD, 0x1F, 0x7F, 0xFD, 0xF5, 0x67, 0x3E} },
    { 2, 0xA8, 0, {0x76, 0xDD, 0xBF, 0x07, 0x89, 0x64, 0x5E, 0x0F} },
    { 96, 0x121, 0, {0xA2, 0x0F, 0x00, 0x40, 0x36, 0x62, 0x7E, 0xFE} },
    { 3, 0xA8, 0, {0xC4, 0xDE, 0xBF, 0x07, 0x89, 0x64, 0x5E, 0x0F} },
    { 2, 0xA7, 0, {0xA9, 0xDE, 0x1F, 0x7F, 0xFD, 0xF5, 0x67, 0x3E} },
    { 96, 0xA7, 0, {0x77, 0xDF, 0x1F, 0x7F, 0xFD, 0xF5, 0x67, 0x3E} },
    { 3, 0xA8, 0, {0x10, 0xDF, 0xBF, 0x07, 0x89, 0x64, 0x60, 0x0F} },
    { 99, 0x121, 0, {0x6C, 0x00, 0x00, 0x40, 0x36, 0x62, 0x7E, 0xFE} },
    { 6, 0xA7, 0, {0xBE, 0xD0, 0x1F, 0x7F, 0xFD, 0xF5, 0x67, 0x3E} },
    { 2, 0xA8, 0, {0x64, 0xD0, 0xBF, 0x07, 0x89, 0x64, 0x62, 0x0F} },
    { 91, 0xA7, 0, {0x36, 0xD1, 0x1F, 0x7F, 0xFD, 0xF5, 0x67, 0x3E} },
    { 3, 0xA8, 0, {0x1E, 0xD1, 0xBF, 0x07, 0x89, 0x64, 0x62, 0x0F} },
    { 95, 0x121, 0, {0x00, 0x01, 0x00, 0x40, 0x36, 0x62, 0x7E, 0xFE} },
    { 2, 0xA7, 0, {0x42, 0xD2, 0x1F, 0x7F, 0xFD, 0xF5, 0x67, 0x3E} },
    { 2, 0xA8, 0, {0xD6, 0xD2, 0xBF, 0x07, 0x89, 0x64, 0x64, 0x0F} },
    { 98, 0xA7, 0, {0xC3, 0xD3, 0x1F, 0x7F, 0xFD, 0xF5, 0x67, 0x3E} },
    { 2, 0xA8, 0, {0x39, 0xD3, 0xBF, 0x07, 0x89, 0x64, 0x64, 0x0F} },
    { 98, 0x121, 0, {0x8F, 0x02, 0x00, 0x40, 0x36, 0x62, 0x7E, 0xFE} },
    { 4, 0xA8, 0, {0x89, 0xD4, 0xBF, 0x07, 0x89, 0x64, 0x66, 0x0F} },
    { 3, 0xA7, 0, {0xF9, 0xD4, 0x1F, 0x7F, 0xFD, 0xF5, 0x67, 0x3E} },
    { 19, 0x640, 0, {0x02, 0x81, 0x70, 0xB7, 0x76, 0x20, 0x03, 0x28} },
    { 76, 0xA7, 0, {0x82, 0xD5, 0x1F, 0x7F, 0xFD, 0xF5, 0x67, 0x3E} },
    { 3, 0xA8, 0, {0xDB, 0xD5, 0xBF, 0x07, 0x89, 0x64, 0x62, 0x0F} },
    { 93, 0x121, 0, {0x7D, 0x03, 0x00, 0x40, 0x36, 0x62, 0x7E, 0xFE} },
    { 2, 0x3BE, 0, {0x7C, 0x10, 0x07, 0x01, 0xA8, 0xC0, 0x08, 0x80} },
    { 3, 0xA7, 0, {0x11, 0xD6, 0x1F, 0x7F, 0xFD, 0xF5, 0x67, 0x3E} },
    { 2, 0xA8, 0, {0xF7, 0xD6, 0xBF, 0x07, 0x89, 0x64, 0x60, 0x0F} },
    { 67, 0x1B000076, 1, {0x76, 0x00, 0x04, 0x01, 0x01, 0x00, 0x00, 0x00} },
    { 28, 0xA7, 0, {0x98, 0xD7, 0x1F, 0x7F, 0xFD, 0xF5, 0x67, 0x3E} },
    { 2, 0xA8, 0, {0xA5, 0xD7, 0xBF, 0x07, 0x89, 0x64, 0x5C, 0x0F} },
    { 99, 0x121, 0, {0xC0, 0x04, 0x00, 0x40, 0x36, 0x62, 0x7E, 0xFE} },
    { 8, 0xA8, 0, {0xEB, 0xD8, 0xBF, 0x07, 0x89, 0x64, 0x56, 0x0F} },
    { 2, 0xA7, 0, {0xD5, 0xD8, 0x1F, 0x7F, 0xFD, 0xF5, 0x67, 0x3E} },
    { 90, 0xA7, 0, {0x05, 0xD9, 0x1F, 0x7F, 0xFD, 0xF5, 0x67, 0x3E} },
    { 2, 0xA8, 0, {0xD1, 0xD9, 0xBF, 0x07, 0x89, 0x64, 0x5A, 0x0F} },
    { 95, 0x121, 0, {0xF7, 0x05, 0x00, 0x40, 0x36, 0x62, 0x7E, 0xFE} },
    { 5, 0xA7, 0, {0x03, 0xDA, 0x1F, 0x7F, 0xFD, 0xF5, 0x67, 0x3E} },
    { 2, 0xA8, 0, {0xAA, 0xDA, 0xBF, 0x07, 0x89, 0x64, 0x5C, 0x0F} },
    { 95, 0xA7, 0, {0x6D, 0xDB, 0x1F, 0x7F, 0xFD, 0xF5, 0x67, 0x3E} },
    { 3, 0xA8, 0, {0x20, 0xDB, 0xBF, 0x07, 0x89, 0x64, 0x60, 0x0F} },
    { 99, 0x121, 0, {0xF0, 0x06, 0x00, 0x40, 0x36, 0x62, 0x7E, 0xFE} },
    { 4, 0xA8, 0, {0x06, 0xDC, 0xBF, 0x07, 0x89, 0x64, 0x64, 0x0F} },
    { 2, 0xA7, 0, {0xD2, 0xDC, 0x1F, 0x7F, 0xFD, 0xF5, 0x67, 0x3E} },
    { 93, 0xA7, 0, {0x22, 0xDD, 0x1F, 0x7F, 0xFD, 0xF5, 0x67, 0x3E} },
    { 2, 0xA8, 0, {0x76, 0xDD, 0xBF, 0x07, 0x89, 0x64, 0x5E, 0x0F} },
    { 95, 0x121, 0, {0xA3, 0x07, 0x00, 0x40, 0x36, 0x62, 0x7E, 0xFE} },
    { 2, 0xA8, 0, {0xFC, 0xDE, 0xBF, 0x07, 0x89, 0x64, 0x5A, 0x0F} },
    { 2, 0xA7, 0, {0xA9, 0xDE, 0x1F, 0x7F, 0xFD, 0xF5, 0x67, 0x3E} },
    { 100, 0xA7, 0, {0x77, 0xDF, 0x1F, 0x7F, 0xFD, 0xF5, 0x67, 0x3E} },
    { 2, 0xA8, 0, {0x3B, 0xDF, 0xBF, 0x07, 0x89, 0x64, 0x56, 0x0F} },
    { 96, 0x121, 0, {0x60, 0x08, 0x00, 0x40, 0x36, 0x62, 0x7E, 0xFE} },
    { 3, 0x3BE, 0, {0x08, 0x11, 0x07, 0x01, 0xA8, 0xC0, 0x08, 0x80} },
    { 2, 0xA7, 0, {0xBE, 0xD0, 0x1F, 0x7F, 0xFD, 0xF5, 0x67, 0x3E} },
    { 2, 0xA8, 0, {0x4F, 0xD0, 0xBF, 0x07, 0x89, 0x64, 0x54, 0x0F} },
    { 93, 0xA7, 0, {0x36, 0xD1, 0x1F, 0x7F, 0xFD, 0xF5, 0x67, 0x3E} },
    { 3, 0xA8, 0, {0x11, 0xD1, 0xBF, 0x07, 0x89, 0x64, 0x52, 0x0F} },
    { 95, 0x121, 0, {0x9F, 0x09, 0x00, 0x40, 0x36, 0x62, 0x7E, 0xFE} },
    { 3, 0xA7, 0, {0x42, 0xD2, 0x1F, 0x7F, 0xFD, 0xF5, 0x67, 0x3E} },
    { 2, 0xA8, 0, {0xFD, 0xD2, 0xBF, 0x07, 0x89, 0x64, 0x52, 0x0F} },
    { 96, 0xA7, 0, {0xC3, 0xD3, 0x1F, 0x7F, 0xFD, 0xF5, 0x67, 0x3E} },
    { 3, 0xA8, 0, {0x0E, 0xD3, 0xBF, 0x07, 0x89, 0x64, 0x50, 0x0F} },
    { 98, 0x121, 0, {0xFA, 0x0A, 0x00, 0x40, 0x36, 0x62, 0x7E, 0xFE} },
    { 6, 0xA7, 0, {0xF9, 0xD4, 0x1F, 0x7F, 0xFD, 0xF5, 0x67, 0x3E} },
    { 3, 0xA8, 0, {0x2E, 0xD4, 0xBF, 0x07, 0x89, 0x64, 0x4A, 0x0F} },
    { 92, 0xA7, 0, {0x82, 0xD5, 0x1F, 0x7F, 0xFD, 0xF5, 0x67, 0x3E} },
    { 2, 0xA8, 0, {0x58, 0xD5, 0xBF, 0x07, 0x89, 0x64, 0x48, 0x0F} },
    { 95, 0x121, 0, {0x51, 0x0B, 0x00, 0x40, 0x36, 0x62, 0x7E, 0xFE} },
    { 2, 0xA7, 0, {0x11, 0xD6, 0x1F, 0x7F, 0xFD, 0xF5, 0x67, 0x3E} },
    { 3, 0xA8, 0, {0x3C, 0xD6, 0xBF, 0x07, 0x89, 0x64, 0x46, 0x0F} },
    { 97, 0xA7, 0, {0x98, 0xD7, 0x1F, 0x7F, 0xFD, 0xF5, 0x67, 0x3E} },
    { 2, 0xA8, 0, {0x29, 0xD7, 0xBF, 0x07, 0x89, 0x64, 0x46, 0x0F} },
    { 97, 0x121, 0, {0x94, 0x0C, 0x00, 0x40, 0x36, 0x62, 0x7E, 0xFE} },
    { 4, 0xA8, 0, {0x0B, 0xD8, 0xBF, 0x07, 0x89, 0x64, 0x46, 0x0F} },
    { 2, 0xA7, 0, {0xD5, 0xD8, 0x1F, 0x7F, 0xFD, 0xF5, 0x67, 0x3E} },
    { 98, 0xA7, 0, {0x05, 0xD9, 0x1F, 0x7F, 0xFD, 0xF5, 0x67, 0x3E} },
    { 2, 0xA8, 0, {0x2D, 0xD9, 0xBF, 0x07, 0x89, 0x64, 0x48, 0x0F} },
    { 92, 0x121, 0, {0x87, 0x0D, 0x00, 0x40, 0x36, 0x62, 0x7E, 0xFE} },
    { 2, 0x3BE, 0, {0x67, 0x12, 0x07, 0x01, 0xA8, 0xC0, 0x08, 0x80} },
    { 3, 0xA7, 0, {0x1A, 0xDA, 0x5F, 0x7F, 0xFD, 0xF5, 0x67, 0x3E} },
    { 2, 0xA8, 0, {0x72, 0xDA, 0xBF, 0x07, 0x89, 0x64, 0x48, 0x0F} },
    { 68, 0x1B000076, 1, {0x76, 0x00, 0x04, 0x01, 0x01, 0x00, 0x00, 0x00} },
    { 28, 0xA7, 0, {0x74, 0xDB, 0x5F, 0x7F, 0xFD, 0xF5, 0x67, 0x3E} },
    { 3, 0xA8, 0, {0xEB, 0xDB, 0xBF, 0x07, 0x89, 0x64, 0x46, 0x0F} },
    { 95, 0x121, 0, {0x14, 0x0E, 0x00, 0x40, 0x36, 0x62, 0x7E, 0xFE} },
    { 6, 0xA8, 0, {0xF5, 0xDC, 0xBF, 0x07, 0x89, 0x64, 0x46, 0x0F} },
    { 3, 0xA7, 0, {0xCB, 0xDC, 0x5F, 0x7F, 0xFD, 0xF5, 0x67, 0x3E} },
    { 95, 0xA7, 0, {0x3B, 0xDD, 0x5F, 0x7F, 0xFD, 0xF5, 0x67, 0x3E} },
    { 2, 0xA8, 0, {0xDE, 0xDD, 0xBF, 0x07, 0x89, 0x64, 0x42, 0x0F} },
    { 96, 0x121, 0, {0xA2, 0x0F, 0x00, 0x40, 0x36, 0x62, 0x7E, 0xFE} },
    { 2, 0xA7, 0, {0xB0, 0xDE, 0x5F, 0x7F, 0xFD, 0xF5, 0x67, 0x3E} },
    { 3, 0xA8, 0, {0xDA, 0xDE, 0xBF, 0x07, 0x89, 0x64, 0x3E, 0x0F} },
    { 100, 0xA7, 0, {0x6E, 0xDF, 0x5F, 0x7F, 0xFD, 0xF5, 0x67, 0x3E} },
    { 2, 0xA8, 0, {0x6D, 0xDF, 0xBF, 0x07, 0x89, 0x64, 0x3A, 0x0F} },
    { 91, 0x121, 0, {0x6C, 0x00, 0x00, 0x40, 0x36, 0x62, 0x7E, 0xFE} },
    { 3, 0xA8, 0, {0x4D, 0xD0, 0xBF, 0x07, 0x89, 0x64, 0x36, 0x0F} },
    { 2, 0xA7, 0, {0xA7, 0xD0, 0x5F, 0x7F, 0xFD, 0xF5, 0x67, 0x3E} },
    { 100, 0xA7, 0, {0x2F, 0xD1, 0x5F, 0x7F, 0xFD, 0xF5, 0x67, 0x3E} },
    { 2, 0xA8, 0, {0x0F, 0xD1, 0xBF, 0x07, 0x89, 0x64, 0x32, 0x0F} },
    { 94, 0x121, 0, {0x00, 0x01, 0x00, 0x40, 0x36, 0x62, 0x7E, 0xFE} },
    { 3, 0xA7, 0, {0x5B, 0xD2, 0x5F, 0x7F, 0xFD, 0xF5, 0x67, 0x3E} },
    { 2, 0xA8, 0, {0xC7, 0xD2, 0xBF, 0x07, 0x89, 0x64, 0x34, 0x0F} },
    { 103, 0xA7, 0, {0xDA, 0xD3, 0x5F, 0x7F, 0xFD, 0xF5, 0x67, 0x3E} },
    { 2, 0xA8, 0, {0x34, 0xD3, 0xBF, 0x07, 0x89, 0x64, 0x36, 0x0F} },
    { 89, 0x121, 0, {0x8F, 0x02, 0x00, 0x40, 0x36, 0x62, 0x7E, 0xFE} },
    { 2, 0x3BE, 0, {0x94, 0x13, 0x07, 0x01, 0xA8, 0xC0, 0x08, 0x80} },
    { 2, 0xA7, 0, {0xE0, 0xD4, 0x5F, 0x7F, 0xFD, 0xF5, 0x67, 0x3E} },
    { 3, 0xA8, 0, {0xCC, 0xD4, 0xBF, 0x07, 0x89, 0x64, 0x38, 0x0F} },
    { 98, 0xA7, 0, {0x9B, 0xD5, 0x5F, 0x7F, 0xFD, 0xF5, 0x67, 0x3E} },
    { 3, 0xA8, 0, {0xA6, 0xD5, 0xBF, 0x07, 0x89, 0x64, 0x38, 0x0F} },
    { 93, 0x121, 0, {0x7D, 0x03, 0x00, 0x40, 0x36, 0x62, 0x7E, 0xFE} },
    { 3, 0xA7, 0, {0x08, 0xD6, 0x5F, 0x7F, 0xFD, 0xF5, 0x67, 0x3E} },
    { 2, 0xA8, 0, {0xC2, 0xD6, 0xBF, 0x07, 0x89, 0x64, 0x36, 0x0F} },
    { 100, 0xA7, 0, {0x81, 0xD7, 0x5F, 0x7F, 0xFD, 0xF5, 0x67, 0x3E} },
    { 3, 0xA8, 0, {0xEF, 0xD7, 0xBF, 0x07, 0x89, 0x64, 0x32, 0x0F} },
    { 90, 0x121, 0, {0xC0, 0x04, 0x00, 0x40, 0x36, 0x62, 0x7E, 0xFE} },
    { 6, 0xA7, 0, {0xCC, 0xD8, 0x5F, 0x7F, 0xFD, 0xF5, 0x67, 0x3E} },
    { 2, 0xA8, 0, {0xD1, 0xD8, 0xBF, 0x07, 0x89, 0x64, 0x30, 0x0F} },
    { 100, 0xA7, 0, {0x1C, 0xD9, 0x5F, 0x7F, 0xFD, 0xF5, 0x67, 0x3E} },
    { 3, 0xA8, 0, {0x17, 0xD9, 0xBF, 0x07, 0x89, 0x64, 0x2E, 0x0F} },
    { 90, 0x121, 0, {0xF7, 0x05, 0x00, 0x40, 0x36, 0x62, 0x7E, 0xFE} },
    { 3, 0xA7, 0, {0x1A, 0xDA, 0x5F, 0x7F, 0xFD, 0xF5, 0x67, 0x3E} },
    { 2, 0xA8, 0, {0x48, 0xDA, 0xBF, 0x07, 0x89, 0x64, 0x2E, 0x0F} },
    { 97, 0xA7, 0, {0x74, 0xDB, 0x5F, 0x7F, 0xFD, 0xF5, 0x67, 0x3E} },
    { 2, 0xA8, 0, {0x31, 0xDB, 0xBF, 0x07, 0x89, 0x64, 0x30, 0x0F} },
    { 95, 0x121, 0, {0xF0, 0x06, 0x00, 0x40, 0x36, 0x62, 0x7E, 0xFE} },
    { 3, 0xA8, 0, {0x2F, 0xDC, 0xBF, 0x07, 0x89, 0x64, 0x30, 0x0F} },
    { 3, 0xA7, 0, {0xCB, 0xDC, 0x5F, 0x7F, 0xFD, 0xF5, 0x67, 0x3E} },
    { 23, 0x641, 0, {0x42, 0x1F, 0x21, 0x4F, 0x13, 0x0A, 0x55, 0x92} },
    { 80, 0xA7, 0, {0x3B, 0xDD, 0x5F, 0x7F, 0xFD, 0xF5, 0x67, 0x3E} },
    { 2, 0xA8, 0, {0x88, 0xDD, 0xBF, 0x07, 0x89, 0x64, 0x2E, 0x0F} },
    { 89, 0x121, 0, {0xA3, 0x07, 0x00, 0x40, 0x36, 0x62, 0x7E, 0xFE} },
    { 2, 0x3BE, 0, {0x63, 0x14, 0x07, 0x01, 0xA8, 0xC0, 0x08, 0x80} },
    { 3, 0xA7, 0, {0xB0, 0xDE, 0x5F, 0x7F, 0xFD, 0xF5, 0x67, 0x3E} },
    { 2, 0xA8, 0, {0x8E, 0xDE, 0xBF, 0x07, 0x89, 0x64, 0x30, 0x0F} },
    { 68, 0x1B000076, 1, {0x76, 0x00, 0x04, 0x01, 0x01, 0x00, 0x00, 0x00} },
    { 27, 0xA7, 0, {0x6E, 0xDF, 0x5F, 0x7F, 0xFD, 0xF5, 0x67, 0x3E} },
    { 3, 0xA8, 0, {0x01, 0xDF, 0xBF, 0x07, 0x89, 0x64, 0x30, 0x0F} },
    { 96, 0x121, 0, {0x60, 0x08, 0x00, 0x40, 0x36, 0x62, 0x7E, 0xFE} },
    { 5, 0xA8, 0, {0x75, 0xD0, 0xBF, 0x07, 0x89, 0x64, 0x32, 0x0F} },
    { 3, 0xA7, 0, {0xA7, 0xD0, 0x5F, 0x7F, 0xFD, 0xF5, 0x67, 0x3E} },
    { 98, 0xA7, 0, {0x2F, 0xD1, 0x5F, 0x7F, 0xFD, 0xF5, 0x67, 0x3E} },
    { 2, 0xA8, 0, {0x63, 0xD1, 0xBF, 0x07, 0x89, 0x64, 0x38, 0x0F} },
    { 91, 0x121, 0, {0x9F, 0x09, 0x00, 0x40, 0x36, 0x62, 0x7E, 0xFE} },
    { 2, 0xA7, 0, {0x5B, 0xD2, 0x5F, 0x7F, 0xFD, 0xF5, 0x67, 0x3E} },
    { 3, 0xA8, 0, {0x8F, 0xD2, 0xBF, 0x07, 0x89, 0x64, 0x38, 0x0F} },
    { 100, 0xA7, 0, {0xDA, 0xD3, 0x5F, 0x7F, 0xFD, 0xF5, 0x67, 0x3E} },
    { 2, 0xA8, 0, {0x60, 0xD3, 0xBF, 0x07, 0x89, 0x64, 0x38, 0x0F} },
    { 94, 0x121, 0, {0xFA, 0x0A, 0x00, 0x40, 0x36, 0x62, 0x7E, 0xFE} },
    { 3, 0xA8, 0, {0xCC, 0xD4, 0xBF, 0x07, 0x89, 0x64, 0x38, 0x0F} },
    { 2, 0xA7, 0, {0xE0, 0xD4, 0x5F, 0x7F, 0xFD, 0xF5, 0x67, 0x3E} },
    { 101, 0xA7, 0, {0x9B, 0xD5, 0x5F, 0x7F, 0xFD, 0xF5, 0x67, 0x3E} },
    { 3, 0xA8, 0, {0xF2, 0xD5, 0xBF, 0x07, 0x89, 0x64, 0x36, 0x0F} },
    { 91, 0x121, 0, {0x51, 0x0B, 0x00, 0x40, 0x36, 0x62, 0x7E, 0xFE} },
    { 2, 0xA7, 0, {0x08, 0xD6, 0x5F, 0x7F, 0xFD, 0xF5, 0x67, 0x3E} },
    { 2, 0xA8, 0, {0xDE, 0xD6, 0xBF, 0x07, 0x89, 0x64, 0x34, 0x0F} },
    { 15, 0x640, 0, {0x02, 0x81, 0x70, 0xB7, 0x76, 0x20, 0x03, 0x28} },
    { 85, 0xA7, 0, {0x81, 0xD7, 0x5F, 0x7F, 0xFD, 0xF5, 0x67, 0x3E} },
    { 2, 0xA8, 0, {0xEF, 0xD7, 0xBF, 0x07, 0x89, 0x64, 0x32, 0x0F} },
    { 94, 0x121, 0, {0x94, 0x0C, 0x00, 0x40, 0x36, 0x62, 0x7E, 0xFE} },
    { 2, 0x3BE, 0, {0x1C, 0x15, 0x07, 0x01, 0xA8, 0xC0, 0x08, 0x80} },
    { 3, 0xA8, 0, {0xCD, 0xD8, 0xBF, 0x07, 0x89, 0x64, 0x32, 0x0F} },
    { 2, 0xA7, 0, {0xCC, 0xD8, 0x5F, 0x7F, 0xFD, 0xF5, 0x67, 0x3E} },
    { 99, 0xA7, 0, {0x1C, 0xD9, 0x5F, 0x7F, 0xFD, 0xF5, 0x67, 0x3E} },
    { 2, 0xA8, 0, {0x17, 0xD9, 0xBF, 0x07, 0x89, 0x64, 0x2E, 0x0F} },
    { 92, 0x121, 0, {0x87, 0x0D, 0x00, 0x40, 0x36, 0x62, 0x7E, 0xFE} },
    { 2, 0xA7, 0, {0x1A, 0xDA, 0x5F, 0x7F, 0xFD, 0xF5, 0x67, 0x3E} },
    { 3, 0xA8, 0, {0x54, 0xDA, 0xBF, 0x07, 0x89, 0x64, 0x2C, 0x0F} },
    { 96, 0xA7, 0, {0x74, 0xDB, 0x5F, 0x7F, 0xFD, 0xF5, 0x67, 0x3E} },
    { 3, 0xA8, 0, {0xBD, 0xDB, 0xBF, 0x07, 0x89, 0x64, 0x2A, 0x0F} },
    { 96, 0x121, 0, {0x14, 0x0E, 0x00, 0x40, 0x36, 0x62, 0x7E, 0xFE} },
    { 5, 0xA8, 0, {0xA3, 0xDC, 0xBF, 0x07, 0x89, 0x64, 0x2A, 0x0F} },
    { 2, 0xA7, 0, {0xCB, 0xDC, 0x5F, 0x7F, 0xFD, 0xF5, 0x67, 0x3E} },
    { 98, 0xA7, 0, {0x3B, 0xDD, 0x5F, 0x7F, 0xFD, 0xF5, 0x67, 0x3E} },
    { 2, 0xA8, 0, {0xB0, 0xDD, 0xBF, 0x07, 0x89, 0x64, 0x2A, 0x0F} },
    { 93, 0x121, 0, {0xA2, 0x0F, 0x00, 0x40, 0x36, 0x62, 0x7E, 0xFE} },
    { 3, 0xA7, 0, {0xB0, 0xDE, 0x5F, 0x7F, 0xFD, 0xF5, 0x67, 0x3E} },
    { 2, 0xA8, 0, {0x26, 0xDE, 0xBF, 0x07, 0x89, 0x64, 0x2C, 0x0F} },
    { 97, 0xA7, 0, {0x6E, 0xDF, 0x5F, 0x7F, 0xFD, 0xF5, 0x67, 0x3E} },
    { 2, 0xA8, 0, {0xB5, 0xDF, 0xBF, 0x07, 0x89, 0x64, 0x2E, 0x0F} },
    { 97, 0x121, 0, {0x6C, 0x00, 0x00, 0x40, 0x36, 0x62, 0x7E, 0xFE} },
    { 3, 0xA8, 0, {0xC1, 0xD0, 0xBF, 0x07, 0x89, 0x64, 0x2C, 0x0F} },
    { 2, 0xA7, 0, {0xA7, 0xD0, 0x5F, 0x7F, 0xFD, 0xF5, 0x67, 0x3E} },
    { 99, 0xA7, 0, {0x2F, 0xD1, 0x5F, 0x7F, 0xFD, 0xF5, 0x67, 0x3E} },
    { 3, 0xA8, 0, {0xBB, 0xD1, 0xBF, 0x07, 0x89, 0x64, 0x2C, 0x0F} },
    { 93, 0x121, 0, {0x00, 0x01, 0x00, 0x40, 0x36, 0x62, 0x7E, 0xFE} },
    { 3, 0x3BE, 0, {0x01, 0x16, 0x07, 0x01, 0xA8, 0xC0, 0x08, 0x80} },
    { 2, 0xA7, 0, {0x5B, 0xD2, 0x5F, 0x7F, 0xFD, 0xF5, 0x67, 0x3E} },
    { 2, 0xA8, 0, {0x57, 0xD2, 0xBF, 0x07, 0x89, 0x64, 0x2C, 0x0F} },
    { 66, 0x1B000076, 1, {0x76, 0x00, 0x04, 0x01, 0x01, 0x00, 0x00, 0x00} },
    { 30, 0xA7, 0, {0xDA, 0xD3, 0x5F, 0x7F, 0xFD, 0xF5, 0x67, 0x3E} },
    { 2, 0xA8, 0, {0xB8, 0xD3, 0xBF, 0x07, 0x89, 0x64, 0x2C, 0x0F} },
    { 99, 0x121, 0, {0x8F, 0x02, 0x00, 0x40, 0x36, 0x62, 0x7E, 0xFE} },
    { 5, 0xA8, 0, {0x08, 0xD4, 0xBF, 0x07, 0x89, 0x64, 0x2E, 0x0F} },
    { 2, 0xA7, 0, {0xE0, 0xD4, 0x5F, 0x7F, 0xFD, 0xF5, 0x67, 0x3E} },
    { 90, 0xA7, 0, {0x9B, 0xD5, 0x5F, 0x7F, 0xFD, 0xF5, 0x67, 0x3E} },
    { 3, 0xA8, 0, {0x7E, 0xD5, 0xBF, 0x07, 0x89, 0x64, 0x2C, 0x0F} },
    { 98, 0x121, 0, {0x7D, 0x03, 0x00, 0x40, 0x36, 0x62, 0x7E, 0xFE} },
    { 2, 0xA7, 0, {0x08, 0xD6, 0x5F, 0x7F, 0xFD, 0xF5, 0x67, 0x3E} },
    { 2, 0xA8, 0, {0x76, 0xD6, 0xBF, 0x07, 0x89, 0x64, 0x28, 0x0F} },
    { 96, 0xA7, 0, {0x81, 0xD7, 0x5F, 0x7F, 0xFD, 0xF5, 0x67, 0x3E} },
    { 3, 0xA8, 0, {0x13, 0xD7, 0xBF, 0x07, 0x89, 0x64, 0x20, 0x0F} },
    { 99, 0x121, 0, {0xC0, 0x04, 0x00, 0x40, 0x36, 0x62, 0x7E, 0xFE} },
    { 4, 0xA8, 0, {0x76, 0xD8, 0xBF, 0x07, 0x89, 0x64, 0x1C, 0x0F} },
    { 2, 0xA7, 0, {0xCC, 0xD8, 0x5F, 0x7F, 0xFD, 0xF5, 0x67, 0x3E} },
    { 91, 0xA7, 0, {0xAD, 0xD9, 0x5F, 0x7F, 0xFD, 0xF9, 0x67, 0x3E} },
    { 3, 0xA8, 0, {0x3C, 0xD9, 0xBF, 0x07, 0x89, 0x64, 0x18, 0x0F} },
    { 99, 0x121, 0, {0xF7, 0x05, 0x00, 0x40, 0x36, 0x62, 0x7E, 0xFE} },
    { 4, 0xA7, 0, {0xAB, 0xDA, 0x5F, 0x7F, 0xFD, 0xF9, 0x67, 0x3E} },
    { 3, 0xA8, 0, {0x37, 0xDA, 0xBF, 0x07, 0x89, 0x64, 0x16, 0x0F} },
    { 93, 0xA7, 0, {0xC5, 0xDB, 0x5F, 0x7F, 0xFD, 0xF9, 0x67, 0x3E} },
    { 2, 0xA8, 0, {0xAE, 0xDB, 0xBF, 0x07, 0x89, 0x64, 0x18, 0x0F} },
    { 93, 0x121, 0, {0xF0, 0x06, 0x00, 0x40, 0x36, 0x62, 0x7E, 0xFE} },
    { 2, 0x3BE, 0, {0x8D, 0x17, 0x07, 0x01, 0xA8, 0xC0, 0x08, 0x80} },
    { 2, 0xA7, 0, {0x7A, 0xDC, 0x5F, 0x7F, 0xFD, 0xF9, 0x67, 0x3E} },
    { 3, 0xA8, 0, {0xE4, 0xDC, 0xBF, 0x07, 0x89, 0x64, 0x16, 0x0F} },
    { 96, 0xA7, 0, {0x8A, 0xDD, 0x5F, 0x7F, 0xFD, 0xF9, 0x67, 0x3E} },
    { 3, 0xA8, 0, {0xCF, 0xDD, 0xBF, 0x07, 0x89, 0x64, 0x12, 0x0F} },
    { 98, 0x121, 0, {0xA3, 0x07, 0x00, 0x40, 0x36, 0x62, 0x7E, 0xFE} },
    { 2, 0xA7, 0, {0xC8, 0xEE, 0x5F, 0x7F, 0xFD, 0xF9, 0x67, 0x3E} },
    { 3, 0xA8, 0, {0x61, 0xDE, 0xBF, 0x07, 0x89, 0x64, 0x10, 0x0F} },
    { 93, 0xA7, 0, {0x16, 0xEF, 0x5F, 0x7F, 0xFD, 0xF9, 0x67, 0x3E} },
    { 2, 0xA8, 0, {0xF2, 0xDF, 0xBF, 0x07, 0x89, 0x64, 0x12, 0x0F} },
    { 97, 0x121, 0, {0x60, 0x08, 0x00, 0x40, 0x36, 0x62, 0x7E, 0xFE} },
    { 4, 0xA7, 0, {0xF4, 0xE0, 0x9F, 0x7F, 0xFD, 0xF9, 0x67, 0x3E} },
    { 3, 0xA8, 0, {0x9A, 0xD0, 0xBF, 0x07, 0x89, 0x64, 0x12, 0x0F} },
    { 96, 0xA7, 0, {0x7C, 0xE1, 0x9F, 0x7F, 0xFD, 0xF9, 0x67, 0x3E} },
    { 2, 0xA8, 0, {0xE0, 0xD1, 0xBF, 0x07, 0x89, 0x64, 0x12, 0x0F} },
    { 98, 0x121, 0, {0x9F, 0x09, 0x00, 0x40, 0x36, 0x62, 0x7E, 0xFE} },
    { 2, 0xA7, 0, {0x08, 0xE2, 0x9F, 0x7F, 0xFD, 0xF9, 0x67, 0x3E} },
    { 3, 0xA8, 0, {0x0C, 0xD2, 0xBF, 0x07, 0x89, 0x64, 0x12, 0x0F} },
    { 94, 0xA7, 0, {0x89, 0xE3, 0x9F, 0x7F, 0xFD, 0xF9, 0x67, 0x3E} },
    { 2, 0xA8, 0, {0x8F, 0xD3, 0xBF, 0x07, 0x89, 0x64, 0x18, 0x0F} },
    { 95, 0x121, 0, {0xFA, 0x0A, 0x00, 0x40, 0x36, 0x62, 0x7E, 0xFE} },
    { 3, 0xA8, 0, {0x07, 0xD4, 0xBF, 0x07, 0x89, 0x64, 0x1E, 0x0F} },
    { 3, 0xA7, 0, {0xB3, 0xE4, 0x9F, 0x7F, 0xFD, 0xF9, 0x67, 0x3E} },
    { 100, 0xA7, 0, {0xC8, 0xE5, 0x9F, 0x7F, 0xFD, 0xF9, 0x67, 0x3E} },
    { 2, 0xA8, 0, {0x0E, 0xD5, 0xBF, 0x07, 0x89, 0x64, 0x24, 0x0F} },
    { 96, 0x121, 0, {0x51, 0x0B, 0x00, 0x40, 0x36, 0x62, 0x7E, 0xFE} },
    { 2, 0x3BE, 0, {0x77, 0x18, 0x07, 0x01, 0xA8, 0xC0, 0x08, 0x80} },
    { 2, 0xA7, 0, {0x5B, 0xE6, 0x9F, 0x7F, 0xFD, 0xF9, 0x67, 0x3E} },
    { 3, 0xA8, 0, {0x6A, 0xD6, 0xBF, 0x07, 0x89, 0x64, 0x2A, 0x0F} },
    { 64, 0x1B000076, 1, {0x76, 0x00, 0x04, 0x01, 0x01, 0x00, 0x00, 0x00} },
    { 28, 0xA7, 0, {0xD2, 0xE7, 0x9F, 0x7F, 0xFD, 0xF9, 0x67, 0x3E} },
    { 2, 0xA8, 0, {0x47, 0xD7, 0xBF, 0x07, 0x89, 0x64, 0x2E, 0x0F} },
    { 96, 0x121, 0, {0x94, 0x0C, 0x00, 0x40, 0x36, 0x62, 0x7E, 0xFE} },
    { 5, 0xA8, 0, {0x65, 0xD8, 0xBF, 0x07, 0x89, 0x64, 0x2E, 0x0F} },
    { 2, 0xA7, 0, {0xB4, 0xE8, 0x5F, 0x7F, 0xFD, 0xF9, 0x67, 0x3E} },
    { 95, 0xA7, 0, {0xD5, 0xE9, 0x5F, 0x7F, 0xFD, 0xF5, 0x67, 0x3E} },
    { 2, 0xA8, 0, {0xA3, 0xD9, 0xBF, 0x07, 0x89, 0x64, 0x30, 0x0F} },
    { 98, 0x121, 0, {0x87, 0x0D, 0x00, 0x40, 0x36, 0x62, 0x7E, 0xFE} },
    { 2, 0xA7, 0, {0xD3, 0xEA, 0x5F, 0x7F, 0xFD, 0xF5, 0x67, 0x3E} },
    { 2, 0xA8, 0, {0xC4, 0xDA, 0xBF, 0x07, 0x89, 0x64, 0x34, 0x0F} },
    { 96, 0xA7, 0, {0xBD, 0xEB, 0x5F, 0x7F, 0xFD, 0xF5, 0x67, 0x3E} },
    { 2, 0xA8, 0, {0x5D, 0xDB, 0xBF, 0x07, 0x89, 0x64, 0x3A, 0x0F} },
    { 96, 0x121, 0, {0x14, 0x0E, 0x00, 0x40, 0x36, 0x62, 0x7E, 0xFE} },
    { 3, 0xA8, 0, {0xD1, 0xDC, 0xBF, 0x07, 0x89, 0x64, 0x40, 0x0F} },
    { 2, 0xA7, 0, {0x02, 0xEC, 0x5F, 0x7F, 0xFD, 0xF5, 0x67, 0x3E} },
    { 97, 0xA7, 0, {0xF2, 0xED, 0x5F, 0x7F, 0xFD, 0xF5, 0x67, 0x3E} },
    { 3, 0xA8, 0, {0xE6, 0xDD, 0xBF, 0x07, 0x89, 0x64, 0x46, 0x0F} },
    { 96, 0x121, 0, {0xA2, 0x0F, 0x00, 0x40, 0x36, 0x62, 0x7E, 0xFE} },
    { 2, 0xA7, 0, {0xB0, 0xDE, 0x5F, 0x7F, 0xFD, 0xF5, 0x67, 0x3E} },
    { 3, 0xA8, 0, {0x00, 0xDE, 0xBF, 0x07, 0x89, 0x64, 0x48, 0x0F} },
    { 94, 0xA7, 0, {0x6E, 0xDF, 0x5F, 0x7F, 0xFD, 0xF5, 0x67, 0x3E} },
    { 8, 0xA8, 0, {0xDB, 0xDF, 0xBF, 0x07, 0x89, 0x64, 0x46, 0x0F} },
    { 92, 0x121, 0, {0x6C, 0x00, 0x00, 0x40, 0x36, 0x62, 0x7E, 0xFE} },
    { 2, 0x3BE, 0, {0x54, 0x19, 0x07, 0x01, 0xA8, 0xC0, 0x08, 0x80} },
    { 2, 0xA8, 0, {0xB3, 0xD0, 0xBF, 0x07, 0x89, 0x64, 0x46, 0x0F} },
    { 3, 0xA7, 0, {0xA7, 0xD0, 0x5F, 0x7F, 0xFD, 0xF5, 0x67, 0x3E} },
    { 95, 0xA7, 0, {0x2F, 0xD1, 0x5F, 0x7F, 0xFD, 0xF5, 0x67, 0x3E} },
    { 3, 0xA8, 0, {0x81, 0xD1, 0xBF, 0x07, 0x89, 0x64, 0x4A, 0x0F} },
    { 95, 0x121, 0, {0x00, 0x01, 0x00, 0x40, 0x36, 0x62, 0x7E, 0xFE} },
    { 2, 0xA7, 0, {0x5B, 0xD2, 0x5F, 0x7F, 0xFD, 0xF5, 0x67, 0x3E} },
    { 3, 0xA8, 0, {0xE1, 0xD2, 0xBF, 0x07, 0x89, 0x64, 0x50, 0x0F} },
    { 98, 0xA7, 0, {0xDA, 0xD3, 0x5F, 0x7F, 0xFD, 0xF5, 0x67, 0x3E} },
    { 2, 0xA8, 0, {0x36, 0xD3, 0xBF, 0x07, 0x89, 0x64, 0x54, 0x0F} },
    { 96, 0x121, 0, {0x8F, 0x02, 0x00, 0x40, 0x36, 0x62, 0x7E, 0xFE} },
    { 5, 0xA7, 0, {0xE0, 0xD4, 0x5F, 0x7F, 0xFD, 0xF5, 0x67, 0x3E} },
    { 3, 0xA8, 0, {0x86, 0xD4, 0xBF, 0x07, 0x89, 0x64, 0x56, 0x0F} },
    { 99, 0xA7, 0, {0x9B, 0xD5, 0x5F, 0x7F, 0xFD, 0xF5, 0x67, 0x3E} },
    { 2, 0xA8, 0, {0xEC, 0xD5, 0xBF, 0x07, 0x89, 0x64, 0x56, 0x0F} },
    { 90, 0x121, 0, {0x7D, 0x03, 0x00, 0x40, 0x36, 0x62, 0x7E, 0xFE} },
    { 2, 0xA7, 0, {0x08, 0xD6, 0x5F, 0x7F, 0xFD, 0xF5, 0x67, 0x3E} },
    { 3, 0xA8, 0, {0xDC, 0xD6, 0xBF, 0x07, 0x89, 0x64, 0x56, 0x0F} },
    { 99, 0xA7, 0, {0x81, 0xD7, 0x5F, 0x7F, 0xFD, 0xF5, 0x67, 0x3E} },
    { 2, 0xA8, 0, {0x9D, 0xD7, 0xBF, 0x07, 0x89, 0x64, 0x58, 0x0F} },
    { 95, 0x121, 0, {0xC0, 0x04, 0x00, 0x40, 0x36, 0x62, 0x7E, 0xFE} },
    { 3, 0xA8, 0, {0x87, 0xD8, 0xBF, 0x07, 0x89, 0x64, 0x5C, 0x0F} },
    { 2, 0xA7, 0, {0xD5, 0xD8, 0x1F, 0x7F, 0xFD, 0xF5, 0x67, 0x3E} },
    { 16, 0x640, 0, {0x02, 0x81, 0x71, 0xB7, 0x76, 0x20, 0x03, 0x28} },
    { 87, 0xA7, 0, {0x05, 0xD9, 0x1F, 0x7F, 0xFD, 0xF5, 0x67, 0x3E} },
    { 5, 0xA8, 0, {0xB2, 0xD9, 0xBF, 0x07, 0x89, 0x64, 0x60, 0x0F} },
    { 85, 0x121, 0, {0xF7, 0x05, 0x00, 0x40, 0x36, 0x62, 0x7E, 0xFE} },
    { 2, 0x3BE, 0, {0x9F, 0x1A, 0x07, 0x01, 0xA8, 0xC0, 0x08, 0x80} },
    { 3, 0xA7, 0, {0x03, 0xDA, 0x1F, 0x7F, 0xFD, 0xF5, 0x67, 0x3E} },
    { 2, 0xA8, 0, {0xF1, 0xDA, 0xBF, 0x07, 0x89, 0x64, 0x62, 0x0F} },
    { 68, 0x1B000076, 1, {0x76, 0x00, 0x04, 0x01, 0x01, 0x00, 0x00, 0x00} },
    { 30, 0xA7, 0, {0x6D, 0xDB, 0x1F, 0x7F, 0xFD, 0xF5, 0x67, 0x3E} },
    { 2, 0xA8, 0, {0x3C, 0xDB, 0xBF, 0x07, 0x89, 0x64, 0x62, 0x0F} },
    { 96, 0x121, 0, {0xF0, 0x06, 0x00, 0x40, 0x36, 0x62, 0x7E, 0xFE} },
    { 5, 0xA8, 0, {0x3E, 0xDC, 0xBF, 0x07, 0x89, 0x64, 0x60, 0x0F} },
    { 2, 0xA7, 0, {0xD2, 0xDC, 0x1F, 0x7F, 0xFD, 0xF5, 0x67, 0x3E} },
    { 98, 0xA7, 0, {0x22, 0xDD, 0x1F, 0x7F, 0xFD, 0xF5, 0x67, 0x3E} },
    { 2, 0xA8, 0, {0x31, 0xDD, 0xBF, 0x07, 0x89, 0x64, 0x62, 0x0F} },
    { 90, 0x121, 0, {0xA3, 0x07, 0x00, 0x40, 0x36, 0x62, 0x7E, 0xFE} },
    { 2, 0xA7, 0, {0xA9, 0xDE, 0x1F, 0x7F, 0xFD, 0xF5, 0x67, 0x3E} },
    { 3, 0xA8, 0, {0xA7, 0xDE, 0xBF, 0x07, 0x89, 0x64, 0x64, 0x0F} },
    { 101, 0xA7, 0, {0x77, 0xDF, 0x1F, 0x7F, 0xFD, 0xF5, 0x67, 0x3E} },
    { 2, 0xA8, 0, {0x7C, 0xDF, 0xBF, 0x07, 0x89, 0x64, 0x6A, 0x0F} },
    { 95, 0x121, 0, {0x60, 0x08, 0x00, 0x40, 0x36, 0x62, 0x7E, 0xFE} },
    { 3, 0xA8, 0, {0x2C, 0xD0, 0xBF, 0x07, 0x89, 0x64, 0x6E, 0x0F} },
    { 2, 0xA7, 0, {0xBE, 0xD0, 0x1F, 0x7F, 0xFD, 0xF5, 0x67, 0x3E} },
    { 100, 0xA7, 0, {0x36, 0xD1, 0x1F, 0x7F, 0xFD, 0xF5, 0x67, 0x3E} },
    { 3, 0xA8, 0, {0xE2, 0xD1, 0xBF, 0x07, 0x89, 0x64, 0x70, 0x0F} },
    { 89, 0x121, 0, {0x9F, 0x09, 0x00, 0x40, 0x36, 0x62, 0x7E, 0xFE} },
    { 2, 0xA7, 0, {0x42, 0xD2, 0x1F, 0x7F, 0xFD, 0xF5, 0x67, 0x3E} },
    { 3, 0xA8, 0, {0x0E, 0xD2, 0xBF, 0x07, 0x89, 0x64, 0x70, 0x0F} },
    { 104, 0xA7, 0, {0xC3, 0xD3, 0x1F, 0x7F, 0xFD, 0xF5, 0x67, 0x3E} },
    { 2, 0xA8, 0, {0xE1, 0xD3, 0xBF, 0x07, 0x89, 0x64, 0x70, 0x0F} },
    { 92, 0x121, 0, {0xFA, 0x0A, 0x00, 0x40, 0x36, 0x62, 0x7E, 0xFE} },
    { 2, 0x3BE, 0, {0xE9, 0x1B, 0x07, 0x01, 0xA8, 0xC0, 0x08, 0x80} },
    { 2, 0xA8, 0, {0x4D, 0xD4, 0xBF, 0x07, 0x89, 0x64, 0x70, 0x0F} },
    { 2, 0xA7, 0, {0xF9, 0xD4, 0x1F, 0x7F, 0xFD, 0xF5, 0x67, 0x3E} },
    { 100, 0xA7, 0, {0x82, 0xD5, 0x1F, 0x7F, 0xFD, 0xF5, 0x67, 0x3E} },
    { 2, 0xA8, 0, {0x27, 0xD5, 0xBF, 0x07, 0x89, 0x64, 0x70, 0x0F} },
    { 90, 0x121, 0, {0x51, 0x0B, 0x00, 0x40, 0x36, 0x62, 0x7E, 0xFE} },
    { 2, 0xA7, 0, {0x9B, 0xD6, 0x1F, 0x7F, 0xFD, 0xF1, 0x67, 0x3E} },
    { 3, 0xA8, 0, {0x0B, 0xD6, 0xBF, 0x07, 0x89, 0x64, 0x72, 0x0F} },
    { 100, 0xA7, 0, {0x12, 0xD7, 0x1F, 0x7F, 0xFD, 0xF1, 0x67, 0x3E} },
    { 3, 0xA8, 0, {0x1E, 0xD7, 0xBF, 0x07, 0x89, 0x64, 0x72, 0x0F} },
    { 94, 0x121, 0, {0x94, 0x0C, 0x00, 0x40, 0x36, 0x62, 0x7E, 0xFE} },
    { 5, 0xA7, 0, {0x5F, 0xD8, 0x1F, 0x7F, 0xFD, 0xF1, 0x67, 0x3E} },
    { 2, 0xA8, 0, {0x3C, 0xD8, 0xBF, 0x07, 0x89, 0x64, 0x72, 0x0F} },
    { 98, 0xA7, 0, {0x8F, 0xD9, 0x1F, 0x7F, 0xFD, 0xF1, 0x67, 0x3E} },
    { 3, 0xA8, 0, {0x4E, 0xD9, 0xBF, 0x07, 0x89, 0x64, 0x72, 0x0F} },
    { 90, 0x121, 0, {0x87, 0x0D, 0x00, 0x40, 0x36, 0x62, 0x7E, 0xFE} },
    { 2, 0xA7, 0, {0x89, 0xDA, 0x1F, 0x7F, 0xFD, 0xF1, 0x67, 0x3E} },
    { 3, 0xA8, 0, {0x11, 0xDA, 0xBF, 0x07, 0x89, 0x64, 0x72, 0x0F} },
    { 102, 0xA7, 0, {0xE7, 0xDB, 0x1F, 0x7F, 0xFD, 0xF1, 0x67, 0x3E} },
    { 2, 0xA8, 0, {0xDC, 0xDB, 0xBF, 0x07, 0x89, 0x64, 0x72, 0x0F} },
    { 90, 0x121, 0, {0x14, 0x0E, 0x00, 0x40, 0x36, 0x62, 0x7E, 0xFE} },
    { 3, 0xA8, 0, {0xC2, 0xDC, 0xBF, 0x07, 0x89, 0x64, 0x72, 0x0F} },
    { 3, 0xA7, 0, {0x58, 0xDC, 0x1F, 0x7F, 0xFD, 0xF1, 0x67, 0x3E} },
    { 99, 0xA7, 0, {0xA8, 0xDD, 0x1F, 0x7F, 0xFD, 0xF1, 0x67, 0x3E} },
    { 3, 0xA8, 0, {0xD1, 0xDD, 0xBF, 0x07, 0x89, 0x64, 0x72, 0x0F} },
    { 93, 0x121, 0, {0xA2, 0x0F, 0x00, 0x40, 0x36, 0x62, 0x7E, 0xFE} },
    { 2, 0x3BE, 0, {0x6C, 0x1C, 0x07, 0x01, 0xA8, 0xC0, 0x08, 0x80} },
    { 3, 0xA7, 0, {0x23, 0xDE, 0x1F, 0x7F, 0xFD, 0xF1, 0x67, 0x3E} },
    { 2, 0xA8, 0, {0x7F, 0xDE, 0xBF, 0x07, 0x89, 0x64, 0x70, 0x0F} },
    { 68, 0x1B000076, 1, {0x76, 0x00, 0x04, 0x01, 0x01, 0x00, 0x00, 0x00} },
    { 30, 0xA7, 0, {0xFD, 0xDF, 0x1F, 0x7F, 0xFD, 0xF1, 0x67, 0x3E} },
    { 2, 0xA8, 0, {0xCD, 0xDF, 0xBF, 0x47, 0x89, 0x64, 0x70, 0x0F} },
    { 93, 0x121, 0, {0x6C, 0x00, 0x00, 0x40, 0x36, 0x62, 0x7E, 0xFE} },
    { 5, 0xA8, 0, {0x9D, 0xD0, 0xBF, 0x47, 0x89, 0x64, 0x74, 0x0F} },
    { 2, 0xA7, 0, {0x34, 0xD0, 0x1F, 0x7F, 0xFD, 0xF1, 0x67, 0x3E} },
    { 95, 0xA7, 0, {0xBC, 0xD1, 0x1F, 0x7F, 0xFD, 0xF1, 0x67, 0x3E} },
    { 3, 0xA8, 0, {0xC6, 0xD1, 0xBF, 0x07, 0x89, 0x64, 0x76, 0x0F} },
    { 94, 0x121, 0, {0x00, 0x01, 0x00, 0x40, 0x36, 0x62, 0x7E, 0xFE} },
    { 2, 0xA7, 0, {0xC8, 0xD2, 0x1F, 0x7F, 0xFD, 0xF1, 0x67, 0x3E} },
    { 3, 0xA8, 0, {0x2A, 0xD2, 0xBF, 0x07, 0x89, 0x64, 0x76, 0x0F} },
    { 101, 0xA7, 0, {0x49, 0xD3, 0x1F, 0x7F, 0xFD, 0xF1, 0x67, 0x3E} },
    { 2, 0xA8, 0, {0xC5, 0xD3, 0xBF, 0x07, 0x89, 0x64, 0x76, 0x0F} },
    { 93, 0x121, 0, {0x8F, 0x02, 0x00, 0x40, 0x36, 0x62, 0x7E, 0xFE} },
    { 3, 0xA8, 0, {0x69, 0xD4, 0xBF, 0x07, 0x89, 0x64, 0x76, 0x0F} },
    { 2, 0xA7, 0, {0xD1, 0xC4, 0x1F, 0x7F, 0xFD, 0xF1, 0x67, 0x3E} },
    { 97, 0xA7, 0, {0xAA, 0xC5, 0x1F, 0x7F, 0xFD, 0xF1, 0x67, 0x3E} },
    { 3, 0xA8, 0, {0x03, 0xD5, 0xBF, 0x07, 0x89, 0x64, 0x76, 0x0F} },
    { 94, 0x121, 0, {0x7D, 0x03, 0x00, 0x40, 0x36, 0x62, 0x7E, 0xFE} },
    { 2, 0xA7, 0, {0x39, 0xC6, 0x1F, 0x7F, 0xFD, 0xF1, 0x67, 0x3E} },
    { 3, 0xA8, 0, {0x5A, 0xD6, 0xBF, 0x47, 0x89, 0x64, 0x78, 0x0F} },
    { 104, 0xA7, 0, {0xB0, 0xC7, 0x1F, 0x7F, 0xFD, 0xF1, 0x67, 0x3E} },
    { 2, 0xA8, 0, {0x77, 0xD7, 0xBF, 0x47, 0x89, 0x64, 0x7C, 0x0F} },
    { 89, 0x121, 0, {0xC0, 0x04, 0x00, 0x40, 0x36, 0x62, 0x7E, 0xFE} },
    { 3, 0x3BE, 0, {0xD7, 0x1D, 0x07, 0x01, 0xA8, 0xC0, 0x08, 0x80} },
    { 2, 0xA7, 0, {0xFD, 0xC8, 0x1F, 0x7F, 0xFD, 0xF1, 0x67, 0x3E} },
    { 2, 0xA8, 0, {0x2E, 0xD8, 0xBF, 0x47, 0x89, 0x64, 0x80, 0x0F} },
    { 96, 0xA7, 0, {0x2D, 0xC9, 0x1F, 0x7F, 0xFD, 0xF1, 0x67, 0x3E} },
    { 3, 0xA8, 0, {0x40, 0xD9, 0xBF, 0x47, 0x89, 0x64, 0x82, 0x0F} },
    { 95, 0x121, 0, {0xF7, 0x05, 0x00, 0x40, 0x36, 0x62, 0x7E, 0xFE} },
    { 2, 0xA7, 0, {0x2B, 0xCA, 0x1F, 0x7F, 0xFD, 0xF1, 0x67, 0x3E} },
    { 3, 0xA8, 0, {0x1F, 0xDA, 0xBF, 0x47, 0x89, 0x64, 0x82, 0x0F} },
    { 101, 0xA7, 0, {0x45, 0xCB, 0x1F, 0x7F, 0xFD, 0xF1, 0x67, 0x3E} },
    { 2, 0xA8, 0, {0xD2, 0xDB, 0xBF, 0x47, 0x89, 0x64, 0x82, 0x0F} },
    { 92, 0x121, 0, {0xF0, 0x06, 0x00, 0x40, 0x36, 0x62, 0x7E, 0xFE} },
    { 5, 0xA7, 0, {0xFA, 0xCC, 0x1F, 0x7F, 0xFD, 0xF1, 0x67, 0x3E} },
    { 2, 0xA8, 0, {0xE8, 0xDC, 0xBF, 0x47, 0x89, 0x64, 0x84, 0x0F} },
    { 93, 0xA7, 0, {0x0A, 0xCD, 0x1F, 0x7F, 0xFD, 0xF1, 0x67, 0x3E} },
    { 3, 0xA8, 0, {0xB3, 0xDD, 0xBF, 0x47, 0x89, 0x64, 0x88, 0x0F} },
    { 94, 0x121, 0, {0xA3, 0x07, 0x00, 0x40, 0x36, 0x62, 0x7E, 0xFE} },
    { 3, 0xA7, 0, {0x81, 0xCE, 0x1F, 0x7F, 0xFD, 0xF1, 0x67, 0x3E} },
    { 2, 0xA8, 0, {0x01, 0xDE, 0xBF, 0x47, 0x89, 0x64, 0x88, 0x0F} },
    { 103, 0xA7, 0, {0x5F, 0xCF, 0x1F, 0x7F, 0xFD, 0xF1, 0x67, 0x3E} },
    { 3, 0xA8, 0, {0x8E, 0xDF, 0xBF, 0x47, 0x89, 0x64, 0x88, 0x0F} },
    { 92, 0x121, 0, {0x60, 0x08, 0x00, 0x40, 0x36, 0x62, 0x7E, 0xFE} },
    { 3, 0xA8, 0, {0xC7, 0xD0, 0xBF, 0x07, 0x89, 0x64, 0x8A, 0x0F} },
    { 2, 0xA7, 0, {0x96, 0xC0, 0x1F, 0x7F, 0xFD, 0xF1, 0x67, 0x3E} },
    { 26, 0x641, 0, {0x00, 0x10, 0x21, 0x4F, 0x13, 0x0A, 0x55, 0x92} },
    { 74, 0xA7, 0, {0x1E, 0xC1, 0x1F, 0x7F, 0xFD, 0xF1, 0x67, 0x3E} },
    { 2, 0xA8, 0, {0xBD, 0xD1, 0xBF, 0x07, 0x89, 0x64, 0x8A, 0x0F} },
    { 90, 0x121, 0, {0x9F, 0x09, 0x00, 0x40, 0x36, 0x62, 0x7E, 0xFE} },
    { 2, 0x3BE, 0, {0xC8, 0x1E, 0x07, 0x01, 0xA8, 0xC0, 0x08, 0x80} },
    { 2, 0xA7, 0, {0x6A, 0xC2, 0x1F, 0x7F, 0xFD, 0xF1, 0x67, 0x3E} },
    { 3, 0xA8, 0, {0x69, 0xD2, 0xBF, 0x07, 0x89, 0x64, 0x8E, 0x0F} },
    { 71, 0x1B000076, 1, {0x76, 0x00, 0x04, 0x01, 0x01, 0x00, 0x00, 0x00} },
    { 30, 0xA7, 0, {0xEB, 0xC3, 0x1F, 0x7F, 0xFD, 0xF1, 0x67, 0x3E} },
    { 3, 0xA8, 0, {0x13, 0xD3, 0xBF, 0x47, 0x89, 0x64, 0x92, 0x0F} },
    { 89, 0x121, 0, {0xFA, 0x0A, 0x00, 0x40, 0x36, 0x62, 0x7E, 0xFE} },
    { 5, 0xA8, 0, {0xA3, 0xD4, 0xBF, 0x47, 0x89, 0x64, 0x90, 0x0F} },
    { 3, 0xA7, 0, {0xD1, 0xC4, 0x1F, 0x7F, 0xFD, 0xF1, 0x67, 0x3E} },
    { 95, 0xA7, 0, {0xAA, 0xC5, 0x1F, 0x7F, 0xFD, 0xF1, 0x67, 0x3E} },
    { 2, 0xA8, 0, {0x61, 0xD5, 0xBF, 0x47, 0x89, 0x64, 0x8C, 0x0F} },
    { 95, 0x121, 0, {0x51, 0x0B, 0x00, 0x40, 0x36, 0x62, 0x7E, 0xFE} },
    { 2, 0xA7, 0, {0x39, 0xC6, 0x1F, 0x7F, 0xFD, 0xF1, 0x67, 0x3E} },
    { 2, 0xA8, 0, {0x69, 0xD6, 0xBF, 0x47, 0x89, 0x64, 0x88, 0x0F} },
    { 102, 0xA7, 0, {0xB0, 0xC7, 0x1F, 0x7F, 0xFD, 0xF1, 0x67, 0x3E} },
    { 2, 0xA8, 0, {0x34, 0xD7, 0xBF, 0x47, 0x89, 0x64, 0x84, 0x0F} },
    { 92, 0x121, 0, {0x94, 0x0C, 0x00, 0x40, 0x36, 0x62, 0x7E, 0xFE} },
    { 3, 0xA8, 0, {0x0A, 0xD8, 0xBF, 0x47, 0x89, 0x64, 0x86, 0x0F} },
    { 3, 0xA7, 0, {0xFD, 0xC8, 0x1F, 0x7F, 0xFD, 0xF1, 0x67, 0x3E} },
    { 97, 0xA7, 0, {0x2D, 0xC9, 0x1F, 0x7F, 0xFD, 0xF1, 0x67, 0x3E} },
    { 2, 0xA8, 0, {0x78, 0xD9, 0xBF, 0x47, 0x89, 0x64, 0x86, 0x0F} },
    { 95, 0x121, 0, {0x87, 0x0D, 0x00, 0x40, 0x36, 0x62, 0x7E, 0xFE} },
    { 2, 0xA7, 0, {0x2B, 0xCA, 0x1F, 0x7F, 0xFD, 0xF1, 0x67, 0x3E} },
    { 2, 0xA8, 0, {0x3B, 0xDA, 0xBF, 0x47, 0x89, 0x64, 0x84, 0x0F} },
    { 14, 0x640, 0, {0x02, 0x81, 0x71, 0xB7, 0x76, 0x20, 0x03, 0x28} },
    { 90, 0xA7, 0, {0x45, 0xCB, 0x1F, 0x7F, 0xFD, 0xF1, 0x67, 0x3E} },
    { 3, 0xA8, 0, {0xCE, 0xDB, 0xBF, 0x47, 0x89, 0x64, 0x80, 0x0F} },
    { 90, 0x121, 0, {0x14, 0x0E, 0x00, 0x40, 0x36, 0x62, 0x7E, 0xFE} },
    { 2, 0x3BE, 0, {0xC5, 0x1F, 0x07, 0x01, 0xA8, 0xC0, 0x08, 0x80} },
    { 2, 0xA7, 0, {0xFA, 0xCC, 0x1F, 0x7F, 0xFD, 0xF1, 0x67, 0x3E} },
    { 2, 0xA8, 0, {0x6A, 0xDC, 0xDF, 0x47, 0x89, 0x64, 0x84, 0x0F} },
    { 96, 0xA7, 0, {0x0A, 0xCD, 0x1F, 0x7F, 0xFD, 0xF1, 0x67, 0x3E} },
    { 3, 0xA8, 0, {0x31, 0xDD, 0xDF, 0x47, 0x89, 0x64, 0x88, 0x0F} },
    { 94, 0x121, 0, {0xA2, 0x0F, 0x00, 0x40, 0x36, 0x62, 0x7E, 0xFE} },
    { 2, 0xA7, 0, {0x81, 0xCE, 0x1F, 0x7F, 0xFD, 0xF1, 0x67, 0x3E} },
    { 3, 0xA8, 0, {0xBB, 0xDE, 0xDF, 0x47, 0x89, 0x64, 0x8C, 0x0F} },
    { 101, 0xA7, 0, {0x5F, 0xCF, 0x1F, 0x7F, 0xFD, 0xF1, 0x67, 0x3E} },
    { 2, 0xA8, 0, {0xA4, 0xDF, 0xDF, 0x47, 0x89, 0x64, 0x94, 0x0F} },
    { 92, 0x121, 0, {0x6C, 0x00, 0x00, 0x40, 0x36, 0x62, 0x7E, 0xFE} },
    { 6, 0xA7, 0, {0x96, 0xC0, 0x1F, 0x7F, 0xFD, 0xF1, 0x67, 0x3E} },
    { 2, 0xA8, 0, {0xF4, 0xD0, 0xDF, 0x47, 0x89, 0x64, 0x90, 0x0F} },
    { 95, 0xA7, 0, {0x1E, 0xC1, 0x1F, 0x7F, 0xFD, 0xF1, 0x67, 0x3E} },
    { 3, 0xA8, 0, {0x3A, 0xD1, 0xDF, 0x47, 0x89, 0x64, 0x8E, 0x0F} },
    { 95, 0x121, 0, {0x00, 0x01, 0x00, 0x40, 0x36, 0x62, 0x7E, 0xFE} },
    { 2, 0xA7, 0, {0x6A, 0xC2, 0x1F, 0x7F, 0xFD, 0xF1, 0x67, 0x3E} },
    { 2, 0xA8, 0, {0xEE, 0xD2, 0xDF, 0x47, 0x89, 0x64, 0x8A, 0x0F} },
    { 101, 0xA7, 0, {0xEB, 0xC3, 0x1F, 0x7F, 0xFD, 0xF1, 0x67, 0x3E} },
    { 2, 0xA8, 0, {0x1D, 0xD3, 0xDF, 0x47, 0x89, 0x64, 0x88, 0x0F} },
    { 92, 0x121, 0, {0x8F, 0x02, 0x00, 0x40, 0x36, 0x62, 0x7E, 0xFE} },
    { 3, 0xA8, 0, {0x89, 0xD4, 0xDF, 0x47, 0x89, 0x64, 0x8C, 0x0F} },
    { 2, 0xA7, 0, {0xD1, 0xC4, 0x1F, 0x7F, 0xFD, 0xF1, 0x67, 0x3E} },
    { 101, 0xA7, 0, {0xAA, 0xC5, 0x1F, 0x7F, 0xFD, 0xF1, 0x67, 0x3E} },
    { 2, 0xA8, 0, {0x57, 0xD5, 0xDF, 0x47, 0x89, 0x64, 0x92, 0x0F} },
    { 92, 0x121, 0, {0x7D, 0x03, 0x00, 0x40, 0x36, 0x62, 0x7E, 0xFE} },
    { 2, 0x3BE, 0, {0x7C, 0x10, 0x07, 0x01, 0xA8, 0xC0, 0x08, 0x80} },
    { 3, 0xA7, 0, {0x39, 0xC6, 0x1F, 0x7F, 0xFD, 0xF1, 0x67, 0x3E} },
    { 2, 0xA8, 0, {0x43, 0xD6, 0xDF, 0x47, 0x89, 0x64, 0x94, 0x0F} },
    { 68, 0x1B000076, 1, {0x76, 0x00, 0x04, 0x01, 0x01, 0x00, 0x00, 0x00} },
    { 31, 0xA7, 0, {0xB0, 0xC7, 0x1F, 0x7F, 0xFD, 0xF1, 0x67, 0x3E} },
    { 2, 0xA8, 0, {0x56, 0xD7, 0xDF, 0x47, 0x89, 0x64, 0x94, 0x0F} },
    { 92, 0x121, 0, {0xC0, 0x04, 0x00, 0x40, 0x36, 0x62, 0x7E, 0xFE} },
    { 6, 0xA8, 0, {0x4C, 0xD8, 0xDF, 0x47, 0x89, 0x64, 0x90, 0x0F} },
    { 2, 0xA7, 0, {0xFD, 0xC8, 0x1F, 0x7F, 0xFD, 0xF1, 0x67, 0x3E} },
    { 95, 0xA7, 0, {0x2D, 0xC9, 0x1F, 0x7F, 0xFD, 0xF1, 0x67, 0x3E} },
    { 2, 0xA8, 0, {0x8A, 0xD9, 0xDF, 0x47, 0x89, 0x64, 0x8E, 0x0F} },
    { 95, 0x121, 0, {0xF7, 0x05, 0x00, 0x40, 0x36, 0x62, 0x7E, 0xFE} },
    { 2, 0xA7, 0, {0x2B, 0xCA, 0x1F, 0x7F, 0xFD, 0xF1, 0x67, 0x3E} },
    { 2, 0xA8, 0, {0xC9, 0xDA, 0xDF, 0x47, 0x89, 0x64, 0x8C, 0x0F} },
    { 103, 0xA7, 0, {0x45, 0xCB, 0x1F, 0x7F, 0xFD, 0xF1, 0x67, 0x3E} },
    { 2, 0xA8, 0, {0xAC, 0xDB, 0xDF, 0x47, 0x89, 0x64, 0x90, 0x0F} },
    { 91, 0x121, 0, {0xF0, 0x06, 0x00, 0x40, 0x36, 0x62, 0x7E, 0xFE} },
    { 3, 0xA8, 0, {0xAE, 0xDC, 0xDF, 0x47, 0x89, 0x64, 0x92, 0x0F} },
    { 3, 0xA7, 0, {0xFA, 0xCC, 0x1F, 0x7F, 0xFD, 0xF1, 0x67, 0x3E} },
    { 97, 0xA7, 0, {0x0A, 0xCD, 0x1F, 0x7F, 0xFD, 0xF1, 0x67, 0x3E} },
    { 2, 0xA8, 0, {0x99, 0xDD, 0xDF, 0x47, 0x89, 0x64, 0x94, 0x0F} },
    { 95, 0x121, 0, {0xA3, 0x07, 0x00, 0x40, 0x36, 0x62, 0x7E, 0xFE} },
    { 2, 0xA7, 0, {0xFE, 0xCE, 0xDF, 0x7E, 0xFD, 0xF1, 0x67, 0x3E} },
    { 3, 0xA8, 0, {0x0F, 0xDE, 0xDF, 0x47, 0x89, 0x64, 0x92, 0x0F} },
    { 103, 0xA7, 0, {0x20, 0xCF, 0xDF, 0x7E, 0xFD, 0xF1, 0x67, 0x3E} },
    { 2, 0xA8, 0, {0x80, 0xDF, 0xDF, 0x47, 0x89, 0x64, 0x92, 0x0F} },
    { 90, 0x121, 0, {0x60, 0x08, 0x00, 0x40, 0x36, 0x62, 0x7E, 0xFE} },
    { 3, 0x3BE, 0, {0x08, 0x11, 0x07, 0x01, 0xA8, 0xC0, 0x08, 0x80} },
    { 2, 0xA7, 0, {0xE9, 0xC0, 0xDF, 0x7E, 0xFD, 0xF1, 0x67, 0x3E} },
    { 2, 0xA8, 0, {0x30, 0xD0, 0xDF, 0x47, 0x89, 0x64, 0x86, 0x0F} },
    { 96, 0xA7, 0, {0x61, 0xC1, 0xDF, 0x7E, 0xFD, 0xF1, 0x67, 0x3E} },
    { 2, 0xA8, 0, {0x31, 0xD1, 0xDF, 0x47, 0x89, 0x64, 0x7A, 0x0F} },
    { 95, 0x121, 0, {0x9F, 0x09, 0x00, 0x40, 0x36, 0x62, 0x7E, 0xFE} },
    { 2, 0xA7, 0, {0x15, 0xC2, 0xDF, 0x7E, 0xFD, 0xF1, 0x67, 0x3E} },
    { 3, 0xA8, 0, {0xAD, 0xD2, 0xDF, 0x47, 0x89, 0x64, 0x72, 0x0F} },
    { 100, 0xA7, 0, {0x94, 0xC3, 0xDF, 0x7E, 0xFD, 0xF1, 0x67, 0x3E} },
    { 2, 0xA8, 0, {0x9A, 0xD3, 0xDF, 0x47, 0x89, 0x64, 0x66, 0x0F} },
    { 93, 0x121, 0, {0xFA, 0x0A, 0x00, 0x40, 0x36, 0x62, 0x7E, 0xFE} },
    { 6, 0xA7, 0, {0xAE, 0xC4, 0xDF, 0x7E, 0xFD, 0xF1, 0x67, 0x3E} },
    { 2, 0xA8, 0, {0x0E, 0xD4, 0xDF, 0x47, 0x89, 0x64, 0x62, 0x0F} },
    { 95, 0xA7, 0, {0xAA, 0xC5, 0x1F, 0x7F, 0xFD, 0xF1, 0x67, 0x3E} },
    { 2, 0xA8, 0, {0x78, 0xD5, 0xDF, 0x47, 0x89, 0x64, 0x60, 0x0F} },
    { 95, 0x121, 0, {0x51, 0x0B, 0x00, 0x40, 0x36, 0x62, 0x7E, 0xFE} },
    { 2, 0xA7, 0, {0x39, 0xC6, 0x1F, 0x7F, 0xFD, 0xF1, 0x67, 0x3E} },
    { 3, 0xA8, 0, {0x13, 0xD6, 0xDF, 0x47, 0x89, 0x64, 0x5E, 0x0F} },
    { 102, 0xA7, 0, {0xB0, 0xC7, 0x1F, 0x7F, 0xFD, 0xF1, 0x67, 0x3E} },
    { 2, 0xA8, 0, {0x3E, 0xD7, 0xDF, 0x47, 0x89, 0x64, 0x5A, 0x0F} },
    { 91, 0x121, 0, {0x94, 0x0C, 0x00, 0x40, 0x36, 0x62, 0x7E, 0xFE} },
    { 3, 0xA8, 0, {0x00, 0xD8, 0xDF, 0x47, 0x89, 0x64, 0x58, 0x0F} },
    { 3, 0xA7, 0, {0xFD, 0xC8, 0x1F, 0x7F, 0xFD, 0xF1, 0x67, 0x3E} },
    { 99, 0xA7, 0, {0x2D, 0xC9, 0x1F, 0x7F, 0xFD, 0xF1, 0x67, 0x3E} },
    { 2, 0xA8, 0, {0x3A, 0xD9, 0xDF, 0x47, 0x89, 0x64, 0x54, 0x0F} },
    { 93, 0x121, 0, {0x87, 0x0D, 0x00, 0x40, 0x36, 0x62, 0x7E, 0xFE} },
    { 2, 0x3BE, 0, {0x67, 0x12, 0x07, 0x01, 0xA8, 0xC0, 0x08, 0x80} },
    { 2, 0xA7, 0, {0xA1, 0xCA, 0x1F, 0x7F, 0xFD, 0xF5, 0x67, 0x3E} },
    { 3, 0xA8, 0, {0xE9, 0xDA, 0xDF, 0x47, 0x89, 0x64, 0x4E, 0x0F} },
    { 68, 0x1B000076, 1, {0x76, 0x00, 0x04, 0x01, 0x01, 0x00, 0x00, 0x00} },
    { 30, 0xA7, 0, {0xCF, 0xCB, 0x1F, 0x7F, 0xFD, 0xF5, 0x67, 0x3E} },
    { 3, 0xA8, 0, {0x38, 0xDB, 0xDF, 0x47, 0x89, 0x64, 0x4C, 0x0F} },
    { 92, 0x121, 0, {0x14, 0x0E, 0x00, 0x40, 0x36, 0x62, 0x7E, 0xFE} },
    { 5, 0xA8, 0, {0x4A, 0xDC, 0xDF, 0x47, 0x89, 0x64, 0x46, 0x0F} },
    { 3, 0xA7, 0, {0x70, 0xCC, 0x1F, 0x7F, 0xFD, 0xF5, 0x67, 0x3E} },
    { 95, 0xA7, 0, {0x99, 0xCD, 0x5F, 0x7F, 0xFD, 0xF5, 0x67, 0x3E} },
    { 2, 0xA8, 0, {0xE3, 0xDD, 0xBF, 0x47, 0x89, 0x64, 0x42, 0x0F} },
    { 95, 0x121, 0, {0xA2, 0x0F, 0x00, 0x40, 0x36, 0x62, 0x7E, 0xFE} },
    { 2, 0xA7, 0, {0x12, 0xCE, 0x5F, 0x7F, 0xFD, 0xF5, 0x67, 0x3E} },
    { 3, 0xA8, 0, {0x51, 0xDE, 0xBF, 0x47, 0x89, 0x64, 0x42, 0x0F} },
    { 99, 0xA7, 0, {0xCC, 0xCF, 0x5F, 0x7F, 0xFD, 0xF5, 0x67, 0x3E} },
    { 2, 0xA8, 0, {0x74, 0xDF, 0xBF, 0x47, 0x89, 0x64, 0x3C, 0x0F} },
    { 97, 0x121, 0, {0x6C, 0x00, 0x00, 0x40, 0x36, 0x62, 0x7E, 0xFE} },
    { 2, 0xA8, 0, {0x38, 0xD0, 0xBF, 0x47, 0x89, 0x64, 0x3A, 0x0F} },
    { 3, 0xA7, 0, {0x05, 0xC0, 0x5F, 0x7F, 0xFD, 0xF5, 0x67, 0x3E} },
    { 97, 0xA7, 0, {0x8D, 0xC1, 0x5F, 0x7F, 0xFD, 0xF5, 0x67, 0x3E} },
    { 2, 0xA8, 0, {0x42, 0xD1, 0xBF, 0x47, 0x89, 0x64, 0x3A, 0x0F} },
    { 98, 0x121, 0, {0x00, 0x01, 0x00, 0x40, 0x36, 0x62, 0x7E, 0xFE} },
    { 2, 0xA7, 0, {0xF9, 0xC2, 0x5F, 0x7F, 0xFD, 0xF5, 0x67, 0x3E} },
    { 3, 0xA8, 0, {0x8F, 0xD2, 0xBF, 0x07, 0x89, 0x64, 0x38, 0x0F} },
    { 92, 0xA7, 0, {0x78, 0xC3, 0x5F, 0x7F, 0xFD, 0xF5, 0x67, 0x3E} },
    { 5, 0xA8, 0, {0x60, 0xD3, 0xBF, 0x07, 0x89, 0x64, 0x38, 0x0F} },
    { 96, 0x121, 0, {0x8F, 0x02, 0x00, 0x40, 0x36, 0x62, 0x7E, 0xFE} },
    { 2, 0x3BE, 0, {0x94, 0x13, 0x07, 0x01, 0xA8, 0xC0, 0x08, 0x80} },
    { 2, 0xA8, 0, {0x98, 0xD4, 0xBF, 0x07, 0x89, 0x64, 0x36, 0x0F} },
    { 3, 0xA7, 0, {0x42, 0xC4, 0x5F, 0x7F, 0xFD, 0xF5, 0x67, 0x3E} },
    { 95, 0xA7, 0, {0x39, 0xC5, 0x5F, 0x7F, 0xFD, 0xF5, 0x67, 0x3E} },
    { 2, 0xA8, 0, {0xEE, 0xD5, 0xBF, 0x07, 0x89, 0x64, 0x34, 0x0F} },
    { 98, 0x121, 0, {0x7D, 0x03, 0x00, 0x40, 0x36, 0x62, 0x7E, 0xFE} },
    { 3, 0xA7, 0, {0x11, 0xD6, 0x1F, 0x7F, 0xFD, 0xF5, 0x67, 0x3E} },
    { 2, 0xA8, 0, {0xDE, 0xD6, 0xBF, 0x07, 0x89, 0x64, 0x34, 0x0F} },
    { 91, 0xA7, 0, {0x98, 0xD7, 0x1F, 0x7F, 0xFD, 0xF5, 0x67, 0x3E} },
    { 3, 0xA8, 0, {0xEF, 0xD7, 0xBF, 0x07, 0x89, 0x64, 0x32, 0x0F} },
    { 100, 0x121, 0, {0xC0, 0x04, 0x00, 0x40, 0x36, 0x62, 0x7E, 0xFE} },
    { 5, 0xA8, 0, {0xE9, 0xD8, 0xBF, 0x07, 0x89, 0x64, 0x34, 0x0F} },
    { 5, 0xA7, 0, {0xD5, 0xD8, 0x1F, 0x7F, 0xFD, 0xF5, 0x67, 0x3E} },
    { 91, 0xA7, 0, {0x05, 0xD9, 0x1F, 0x7F, 0xFD, 0xF5, 0x67, 0x3E} },
    { 2, 0xA8, 0, {0xBF, 0xD9, 0xBF, 0x07, 0x89, 0x64, 0x32, 0x0F} },
    { 99, 0x121, 0, {0xF7, 0x05, 0x00, 0x40, 0x36, 0x62, 0x7E, 0xFE} },
    { 2, 0xA7, 0, {0x1A, 0xDA, 0x5F, 0x7F, 0xFD, 0xF5, 0x67, 0x3E} },
    { 2, 0xA8, 0, {0xFC, 0xDA, 0xBF, 0x07, 0x89, 0x64, 0x30, 0x0F} },
    { 93, 0xA7, 0, {0x74, 0xDB, 0x5F, 0x7F, 0xFD, 0xF5, 0x67, 0x3E} },
    { 2, 0xA8, 0, {0x99, 0xDB, 0xBF, 0x07, 0x89, 0x64, 0x2C, 0x0F} },
    { 101, 0x121, 0, {0xF0, 0x06, 0x00, 0x40, 0x36, 0x62, 0x7E, 0xFE} },
    { 2, 0xA8, 0, {0xF7, 0xDC, 0xBF, 0x07, 0x89, 0x64, 0x24, 0x0F} },
    { 3, 0xA7, 0, {0xCB, 0xDC, 0x5F, 0x7F, 0xFD, 0xF5, 0x67, 0x3E} },
    { 18, 0x640, 0, {0x02, 0x81, 0x71, 0xB7, 0x76, 0x20, 0x03, 0x28} },
    { 77, 0xA7, 0, {0x3B, 0xDD, 0x5F, 0x7F, 0xFD, 0xF5, 0x67, 0x3E} },
    { 2, 0xA8, 0, {0x87, 0xDD, 0xBF, 0x07, 0x89, 0x64, 0x1E, 0x0F} },
    { 91, 0x121, 0, {0xA3, 0x07, 0x00, 0x40, 0x36, 0x62, 0x7E, 0xFE} },
    { 3, 0x3BE, 0, {0x63, 0x14, 0x07, 0x01, 0xA8, 0xC0, 0x08, 0x80} },
    { 3, 0xA7, 0, {0xB0, 0xDE, 0x5F, 0x7F, 0xFD, 0xF5, 0x67, 0x3E} },
    { 2, 0xA8, 0, {0x29, 0xDE, 0xBF, 0x07, 0x89, 0x64, 0x1C, 0x0F} },
    { 68, 0x1B000076, 1, {0x76, 0x00, 0x04, 0x01, 0x01, 0x00, 0x00, 0x00} },
    { 28, 0xA7, 0, {0x6E, 0xDF, 0x5F, 0x7F, 0xFD, 0xF5, 0x67, 0x3E} },
    { 2, 0xA8, 0, {0x82, 0xDF, 0xBF, 0x07, 0x89, 0x64, 0x1A, 0x0F} },
    { 98, 0x121, 0, {0x60, 0x08, 0x00, 0x40, 0x36, 0x62, 0x7E, 0xFE} },
    { 7, 0xA8, 0, {0xEA, 0xD0, 0xBF, 0x07, 0x89, 0x64, 0x1A, 0x0F} },
    { 5, 0xA7, 0, {0xA7, 0xD0, 0x5F, 0x7F, 0xFD, 0xF5, 0x67, 0x3E} },
    { 88, 0xA7, 0, {0x2F, 0xD1, 0x5F, 0x7F, 0xFD, 0xF5, 0x67, 0x3E} },
    { 2, 0xA8, 0, {0xF3, 0xD1, 0xBF, 0x07, 0x89, 0x64, 0x20, 0x0F} },
    { 95, 0x121, 0, {0x9F, 0x09, 0x00, 0x40, 0x36, 0x62, 0x7E, 0xFE} },
    { 2, 0xA7, 0, {0x5B, 0xD2, 0x5F, 0x7F, 0xFD, 0xF5, 0x67, 0x3E} },
    { 3, 0xA8, 0, {0x1F, 0xD2, 0xBF, 0x07, 0x89, 0x64, 0x20, 0x0F} },
    { 97, 0xA7, 0, {0xDA, 0xD3, 0x5F, 0x7F, 0xFD, 0xF5, 0x67, 0x3E} },
    { 2, 0xA8, 0, {0xAB, 0xD3, 0xBF, 0x07, 0x89, 0x64, 0x1E, 0x0F} },
    { 100, 0x121, 0, {0xFA, 0x0A, 0x00, 0x40, 0x36, 0x62, 0x7E, 0xFE} },
    { 4, 0xA8, 0, {0x07, 0xD4, 0xBF, 0x07, 0x89, 0x64, 0x1E, 0x0F} },
    { 5, 0xA7, 0, {0xE0, 0xD4, 0x5F, 0x7F, 0xFD, 0xF5, 0x67, 0x3E} },
    { 90, 0xA7, 0, {0x9B, 0xD5, 0x5F, 0x7F, 0xFD, 0xF5, 0x67, 0x3E} },
    { 3, 0xA8, 0, {0x49, 0xD5, 0xBF, 0x07, 0x89, 0x64, 0x18, 0x0F} },
    { 94, 0x121, 0, {0x51, 0x0B, 0x00, 0x40, 0x36, 0x62, 0x7E, 0xFE} },
    { 2, 0xA7, 0, {0x08, 0xD6, 0x5F, 0x7F, 0xFD, 0xF5, 0x67, 0x3E} },
    { 3, 0xA8, 0, {0x2D, 0xD6, 0xBF, 0x07, 0x89, 0x64, 0x16, 0x0F} },
    { 99, 0xA7, 0, {0x30, 0xD7, 0x5F, 0x7F, 0xFD, 0xF9, 0x67, 0x3E} },
    { 3, 0xA8, 0, {0x24, 0xD7, 0xBF, 0x07, 0x89, 0x64, 0x14, 0x0F} },
    { 97, 0x121, 0, {0x94, 0x0C, 0x00, 0x40, 0x36, 0x62, 0x7E, 0xFE} },
    { 3, 0x3BE, 0, {0x1C, 0x15, 0x07, 0x01, 0xA8, 0xC0, 0x08, 0x80} },
    { 2, 0xA7, 0, {0x7D, 0xD8, 0x5F, 0x7F, 0xFD, 0xF9, 0x67, 0x3E} },
    { 5, 0xA8, 0, {0x3E, 0xD8, 0xBF, 0x07, 0x89, 0x64, 0x10, 0x0F} },
    { 90, 0xA7, 0, {0xAD, 0xD9, 0x5F, 0x7F, 0xFD, 0xF9, 0x67, 0x3E} },
    { 2, 0xA8, 0, {0x74, 0xD9, 0xBF, 0x07, 0x89, 0x64, 0x14, 0x0F} },
    { 94, 0x121, 0, {0x87, 0x0D, 0x00, 0x40, 0x36, 0x62, 0x7E, 0xFE} },
    { 2, 0xA7, 0, {0xAB, 0xDA, 0x5F, 0x7F, 0xFD, 0xF9, 0x67, 0x3E} },
    { 3, 0xA8, 0, {0x63, 0xDA, 0xBF, 0x07, 0x89, 0x64, 0x18, 0x0F} },
    { 97, 0xA7, 0, {0xC5, 0xDB, 0x5F, 0x7F, 0xFD, 0xF9, 0x67, 0x3E} },
    { 2, 0xA8, 0, {0xB2, 0xDB, 0xBF, 0x07, 0x89, 0x64, 0x1A, 0x0F} },
    { 97, 0x121, 0, {0x14, 0x0E, 0x00, 0x40, 0x36, 0x62, 0x7E, 0xFE} },
    { 7, 0xA7, 0, {0x7A, 0xDC, 0x5F, 0x7F, 0xFD, 0xF9, 0x67, 0x3E} },
    { 6, 0xA8, 0, {0x88, 0xDC, 0xBF, 0x07, 0x89, 0x64, 0x1C, 0x0F} },
    { 90, 0xA7, 0, {0x8A, 0xDD, 0x5F, 0x7F, 0xFD, 0xF9, 0x67, 0x3E} },
    { 2, 0xA8, 0, {0x9B, 0xDD, 0xBF, 0x07, 0x89, 0x64, 0x1C, 0x0F} },
    { 94, 0x121, 0, {0xA2, 0x0F, 0x00, 0x40, 0x36, 0x62, 0x7E, 0xFE} },
    { 3, 0xA7, 0, {0xB0, 0xDE, 0x5F, 0x7F, 0xFD, 0xF5, 0x67, 0x3E} },
    { 2, 0xA8, 0, {0x29, 0xDE, 0xBF, 0x07, 0x89, 0x64, 0x1C, 0x0F} },
    { 99, 0xA7, 0, {0x6E, 0xDF, 0x5F, 0x7F, 0xFD, 0xF5, 0x67, 0x3E} },
    { 3, 0xA8, 0, {0x82, 0xDF, 0xBF, 0x07, 0x89, 0x64, 0x1A, 0x0F} },
    { 93, 0x121, 0, {0x6C, 0x00, 0x00, 0x40, 0x36, 0x62, 0x7E, 0xFE} },
    { 4, 0xA8, 0, {0xCE, 0xD0, 0xBF, 0x07, 0x89, 0x64, 0x1C, 0x0F} },
    { 3, 0xA7, 0, {0xA7, 0xD0, 0x5F, 0x7F, 0xFD, 0xF5, 0x67, 0x3E} },
    { 101, 0xA7, 0, {0x2F, 0xD1, 0x5F, 0x7F, 0xFD, 0xF5, 0x67, 0x3E} },
    { 4, 0xA8, 0, {0xA8, 0xD1, 0xBF, 0x07, 0x89, 0x64, 0x1E, 0x0F} },
    { 91, 0x121, 0, {0x00, 0x01, 0x00, 0x40, 0x36, 0x62, 0x7E, 0xFE} },
    { 2, 0x3BE, 0, {0x01, 0x16, 0x07, 0x01, 0xA8, 0xC0, 0x08, 0x80} },
    { 2, 0xA7, 0, {0x5B, 0xD2, 0x5F, 0x7F, 0xFD, 0xF5, 0x67, 0x3E} },
    { 6, 0xA8, 0, {0x03, 0xD2, 0xBF, 0x07, 0x89, 0x64, 0x22, 0x0F} },
    { 64, 0x1B000076, 1, {0x76, 0x00, 0x04, 0x01, 0x01, 0x00, 0x00, 0x00} },
    { 31, 0xA7, 0, {0xDA, 0xD3, 0x5F, 0x7F, 0xFD, 0xF5, 0x67, 0x3E} },
    { 5, 0xA8, 0, {0xD4, 0xD3, 0xBF, 0x07, 0x89, 0x64, 0x26, 0x0F} },
    { 88, 0x121, 0, {0x8F, 0x02, 0x00, 0x40, 0x36, 0x62, 0x7E, 0xFE} },
    { 6, 0xA8, 0, {0x78, 0xD4, 0xBF, 0x07, 0x89, 0x64, 0x26, 0x0F} },
    { 2, 0xA7, 0, {0xE0, 0xD4, 0x5F, 0x7F, 0xFD, 0xF5, 0x67, 0x3E} },
    { 98, 0xA7, 0, {0x9B, 0xD5, 0x5F, 0x7F, 0xFD, 0xF5, 0x67, 0x3E} },
    { 2, 0xA8, 0, {0x12, 0xD5, 0xBF, 0x07, 0x89, 0x64, 0x26, 0x0F} },
    { 93, 0x121, 0, {0x7D, 0x03, 0x00, 0x40, 0x36, 0x62, 0x7E, 0xFE} },
    { 3, 0xA7, 0, {0x08, 0xD6, 0x5F, 0x7F, 0xFD, 0xF5, 0x67, 0x3E} },
    { 2, 0xA8, 0, {0x22, 0xD6, 0xBF, 0x07, 0x89, 0x64, 0x26, 0x0F} },
    { 101, 0xA7, 0, {0x81, 0xD7, 0x5F, 0x7F, 0xFD, 0xF5, 0x67, 0x3E} },
    { 5, 0xA8, 0, {0x63, 0xD7, 0xBF, 0x07, 0x89, 0x64, 0x28, 0x0F} },
    { 88, 0x121, 0, {0xC0, 0x04, 0x00, 0x40, 0x36, 0x62, 0x7E, 0xFE} },
    { 3, 0xA8, 0, {0x79, 0xD8, 0xBF, 0x07, 0x89, 0x64, 0x2C, 0x0F} },
    { 3, 0xA7, 0, {0xCC, 0xD8, 0x5F, 0x7F, 0xFD, 0xF5, 0x67, 0x3E} },
    { 101, 0xA7, 0, {0x1C, 0xD9, 0x5F, 0x7F, 0xFD, 0xF5, 0x67, 0x3E} },
    { 4, 0xA8, 0, {0xA3, 0xD9, 0xBF, 0x07, 0x89, 0x64, 0x30, 0x0F} },
    { 89, 0x121, 0, {0xF7, 0x05, 0x00, 0x40, 0x36, 0x62, 0x7E, 0xFE} },
    { 2, 0xA8, 0, {0xE0, 0xDA, 0xBF, 0x07, 0x89, 0x64, 0x32, 0x0F} },
    { 5, 0xA7, 0, {0x1A, 0xDA, 0x5F, 0x7F, 0xFD, 0xF5, 0x67, 0x3E} },
    { 96, 0xA7, 0, {0x74, 0xDB, 0x5F, 0x7F, 0xFD, 0xF5, 0x67, 0x3E} },
    { 3, 0xA8, 0, {0x2D, 0xDB, 0xBF, 0x07, 0x89, 0x64, 0x32, 0x0F} },
    { 93, 0x121, 0, {0xF0, 0x06, 0x00, 0x40, 0x36, 0x62, 0x7E, 0xFE} },
    { 3, 0x3BE, 0, {0x8D, 0x17, 0x07, 0x01, 0xA8, 0xC0, 0x08, 0x80} },
    { 2, 0xA7, 0, {0xCB, 0xDC, 0x5F, 0x7F, 0xFD, 0xF5, 0x67, 0x3E} },
    { 3, 0xA8, 0, {0x2F, 0xDC, 0xBF, 0x07, 0x89, 0x64, 0x30, 0x0F} },
    { 99, 0xA7, 0, {0x3B, 0xDD, 0x5F, 0x7F, 0xFD, 0xF5, 0x67, 0x3E} },
    { 5, 0xA8, 0, {0x88, 0xDD, 0xBF, 0x07, 0x89, 0x64, 0x2E, 0x0F} },
    { 88, 0x121, 0, {0xA3, 0x07, 0x00, 0x40, 0x36, 0x62, 0x7E, 0xFE} },
    { 3, 0xA7, 0, {0xB0, 0xDE, 0x5F, 0x7F, 0xFD, 0xF5, 0x67, 0x3E} },
    { 2, 0xA8, 0, {0x26, 0xDE, 0xBF, 0x07, 0x89, 0x64, 0x2C, 0x0F} },
    { 97, 0xA7, 0, {0x6E, 0xDF, 0x5F, 0x7F, 0xFD, 0xF5, 0x67, 0x3E} },
    { 3, 0xA8, 0, {0x8D, 0xDF, 0xBF, 0x07, 0x89, 0x64, 0x2A, 0x0F} },
    { 96, 0x121, 0, {0x60, 0x08, 0x00, 0x40, 0x36, 0x62, 0x7E, 0xFE} },
    { 6, 0xA7, 0, {0xA7, 0xD0, 0x5F, 0x7F, 0xFD, 0xF5, 0x67, 0x3E} },
    { 2, 0xA8, 0, {0xF9, 0xD0, 0xBF, 0x07, 0x89, 0x64, 0x28, 0x0F} },
    { 99, 0xA7, 0, {0x2F, 0xD1, 0x5F, 0x7F, 0xFD, 0xF5, 0x67, 0x3E} },
    { 4, 0xA8, 0, {0xCB, 0xD1, 0xBF, 0x07, 0x89, 0x64, 0x24, 0x0F} },
    { 89, 0x121, 0, {0x9F, 0x09, 0x00, 0x40, 0x36, 0x62, 0x7E, 0xFE} },
    { 2, 0xA7, 0, {0x5B, 0xD2, 0x5F, 0x7F, 0xFD, 0xF5, 0x67, 0x3E} },
    { 3, 0xA8, 0, {0x44, 0xD2, 0xBF, 0x07, 0x89, 0x64, 0x1E, 0x0F} },
    { 97, 0xA7, 0, {0xDA, 0xD3, 0x5F, 0x7F, 0xFD, 0xF5, 0x67, 0x3E} },
    { 3, 0xA8, 0, {0xB7, 0xD3, 0xBF, 0x07, 0x89, 0x64, 0x1C, 0x0F} },
    { 94, 0x121, 0, {0xFA, 0x0A, 0x00, 0x40, 0x36, 0x62, 0x7E, 0xFE} },
    { 3, 0xA8, 0, {0x3F, 0xD4, 0xBF, 0x07, 0x89, 0x64, 0x1A, 0x0F} },
    { 3, 0xA7, 0, {0xE0, 0xD4, 0x5F, 0x7F, 0xFD, 0xF5, 0x67, 0x3E} },
    { 21, 0x641, 0, {0x64, 0x11, 0x21, 0x4F, 0x13, 0x0A, 0x55, 0x92} },
    { 85, 0xA7, 0, {0x9B, 0xD5, 0x5F, 0x7F, 0xFD, 0xF5, 0x67, 0x3E} },
    { 2, 0xA8, 0, {0x49, 0xD5, 0xBF, 0x07, 0x89, 0x64, 0x18, 0x0F} },
    { 87, 0x121, 0, {0x51, 0x0B, 0x00, 0x40, 0x36, 0x62, 0x7E, 0xFE} },
    { 2, 0x3BE, 0, {0x77, 0x18, 0x07, 0x01, 0xA8, 0xC0, 0x08, 0x80} },
    { 3, 0xA7, 0, {0x08, 0xD6, 0x5F, 0x7F, 0xFD, 0xF5, 0x67, 0x3E} },
    { 2, 0xA8, 0, {0x41, 0xD6, 0xBF, 0x07, 0x89, 0x64, 0x1C, 0x0F} },
    { 67, 0x1B000076, 1, {0x76, 0x00, 0x04, 0x01, 0x01, 0x00, 0x00, 0x00} },
    { 28, 0xA7, 0, {0x81, 0xD7, 0x5F, 0x7F, 0xFD, 0xF5, 0x67, 0x3E} },
    { 2, 0xA8, 0, {0x70, 0xD7, 0xBF, 0x07, 0x89, 0x64, 0x1A, 0x0F} },
    { 96, 0x121, 0, {0x94, 0x0C, 0x00, 0x40, 0x36, 0x62, 0x7E, 0xFE} },
    { 6, 0xA8, 0, {0x4E, 0xD8, 0xBF, 0x07, 0x89, 0x64, 0x18, 0x0F} },
    { 2, 0xA7, 0, {0x7D, 0xD8, 0x5F, 0x7F, 0xFD, 0xF9, 0x67, 0x3E} },
    { 98, 0xA7, 0, {0xAD, 0xD9, 0x5F, 0x7F, 0xFD, 0xF9, 0x67, 0x3E} },
    { 4, 0xA8, 0, {0x68, 0xD9, 0xBF, 0x07, 0x89, 0x64, 0x16, 0x0F} },
    { 89, 0x121, 0, {0x87, 0x0D, 0x00, 0x40, 0x36, 0x62, 0x7E, 0xFE} },
    { 3, 0xA7, 0, {0xAB, 0xDA, 0x5F, 0x7F, 0xFD, 0xF9, 0x67, 0x3E} },
    { 2, 0xA8, 0, {0x2B, 0xDA, 0xBF, 0x07, 0x89, 0x64, 0x14, 0x0F} },
    { 98, 0xA7, 0, {0xC5, 0xDB, 0x5F, 0x7F, 0xFD, 0xF9, 0x67, 0x3E} },
    { 3, 0xA8, 0, {0xE6, 0xDB, 0xBF, 0x07, 0x89, 0x64, 0x14, 0x0F} },
    { 95, 0x121, 0, {0x14, 0x0E, 0x00, 0x40, 0x36, 0x62, 0x7E, 0xFE} },
    { 3, 0xA8, 0, {0xB0, 0xDC, 0xBF, 0x07, 0x89, 0x64, 0x18, 0x0F} },
    { 3, 0xA7, 0, {0x7A, 0xDC, 0x5F, 0x7F, 0xFD, 0xF9, 0x67, 0x3E} },
    { 98, 0xA7, 0, {0x8A, 0xDD, 0x5F, 0x7F, 0xFD, 0xF9, 0x67, 0x3E} },
    { 3, 0xA8, 0, {0xA3, 0xDD, 0xBF, 0x07, 0x89, 0x64, 0x18, 0x0F} },
    { 92, 0x121, 0, {0xA2, 0x0F, 0x00, 0x40, 0x36, 0x62, 0x7E, 0xFE} },
    { 3, 0xA7, 0, {0x01, 0xDE, 0x5F, 0x7F, 0xFD, 0xF9, 0x67, 0x3E} },
    { 2, 0xA8, 0, {0x96, 0xDE, 0x9F, 0x07, 0x89, 0x64, 0x1A, 0x0F} },
    { 13, 0x640, 0, {0x02, 0x81, 0x71, 0xB9, 0x76, 0x20, 0x03, 0x38} },
    { 89, 0xA7, 0, {0xDF, 0xDF, 0x5F, 0x7F, 0xFD, 0xF9, 0x67, 0x3E} },
    { 4, 0xA8, 0, {0x3D, 0xDF, 0x9F, 0x07, 0x89, 0x64, 0x1C, 0x0F} },
    { 95, 0x121, 0, {0x6C, 0x00, 0x00, 0x40, 0x36, 0x62, 0x7E, 0xFE} },
    { 3, 0x3BE, 0, {0x54, 0x19, 0x07, 0x01, 0xA8, 0xC0, 0x08, 0x80} },
    { 4, 0xA7, 0, {0x16, 0xD0, 0x5F, 0x7F, 0xFD, 0xF9, 0x67, 0x3E} },
    { 2, 0xA8, 0, {0x55, 0xD0, 0x9F, 0x07, 0x89, 0x64, 0x1C, 0x0F} },
    { 89, 0xA7, 0, {0x9E, 0xD1, 0x5F, 0x7F, 0xFD, 0xF9, 0x67, 0x3E} },
    { 2, 0xA8, 0, {0x68, 0xD1, 0x9F, 0x07, 0x89, 0x64, 0x20, 0x0F} },
    { 98, 0x121, 0, {0x00, 0x01, 0x00, 0x40, 0x36, 0x62, 0x7E, 0xFE} },
    { 2, 0xA7, 0, {0xEA, 0xD2, 0x5F, 0x7F, 0xFD, 0xF9, 0x67, 0x3E} },
    { 2, 0xA8, 0, {0xDF, 0xD2, 0x9F, 0x07, 0x89, 0x64, 0x1E, 0x0F} },
    { 97, 0xA7, 0, {0x6B, 0xD3, 0x5F, 0x7F, 0xFD, 0xF9, 0x67, 0x3E} },
    { 2, 0xA8, 0, {0xAB, 0xD3, 0xBF, 0x07, 0x89, 0x64, 0x1E, 0x0F} },
    { 99, 0x121, 0, {0x8F, 0x02, 0x00, 0x40, 0x36, 0x62, 0x7E, 0xFE} },
    { 5, 0xA8, 0, {0x07, 0xD4, 0xBF, 0x07, 0x89, 0x64, 0x1E, 0x0F} },
    { 2, 0xA7, 0, {0x51, 0xD4, 0x5F, 0x7F, 0xFD, 0xF9, 0x67, 0x3E} },
    { 91, 0xA7, 0, {0x2A, 0xD5, 0x5F, 0x7F, 0xFD, 0xF9, 0x67, 0x3E} },
    { 3, 0xA8, 0, {0x6D, 0xD5, 0xBF, 0x07, 0x89, 0x64, 0x1E, 0x0F} },
    { 98, 0x121, 0, {0x7D, 0x03, 0x00, 0x40, 0x36, 0x62, 0x7E, 0xFE} },
    { 2, 0xA7, 0, {0xB9, 0xD6, 0x5F, 0x7F, 0xFD, 0xF9, 0x67, 0x3E} },
    { 4, 0xA8, 0, {0x5D, 0xD6, 0xBF, 0x07, 0x89, 0x64, 0x1E, 0x0F} },
    { 94, 0xA7, 0, {0x30, 0xD7, 0x5F, 0x7F, 0xFD, 0xF9, 0x67, 0x3E} },
    { 2, 0xA8, 0, {0x54, 0xD7, 0xBF, 0x07, 0x89, 0x64, 0x1C, 0x0F} },
    { 99, 0x121, 0, {0xC0, 0x04, 0x00, 0x40, 0x36, 0x62, 0x7E, 0xFE} },
    { 5, 0xA8, 0, {0x52, 0xD8, 0xBF, 0x07, 0x89, 0x64, 0x1A, 0x0F} },
    { 2, 0xA7, 0, {0xB4, 0xE8, 0x5F, 0x7F, 0xFD, 0xF9, 0x67, 0x3E} },
    { 93, 0xA7, 0, {0x64, 0xE9, 0x5F, 0x7F, 0xFD, 0xF9, 0x67, 0x3E} },
    { 2, 0xA8, 0, {0x3C, 0xD9, 0xBF, 0x07, 0x89, 0x64, 0x18, 0x0F} },
    { 96, 0x121, 0, {0xF7, 0x05, 0x00, 0x40, 0x36, 0x62, 0x7E, 0xFE} },
    { 3, 0x3BE, 0, {0x9F, 0x1A, 0x07, 0x01, 0xA8, 0xC0, 0x08, 0x80} },
    { 4, 0xA7, 0, {0x62, 0xEA, 0x5F, 0x7F, 0xFD, 0xF9, 0x67, 0x3E} },
    { 2, 0xA8, 0, {0x2B, 0xDA, 0xBF, 0x07, 0x89, 0x64, 0x14, 0x0F} },
    { 62, 0x1B000076, 1, {0x76, 0x00, 0x04, 0x01, 0x01, 0x00, 0x00, 0x00} },
    { 28, 0xA7, 0, {0x0C, 0xEB, 0x5F, 0x7F, 0xFD, 0xF9, 0x67, 0x3E} },
    { 3, 0xA8, 0, {0xB2, 0xDB, 0xBF, 0x07, 0x89, 0x64, 0x1A, 0x0F} },
    { 95, 0x121, 0, {0xF0, 0x06, 0x00, 0x40, 0x36, 0x62, 0x7E, 0xFE} },
    { 5, 0xA8, 0, {0x94, 0xDC, 0xBF, 0x07, 0x89, 0x64, 0x1E, 0x0F} },
    { 5, 0xA7, 0, {0xB3, 0xEC, 0x5F, 0x7F, 0xFD, 0xF9, 0x67, 0x3E} },
    { 92, 0xA7, 0, {0x43, 0xED, 0x5F, 0x7F, 0xFD, 0xF9, 0x67, 0x3E} },
    { 3, 0xA8, 0, {0xC0, 0xDD, 0xBF, 0x07, 0x89, 0x64, 0x22, 0x0F} },
    { 98, 0x121, 0, {0xA3, 0x07, 0x00, 0x40, 0x36, 0x62, 0x7E, 0xFE} },
    { 2, 0xA7, 0, {0xC8, 0xEE, 0x5F, 0x7F, 0xFD, 0xF9, 0x67, 0x3E} },
    { 5, 0xA8, 0, {0x4A, 0xDE, 0xBF, 0x07, 0x89, 0x64, 0x26, 0x0F} },
    { 94, 0xA7, 0, {0x16, 0xEF, 0x5F, 0x7F, 0xFD, 0xF9, 0x67, 0x3E} },
    { 2, 0xA8, 0, {0x8D, 0xDF, 0xBF, 0x07, 0x89, 0x64, 0x2A, 0x0F} },
    { 94, 0x121, 0, {0x60, 0x08, 0x00, 0x40, 0x36, 0x62, 0x7E, 0xFE} },
    { 3, 0xA8, 0, {0xC1, 0xD0, 0xBF, 0x07, 0x89, 0x64, 0x2C, 0x0F} },
    { 2, 0xA7, 0, {0xDF, 0xE0, 0x5F, 0x7F, 0xFD, 0xF9, 0x67, 0x3E} },
    { 98, 0xA7, 0, {0xE6, 0xE1, 0x5F, 0x7F, 0xFD, 0xF5, 0x67, 0x3E} },
    { 2, 0xA8, 0, {0xBB, 0xD1, 0xBF, 0x07, 0x89, 0x64, 0x2C, 0x0F} },
    { 98, 0x121, 0, {0x9F, 0x09, 0x00, 0x40, 0x36, 0x62, 0x7E, 0xFE} },
    { 3, 0xA7, 0, {0x5B, 0xD2, 0x5F, 0x7F, 0xFD, 0xF5, 0x67, 0x3E} },
    { 4, 0xA8, 0, {0xFF, 0xD2, 0xBF, 0x07, 0x89, 0x64, 0x30, 0x0F} },
    { 95, 0xA7, 0, {0xDA, 0xD3, 0x5F, 0x7F, 0xFD, 0xF5, 0x67, 0x3E} },
    { 5, 0xA8, 0, {0x10, 0xD3, 0xBF, 0x07, 0x89, 0x64, 0x30, 0x0F} },
    { 90, 0x121, 0, {0xFA, 0x0A, 0x00, 0x40, 0x36, 0x62, 0x7E, 0xFE} },
    { 2, 0x3BE, 0, {0xE9, 0x1B, 0x07, 0x01, 0xA8, 0xC0, 0x08, 0x80} },
    { 2, 0xA7, 0, {0xE0, 0xD4, 0x5F, 0x7F, 0xFD, 0xF5, 0x67, 0x3E} },
    { 3, 0xA8, 0, {0xBC, 0xD4, 0xBF, 0x07, 0x89, 0x64, 0x30, 0x0F} },
    { 96, 0xA7, 0, {0x9B, 0xD5, 0x5F, 0x7F, 0xFD, 0xF5, 0x67, 0x3E} },
    { 2, 0xA8, 0, {0xD6, 0xD5, 0xBF, 0x07, 0x89, 0x64, 0x30, 0x0F} },
    { 98, 0x121, 0, {0x51, 0x0B, 0x00, 0x40, 0x36, 0x62, 0x7E, 0xFE} },
    { 2, 0xA7, 0, {0x08, 0xD6, 0x5F, 0x7F, 0xFD, 0xF5, 0x67, 0x3E} },
    { 5, 0xA8, 0, {0x52, 0xD6, 0xBF, 0x07, 0x89, 0x64, 0x2E, 0x0F} },
    { 92, 0xA7, 0, {0x81, 0xD7, 0x5F, 0x7F, 0xFD, 0xF5, 0x67, 0x3E} },
    { 2, 0xA8, 0, {0x7F, 0xD7, 0xBF, 0x07, 0x89, 0x64, 0x2A, 0x0F} },
    { 95, 0x121, 0, {0x94, 0x0C, 0x00, 0x40, 0x36, 0x62, 0x7E, 0xFE} },
    { 6, 0xA7, 0, {0xCC, 0xD8, 0x5F, 0x7F, 0xFD, 0xF5, 0x67, 0x3E} },
    { 5, 0xA8, 0, {0x41, 0xD8, 0xBF, 0x07, 0x89, 0x64, 0x28, 0x0F} },
    { 93, 0xA7, 0, {0x1C, 0xD9, 0x5F, 0x7F, 0xFD, 0xF5, 0x67, 0x3E} },
    { 2, 0xA8, 0, {0x33, 0xD9, 0xBF, 0x07, 0x89, 0x64, 0x28, 0x0F} },
    { 98, 0x121, 0, {0x87, 0x0D, 0x00, 0x40, 0x36, 0x62, 0x7E, 0xFE} },
    { 2, 0xA7, 0, {0x1A, 0xDA, 0x5F, 0x7F, 0xFD, 0xF5, 0x67, 0x3E} },
    { 5, 0xA8, 0, {0x6C, 0xDA, 0xBF, 0x07, 0x89, 0x64, 0x28, 0x0F} },
    { 92, 0xA7, 0, {0x74, 0xDB, 0x5F, 0x7F, 0xFD, 0xF5, 0x67, 0x3E} },
    { 3, 0xA8, 0, {0x99, 0xDB, 0xBF, 0x07, 0x89, 0x64, 0x2C, 0x0F} },
    { 94, 0x121, 0, {0x14, 0x0E, 0x00, 0x40, 0x36, 0x62, 0x7E, 0xFE} },
    { 3, 0xA8, 0, {0x87, 0xDC, 0xBF, 0x07, 0x89, 0x64, 0x2C, 0x0F} },
    { 3, 0xA7, 0, {0xCB, 0xDC, 0x5F, 0x7F, 0xFD, 0xF5, 0x67, 0x3E} },
    { 100, 0xA7, 0, {0x3B, 0xDD, 0x5F, 0x7F, 0xFD, 0xF5, 0x67, 0x3E} },
    { 5, 0xA8, 0, {0xB0, 0xDD, 0xBF, 0x07, 0x89, 0x64, 0x2A, 0x0F} },
    { 90, 0x121, 0, {0xA2, 0x0F, 0x00, 0x40, 0x36, 0x62, 0x7E, 0xFE} },
    { 3, 0x3BE, 0, {0x6C, 0x1C, 0x07, 0x01, 0xA8, 0xC0, 0x08, 0x80} },
    { 2, 0xA7, 0, {0xB0, 0xDE, 0x5F, 0x7F, 0xFD, 0xF5, 0x67, 0x3E} },
    { 5, 0xA8, 0, {0x02, 0xDE, 0xBF, 0x07, 0x89, 0x64, 0x2A, 0x0F} },
    { 64, 0x1B000076, 1, {0x76, 0x00, 0x04, 0x01, 0x01, 0x00, 0x00, 0x00} },
    { 28, 0xA7, 0, {0x6E, 0xDF, 0x5F, 0x7F, 0xFD, 0xF5, 0x67, 0x3E} },
    { 3, 0xA8, 0, {0x8D, 0xDF, 0xBF, 0x07, 0x89, 0x64, 0x2A, 0x0F} },
    { 97, 0x121, 0, {0x6C, 0x00, 0x00, 0x40, 0x36, 0x62, 0x7E, 0xFE} },
    { 8, 0xA7, 0, {0xA7, 0xD0, 0x5F, 0x7F, 0xFD, 0xF5, 0x67, 0x3E} },
    { 2, 0xA8, 0, {0xE5, 0xD0, 0xBF, 0x07, 0x89, 0x64, 0x2A, 0x0F} },
    { 98, 0xA7, 0, {0x2F, 0xD1, 0x5F, 0x7F, 0xFD, 0xF5, 0x67, 0x3E} },
    { 2, 0xA8, 0, {0x9F, 0xD1, 0xBF, 0x07, 0x89, 0x64, 0x2A, 0x0F} },
    { 87, 0x121, 0, {0x00, 0x01, 0x00, 0x40, 0x36, 0x62, 0x7E, 0xFE} },
    { 3, 0xA7, 0, {0x5B, 0xD2, 0x5F, 0x7F, 0xFD, 0xF5, 0x67, 0x3E} },
    { 2, 0xA8, 0, {0x6F, 0xD2, 0xBF, 0x07, 0x89, 0x64, 0x28, 0x0F} },
    { 101, 0xA7, 0, {0xDA, 0xD3, 0x5F, 0x7F, 0xFD, 0xF5, 0x67, 0x3E} },
    { 5, 0xA8, 0, {0xD4, 0xD3, 0xBF, 0x07, 0x89, 0x64, 0x26, 0x0F} },
    { 92, 0x121, 0, {0x8F, 0x02, 0x00, 0x40, 0x36, 0x62, 0x7E, 0xFE} },
    { 3, 0xA8, 0, {0x78, 0xD4, 0xBF, 0x07, 0x89, 0x64, 0x26, 0x0F} },
    { 4, 0xA7, 0, {0xE0, 0xD4, 0x5F, 0x7F, 0xFD, 0xF5, 0x67, 0x3E} },
    { 101, 0xA7, 0, {0x9B, 0xD5, 0x5F, 0x7F, 0xFD, 0xF5, 0x67, 0x3E} },
    { 2, 0xA8, 0, {0x12, 0xD5, 0xBF, 0x07, 0x89, 0x64, 0x26, 0x0F} },
    { 87, 0x121, 0, {0x7D, 0x03, 0x00, 0x40, 0x36, 0x62, 0x7E, 0xFE} },
    { 3, 0xA7, 0, {0x08, 0xD6, 0x5F, 0x7F, 0xFD, 0xF5, 0x67, 0x3E} },
    { 2, 0xA8, 0, {0x76, 0xD6, 0xBF, 0x07, 0x89, 0x64, 0x28, 0x0F} },
    { 106, 0xA7, 0, {0x81, 0xD7, 0x5F, 0x7F, 0xFD, 0xF5, 0x67, 0x3E} },
    { 2, 0xA8, 0, {0x7F, 0xD7, 0xBF, 0x07, 0x89, 0x64, 0x2A, 0x0F} },
    { 89, 0x121, 0, {0xC0, 0x04, 0x00, 0x40, 0x36, 0x62, 0x7E, 0xFE} },
    { 2, 0x3BE, 0, {0xD7, 0x1D, 0x07, 0x01, 0xA8, 0xC0, 0x08, 0x80} },
    { 3, 0xA7, 0, {0xCC, 0xD8, 0x5F, 0x7F, 0xFD, 0xF5, 0x67, 0x3E} },
    { 5, 0xA8, 0, {0x79, 0xD8, 0xBF, 0x07, 0x89, 0x64, 0x2C, 0x0F} },
    { 99, 0xA7, 0, {0x1C, 0xD9, 0x5F, 0x7F, 0xFD, 0xF5, 0x67, 0x3E} },
    { 3, 0xA8, 0, {0x0B, 0xD9, 0xBF, 0x07, 0x89, 0x64, 0x2C, 0x0F} },
    { 87, 0x121, 0, {0xF7, 0x05, 0x00, 0x40, 0x36, 0x62, 0x7E, 0xFE} },
    { 2, 0xA7, 0, {0x1A, 0xDA, 0x5F, 0x7F, 0xFD, 0xF5, 0x67, 0x3E} },
    { 2, 0xA8, 0, {0x54, 0xDA, 0xBF, 0x07, 0x89, 0x64, 0x2C, 0x0F} },
    { 101, 0xA7, 0, {0x74, 0xDB, 0x5F, 0x7F, 0xFD, 0xF5, 0x67, 0x3E} },
    { 5, 0xA8, 0, {0x99, 0xDB, 0xBF, 0x07, 0x89, 0x64, 0x2C, 0x0F} },
    { 90, 0x121, 0, {0xF0, 0x06, 0x00, 0x40, 0x36, 0x62, 0x7E, 0xFE} },
    { 5, 0xA7, 0, {0xCB, 0xDC, 0x5F, 0x7F, 0xFD, 0xF5, 0x67, 0x3E} },
    { 5, 0xA8, 0, {0x87, 0xDC, 0xBF, 0x07, 0x89, 0x64, 0x2C, 0x0F} },
    { 92, 0xA7, 0, {0x3B, 0xDD, 0x5F, 0x7F, 0xFD, 0xF5, 0x67, 0x3E} },
    { 3, 0xA8, 0, {0x94, 0xDD, 0xBF, 0x07, 0x89, 0x64, 0x2C, 0x0F} },
    { 95, 0x121, 0, {0xA3, 0x07, 0x00, 0x40, 0x36, 0x62, 0x7E, 0xFE} },
    { 2, 0xA7, 0, {0xB0, 0xDE, 0x5F, 0x7F, 0xFD, 0xF5, 0x67, 0x3E} },
    { 2, 0xA8, 0, {0x26, 0xDE, 0xBF, 0x07, 0x89, 0x64, 0x2C, 0x0F} },
    { 102, 0xA7, 0, {0x6E, 0xDF, 0x5F, 0x7F, 0xFD, 0xF5, 0x67, 0x3E} },
    { 4, 0xA8, 0, {0x8D, 0xDF, 0xBF, 0x07, 0x89, 0x64, 0x2A, 0x0F} },
    { 89, 0x121, 0, {0x60, 0x08, 0x00, 0x40, 0x36, 0x62, 0x7E, 0xFE} },
    { 4, 0xA8, 0, {0xC1, 0xD0, 0xBF, 0x07, 0x89, 0x64, 0x2C, 0x0F} },
    { 2, 0xA7, 0, {0xA7, 0xD0, 0x5F, 0x7F, 0xFD, 0xF5, 0x67, 0x3E} },
    { 21, 0x640, 0, {0x02, 0x81, 0x71, 0xB9, 0x76, 0x20, 0x03, 0x38} },
    { 79, 0xA7, 0, {0x2F, 0xD1, 0x5F, 0x7F, 0xFD, 0xF5, 0x67, 0x3E} },
    { 5, 0xA8, 0, {0xBB, 0xD1, 0xBF, 0x07, 0x89, 0x64, 0x2C, 0x0F} },
    { 90, 0x121, 0, {0x9F, 0x09, 0x00, 0x40, 0x36, 0x62, 0x7E, 0xFE} },
    { 2, 0x3BE, 0, {0xC8, 0x1E, 0x07, 0x01, 0xA8, 0xC0, 0x08, 0x80} },
    { 3, 0xA7, 0, {0x5B, 0xD2, 0x5F, 0x7F, 0xFD, 0xF5, 0x67, 0x3E} },
    { 4, 0xA8, 0, {0x4B, 0xD2, 0xBF, 0x07, 0x89, 0x64, 0x2E, 0x0F} },
    { 66, 0x1B000076, 1, {0x76, 0x00, 0x04, 0x01, 0x01, 0x00, 0x00, 0x00} },
    { 31, 0xA7, 0, {0xDA, 0xD3, 0x5F, 0x7F, 0xFD, 0xF5, 0x67, 0x3E} },
    { 5, 0xA8, 0, {0x0C, 0xD3, 0xBF, 0x07, 0x89, 0x64, 0x32, 0x0F} },
    { 89, 0x121, 0, {0xFA, 0x0A, 0x00, 0x40, 0x36, 0x62, 0x7E, 0xFE} },
    { 5, 0xA8, 0, {0xA0, 0xD4, 0xBF, 0x07, 0x89, 0x64, 0x32, 0x0F} },
    { 5, 0xA7, 0, {0xE0, 0xD4, 0x5F, 0x7F, 0xFD, 0xF5, 0x67, 0x3E} },
    { 93, 0xA7, 0, {0x9B, 0xD5, 0x5F, 0x7F, 0xFD, 0xF5, 0x67, 0x3E} },
    { 2, 0xA8, 0, {0xCA, 0xD5, 0xBF, 0x07, 0x89, 0x64, 0x32, 0x0F} },
    { 95, 0x121, 0, {0x51, 0x0B, 0x00, 0x40, 0x36, 0x62, 0x7E, 0xFE} },
    { 2, 0xA7, 0, {0x08, 0xD6, 0x5F, 0x7F, 0xFD, 0xF5, 0x67, 0x3E} },
    { 2, 0xA8, 0, {0xFA, 0xD6, 0xBF, 0x07, 0x89, 0x64, 0x32, 0x0F} },
    { 104, 0xA7, 0, {0x81, 0xD7, 0x5F, 0x7F, 0xFD, 0xF5, 0x67, 0x3E} },
    { 3, 0xA8, 0, {0xCB, 0xD7, 0xBF, 0x07, 0x89, 0x64, 0x34, 0x0F} },
    { 89, 0x121, 0, {0x94, 0x0C, 0x00, 0x40, 0x36, 0x62, 0x7E, 0xFE} },
    { 4, 0xA8, 0, {0xCD, 0xD8, 0xBF, 0x07, 0x89, 0x64, 0x32, 0x0F} },
    { 4, 0xA7, 0, {0xCC, 0xD8, 0x5F, 0x7F, 0xFD, 0xF5, 0x67, 0x3E} },
    { 95, 0xA7, 0, {0x1C, 0xD9, 0x5F, 0x7F, 0xFD, 0xF5, 0x67, 0x3E} },
    { 2, 0xA8, 0, {0x9B, 0xD9, 0xBF, 0x07, 0x89, 0x64, 0x34, 0x0F} },
    { 95, 0x121, 0, {0x87, 0x0D, 0x00, 0x40, 0x36, 0x62, 0x7E, 0xFE} },
    { 2, 0xA7, 0, {0x1A, 0xDA, 0x5F, 0x7F, 0xFD, 0xF5, 0x67, 0x3E} },
    { 3, 0xA8, 0, {0xC4, 0xDA, 0xBF, 0x07, 0x89, 0x64, 0x34, 0x0F} },
    { 105, 0xA7, 0, {0x74, 0xDB, 0x5F, 0x7F, 0xFD, 0xF5, 0x67, 0x3E} },
    { 3, 0xA8, 0, {0x09, 0xDB, 0xBF, 0x07, 0x89, 0x64, 0x34, 0x0F} },
    { 89, 0x121, 0, {0x14, 0x0E, 0x00, 0x40, 0x36, 0x62, 0x7E, 0xFE} },
    { 3, 0x3BE, 0, {0xC5, 0x1F, 0x07, 0x01, 0xA8, 0xC0, 0x08, 0x80} },
    { 5, 0xA7, 0, {0xCB, 0xDC, 0x5F, 0x7F, 0xFD, 0xF5, 0x67, 0x3E} },
    { 2, 0xA8, 0, {0x0B, 0xDC, 0xBF, 0x07, 0x89, 0x64, 0x36, 0x0F} },
    { 93, 0xA7, 0, {0x3B, 0xDD, 0x5F, 0x7F, 0xFD, 0xF5, 0x67, 0x3E} },
    { 5, 0xA8, 0, {0x4C, 0xDD, 0xBF, 0x07, 0x89, 0x64, 0x38, 0x0F} },
    { 93, 0x121, 0, {0xA2, 0x0F, 0x00, 0x40, 0x36, 0x62, 0x7E, 0xFE} },
    { 2, 0xA7, 0, {0xB0, 0xDE, 0x5F, 0x7F, 0xFD, 0xF5, 0x67, 0x3E} },
    { 5, 0xA8, 0, {0xE2, 0xDE, 0xBF, 0x07, 0x89, 0x64, 0x3A, 0x0F} },
    { 99, 0xA7, 0, {0x6E, 0xDF, 0x5F, 0x7F, 0xFD, 0xF5, 0x67, 0x3E} },
    { 2, 0xA8, 0, {0x55, 0xDF, 0xBF, 0x07, 0x89, 0x64, 0x3E, 0x0F} },
    { 92, 0x121, 0, {0x6C, 0x00, 0x00, 0x40, 0x36, 0x62, 0x7E, 0xFE} },
    { 7, 0xA7, 0, {0xA7, 0xD0, 0x5F, 0x7F, 0xFD, 0xF5, 0x67, 0x3E} },
    { 3, 0xA8, 0, {0xAF, 0xD0, 0xBF, 0x07, 0x89, 0x64, 0x44, 0x0F} },
    { 92, 0xA7, 0, {0x2F, 0xD1, 0x5F, 0x7F, 0xFD, 0xF5, 0x67, 0x3E} },
    { 5, 0xA8, 0, {0xC9, 0xD1, 0xBF, 0x07, 0x89, 0x64, 0x46, 0x0F} },
    { 92, 0x121, 0, {0x00, 0x01, 0x00, 0x40, 0x36, 0x62, 0x7E, 0xFE} },
    { 3, 0xA7, 0, {0x5B, 0xD2, 0x5F, 0x7F, 0xFD, 0xF5, 0x67, 0x3E} },
    { 5, 0xA8, 0, {0x25, 0xD2, 0xBF, 0x07, 0x89, 0x64, 0x46, 0x0F} },
    { 98, 0xA7, 0, {0xDA, 0xD3, 0x5F, 0x7F, 0xFD, 0xF5, 0x67, 0x3E} },
    { 3, 0xA8, 0, {0x9E, 0xD3, 0xBF, 0x07, 0x89, 0x64, 0x48, 0x0F} },
    { 92, 0x121, 0, {0x8F, 0x02, 0x00, 0x40, 0x36, 0x62, 0x7E, 0xFE} },
    { 5, 0xA7, 0, {0xE0, 0xD4, 0x5F, 0x7F, 0xFD, 0xF5, 0x67, 0x3E} },
    { 2, 0xA8, 0, {0x0A, 0xD4, 0xBF, 0x07, 0x89, 0x64, 0x4C, 0x0F} },
    { 98, 0xA7, 0, {0x9B, 0xD5, 0x5F, 0x7F, 0xFD, 0xF5, 0x67, 0x3E} },
    { 5, 0xA8, 0, {0x7C, 0xD5, 0xBF, 0x07, 0x89, 0x64, 0x4E, 0x0F} },
    { 96, 0x121, 0, {0x7D, 0x03, 0x00, 0x40, 0x36, 0x62, 0x7E, 0xFE} },
    { 3, 0xA7, 0, {0x08, 0xD6, 0x5F, 0x7F, 0xFD, 0xF5, 0x67, 0x3E} },
    { 2, 0xA8, 0, {0xC0, 0xD6, 0xBF, 0x07, 0x89, 0x64, 0x54, 0x0F} },
    { 2, 0x3BE, 0, {0x7C, 0x10, 0x07, 0x01, 0xA8, 0xC0, 0x08, 0x80} },
    { 60, 0x1B000076, 1, {0x76, 0x00, 0x04, 0x01, 0x01, 0x00, 0x00, 0x00} },
    { 29, 0xA7, 0, {0x81, 0xD7, 0x5F, 0x7F, 0xFD, 0xF5, 0x67, 0x3E} },
    { 5, 0xA8, 0, {0xC9, 0xD7, 0xBF, 0x07, 0x89, 0x64, 0x56, 0x0F} },
    { 94, 0x121, 0, {0xC0, 0x04, 0x00, 0x40, 0x36, 0x62, 0x7E, 0xFE} },
    { 7, 0xA7, 0, {0xCC, 0xD8, 0x5F, 0x7F, 0xFD, 0xF5, 0x67, 0x3E} },
    { 2, 0xA8, 0, {0xEB, 0xD8, 0xBF, 0x07, 0x89, 0x64, 0x56, 0x0F} },
    { 96, 0xA7, 0, {0x1C, 0xD9, 0x5F, 0x7F, 0xFD, 0xF5, 0x67, 0x3E} },
    { 2, 0xA8, 0, {0xCD, 0xD9, 0xBF, 0x07, 0x89, 0x64, 0x58, 0x0F} },
    { 98, 0x121, 0, {0xF7, 0x05, 0x00, 0x40, 0x36, 0x62, 0x7E, 0xFE} },
    { 2, 0xA7, 0, {0x1A, 0xDA, 0x5F, 0x7F, 0xFD, 0xF5, 0x67, 0x3E} },
    { 3, 0xA8, 0, {0x8E, 0xDA, 0xBF, 0x07, 0x89, 0x64, 0x5A, 0x0F} },
    { 90, 0xA7, 0, {0x74, 0xDB, 0x5F, 0x7F, 0xFD, 0xF5, 0x67, 0x3E} },
    { 5, 0xA8, 0, {0x7B, 0xDB, 0xBF, 0x07, 0x89, 0x64, 0x5E, 0x0F} },
    { 96, 0x121, 0, {0xF0, 0x06, 0x00, 0x40, 0x36, 0x62, 0x7E, 0xFE} },
    { 4, 0xA8, 0, {0x22, 0xDC, 0xBF, 0x07, 0x89, 0x64, 0x62, 0x0F} },
    { 2, 0xA7, 0, {0xCB, 0xDC, 0x5F, 0x7F, 0xFD, 0xF5, 0x67, 0x3E} },
    { 98, 0xA7, 0, {0x22, 0xDD, 0x1F, 0x7F, 0xFD, 0xF5, 0x67, 0x3E} },
    { 2, 0xA8, 0, {0x31, 0xDD, 0xBF, 0x07, 0x89, 0x64, 0x62, 0x0F} },
    { 98, 0x121, 0, {0xA3, 0x07, 0x00, 0x40, 0x36, 0x62, 0x7E, 0xFE} },
    { 2, 0xA7, 0, {0xA9, 0xDE, 0x1F, 0x7F, 0xFD, 0xF5, 0x67, 0x3E} },
    { 3, 0xA8, 0, {0xA7, 0xDE, 0xBF, 0x07, 0x89, 0x64, 0x64, 0x0F} },
    { 95, 0xA7, 0, {0x77, 0xDF, 0x1F, 0x7F, 0xFD, 0xF5, 0x67, 0x3E} },
    { 2, 0xA8, 0, {0x28, 0xDF, 0xBF, 0x07, 0x89, 0x64, 0x64, 0x0F} },
    { 97, 0x121, 0, {0x60, 0x08, 0x00, 0x40, 0x36, 0x62, 0x7E, 0xFE} },
    { 2, 0xA8, 0, {0x40, 0xD0, 0xBF, 0x07, 0x89, 0x64, 0x64, 0x0F} },
    { 2, 0xA7, 0, {0xBE, 0xD0, 0x1F, 0x7F, 0xFD, 0xF5, 0x67, 0x3E} },
    { 5, 0x3BE, 0, {0x08, 0x11, 0x07, 0x01, 0xA8, 0xC0, 0x08, 0x80} },
    { 92, 0xA7, 0, {0x36, 0xD1, 0x1F, 0x7F, 0xFD, 0xF5, 0x67, 0x3E} },
    { 2, 0xA8, 0, {0x1E, 0xD1, 0xBF, 0x07, 0x89, 0x64, 0x62, 0x0F} },
    { 98, 0x121, 0, {0x9F, 0x09, 0x00, 0x40, 0x36, 0x62, 0x7E, 0xFE} },
    { 2, 0xA7, 0, {0x42, 0xD2, 0x1F, 0x7F, 0xFD, 0xF5, 0x67, 0x3E} },
    { 3, 0xA8, 0, {0xEE, 0xD2, 0xBF, 0x07, 0x89, 0x64, 0x60, 0x0F} },
    { 90, 0xA7, 0, {0x49, 0xD3, 0x1F, 0x7F, 0xFD, 0xF1, 0x67, 0x3E} },
    { 5, 0xA8, 0, {0x5A, 0xD3, 0xBF, 0x07, 0x89, 0x64, 0x5E, 0x0F} },
    { 99, 0x121, 0, {0xFA, 0x0A, 0x00, 0x40, 0x36, 0x62, 0x7E, 0xFE} },
    { 3, 0xA8, 0, {0xEA, 0xD4, 0xBF, 0x07, 0x89, 0x64, 0x5C, 0x0F} },
    { 2, 0xA7, 0, {0x73, 0xD4, 0x1F, 0x7F, 0xFD, 0xF1, 0x67, 0x3E} },
    { 96, 0xA7, 0, {0x08, 0xD5, 0x1F, 0x7F, 0xFD, 0xF1, 0x67, 0x3E} },
    { 2, 0xA8, 0, {0xA4, 0xD5, 0xBF, 0x07, 0x89, 0x64, 0x5A, 0x0F} },
    { 98, 0x121, 0, {0x51, 0x0B, 0x00, 0x40, 0x36, 0x62, 0x7E, 0xFE} },
    { 3, 0xA7, 0, {0x9B, 0xD6, 0x1F, 0x7F, 0xFD, 0xF1, 0x67, 0x3E} },
    { 2, 0xA8, 0, {0x94, 0xD6, 0xBF, 0x07, 0x89, 0x64, 0x5A, 0x0F} },
    { 90, 0xA7, 0, {0x12, 0xD7, 0x1F, 0x7F, 0xFD, 0xF1, 0x67, 0x3E} },
    { 5, 0xA8, 0, {0x81, 0xD7, 0xBF, 0x07, 0x89, 0x64, 0x5A, 0x0F} },
    { 100, 0x121, 0, {0x94, 0x0C, 0x00, 0x40, 0x36, 0x62, 0x7E, 0xFE} },
    { 2, 0xA7, 0, {0x5F, 0xD8, 0x1F, 0x7F, 0xFD, 0xF1, 0x67, 0x3E} },
    { 2, 0xA8, 0, {0x87, 0xD8, 0xBF, 0x07, 0x89, 0x64, 0x5C, 0x0F} },
    { 22, 0x641, 0, {0xC8, 0x12, 0x21, 0x4F, 0x13, 0x0A, 0x55, 0x92} },
    { 72, 0xA7, 0, {0x8F, 0xD9, 0x1F, 0x7F, 0xFD, 0xF1, 0x67, 0x3E} },
    { 5, 0xA8, 0, {0xF5, 0xD9, 0xBF, 0x07, 0x89, 0x64, 0x5C, 0x0F} },
    { 89, 0x121, 0, {0x87, 0x0D, 0x00, 0x40, 0x36, 0x62, 0x7E, 0xFE} },
    { 3, 0x3BE, 0, {0x67, 0x12, 0x07, 0x01, 0xA8, 0xC0, 0x08, 0x80} },
    { 4, 0xA7, 0, {0x89, 0xDA, 0x1F, 0x7F, 0xFD, 0xF1, 0x67, 0x3E} },
    { 2, 0xA8, 0, {0x8E, 0xDA, 0xBF, 0x07, 0x89, 0x64, 0x5A, 0x0F} },
    { 66, 0x1B000076, 1, {0x76, 0x00, 0x04, 0x01, 0x01, 0x00, 0x00, 0x00} },
    { 28, 0xA7, 0, {0x6D, 0xDB, 0x1F, 0x7F, 0xFD, 0xF5, 0x67, 0x3E} },
    { 5, 0xA8, 0, {0x5F, 0xDB, 0xBF, 0x07, 0x89, 0x64, 0x58, 0x0F} },
    { 99, 0x121, 0, {0x14, 0x0E, 0x00, 0x40, 0x36, 0x62, 0x7E, 0xFE} },
    { 2, 0xA8, 0, {0x41, 0xDC, 0xBF, 0x07, 0x89, 0x64, 0x58, 0x0F} },
    { 2, 0xA7, 0, {0xD2, 0xDC, 0x1F, 0x7F, 0xFD, 0xF5, 0x67, 0x3E} },
    { 92, 0xA7, 0, {0x22, 0xDD, 0x1F, 0x7F, 0xFD, 0xF5, 0x67, 0x3E} },
    { 5, 0xA8, 0, {0x6A, 0xDD, 0xBF, 0x07, 0x89, 0x64, 0x5C, 0x0F} },
    { 92, 0x121, 0, {0xA2, 0x0F, 0x00, 0x40, 0x36, 0x62, 0x7E, 0xFE} },
    { 2, 0xA7, 0, {0xA9, 0xDE, 0x1F, 0x7F, 0xFD, 0xF5, 0x67, 0x3E} },
    { 5, 0xA8, 0, {0xC4, 0xDE, 0xBF, 0x07, 0x89, 0x64, 0x5E, 0x0F} },
    { 99, 0xA7, 0, {0x77, 0xDF, 0x1F, 0x7F, 0xFD, 0xF5, 0x67, 0x3E} },
    { 2, 0xA8, 0, {0x4B, 0xDF, 0xBF, 0x07, 0x89, 0x64, 0x5E, 0x0F} },
    { 98, 0x121, 0, {0x6C, 0x00, 0x00, 0x40, 0x36, 0x62, 0x7E, 0xFE} },
    { 3, 0xA7, 0, {0xBE, 0xD0, 0x1F, 0x7F, 0xFD, 0xF5, 0x67, 0x3E} },
    { 2, 0xA8, 0, {0x3F, 0xD0, 0xBF, 0x07, 0x89, 0x64, 0x5C, 0x0F} },
    { 95, 0xA7, 0, {0x36, 0xD1, 0x1F, 0x7F, 0xFD, 0xF5, 0x67, 0x3E} },
    { 2, 0xA8, 0, {0x61, 0xD1, 0xBF, 0x07, 0x89, 0x64, 0x5A, 0x0F} },
    { 93, 0x121, 0, {0x00, 0x01, 0x00, 0x40, 0x36, 0x62, 0x7E, 0xFE} },
    { 5, 0xA7, 0, {0x42, 0xD2, 0x1F, 0x7F, 0xFD, 0xF5, 0x67, 0x3E} },
    { 2, 0xA8, 0, {0x91, 0xD2, 0xBF, 0x07, 0x89, 0x64, 0x58, 0x0F} },
    { 18, 0x640, 0, {0x02, 0x81, 0x71, 0xB9, 0x76, 0x20, 0x03, 0x38} },
    { 82, 0xA7, 0, {0xC3, 0xD3, 0x1F, 0x7F, 0xFD, 0xF5, 0x67, 0x3E} },
    { 2, 0xA8, 0, {0x62, 0xD3, 0xBF, 0x07, 0x89, 0x64, 0x5A, 0x0F} },
    { 97, 0x121, 0, {0x8F, 0x02, 0x00, 0x40, 0x36, 0x62, 0x7E, 0xFE} },
    { 2, 0x3BE, 0, {0x94, 0x13, 0x07, 0x01, 0xA8, 0xC0, 0x08, 0x80} },
    { 2, 0xA7, 0, {0xF9, 0xD4, 0x1F, 0x7F, 0xFD, 0xF5, 0x67, 0x3E} },
    { 2, 0xA8, 0, {0xF6, 0xD4, 0xBF, 0x07, 0x89, 0x64, 0x5E, 0x0F} },
    { 93, 0xA7, 0, {0x82, 0xD5, 0x1F, 0x7F, 0xFD, 0xF5, 0x67, 0x3E} },
    { 3, 0xA8, 0, {0x80, 0xD5, 0xBF, 0x07, 0x89, 0x64, 0x5C, 0x0F} },
    { 92, 0x121, 0, {0x7D, 0x03, 0x00, 0x40, 0x36, 0x62, 0x7E, 0xFE} },
    { 4, 0xA7, 0, {0x11, 0xD6, 0x1F, 0x7F, 0xFD, 0xF5, 0x67, 0x3E} },
    { 3, 0xA8, 0, {0xDC, 0xD6, 0xBF, 0x07, 0x89, 0x64, 0x56, 0x0F} },
    { 94, 0xA7, 0, {0x98, 0xD7, 0x1F, 0x7F, 0xFD, 0xF5, 0x67, 0x3E} },
    { 5, 0xA8, 0, {0xF1, 0xD7, 0xBF, 0x07, 0x89, 0x64, 0x52, 0x0F} },
    { 100, 0x121, 0, {0xC0, 0x04, 0x00, 0x40, 0x36, 0x62, 0x7E, 0xFE} },
    { 2, 0xA8, 0, {0x7B, 0xD8, 0xBF, 0x07, 0x89, 0x64, 0x4E, 0x0F} },
    { 2, 0xA7, 0, {0xD5, 0xD8, 0x1F, 0x7F, 0xFD, 0xF5, 0x67, 0x3E} },
    { 95, 0xA7, 0, {0x05, 0xD9, 0x1F, 0x7F, 0xFD, 0xF5, 0x67, 0x3E} },
    { 2, 0xA8, 0, {0xBD, 0xD9, 0xBF, 0x07, 0x89, 0x64, 0x50, 0x0F} },
    { 93, 0x121, 0, {0xF7, 0x05, 0x00, 0x40, 0x36, 0x62, 0x7E, 0xFE} },
    { 5, 0xA7, 0, {0x03, 0xDA, 0x1F, 0x7F, 0xFD, 0xF5, 0x67, 0x3E} },
    { 2, 0xA8, 0, {0xDA, 0xDA, 0xBF, 0x07, 0x89, 0x64, 0x54, 0x0F} },
    { 97, 0xA7, 0, {0x6D, 0xDB, 0x1F, 0x7F, 0xFD, 0xF5, 0x67, 0x3E} },
    { 3, 0xA8, 0, {0x0B, 0xDB, 0xBF, 0x07, 0x89, 0x64, 0x56, 0x0F} },
    { 98, 0x121, 0, {0xF0, 0x06, 0x00, 0x40, 0x36, 0x62, 0x7E, 0xFE} },
    { 2, 0xA7, 0, {0xD2, 0xDC, 0x1F, 0x7F, 0xFD, 0xF5, 0x67, 0x3E} },
    { 3, 0xA8, 0, {0x09, 0xDC, 0xBF, 0x07, 0x89, 0x64, 0x54, 0x0F} },
    { 95, 0xA7, 0, {0x22, 0xDD, 0x1F, 0x7F, 0xFD, 0xF5, 0x67, 0x3E} },
    { 5, 0xA8, 0, {0x1A, 0xDD, 0xBF, 0x07, 0x89, 0x64, 0x54, 0x0F} },
    { 89, 0x121, 0, {0xA3, 0x07, 0x00, 0x40, 0x36, 0x62, 0x7E, 0xFE} },
    { 2, 0x3BE, 0, {0x63, 0x14, 0x07, 0x01, 0xA8, 0xC0, 0x08, 0x80} },
    { 5, 0xA7, 0, {0xA9, 0xDE, 0x1F, 0x7F, 0xFD, 0xF5, 0x67, 0x3E} },
    { 3, 0xA8, 0, {0xA8, 0xDE, 0xBF, 0x07, 0x89, 0x64, 0x54, 0x0F} },
    { 65, 0x1B000076, 1, {0x76, 0x00, 0x04, 0x01, 0x01, 0x00, 0x00, 0x00} },
    { 30, 0xA7, 0, {0x77, 0xDF, 0x1F, 0x7F, 0xFD, 0xF5, 0x67, 0x3E} },
    { 3, 0xA8, 0, {0x3B, 0xDF, 0xBF, 0x07, 0x89, 0x64, 0x56, 0x0F} },
    { 98, 0x121, 0, {0x60, 0x08, 0x00, 0x40, 0x36, 0x62, 0x7E, 0xFE} },
    { 3, 0xA8, 0, {0x07, 0xD0, 0xBF, 0x07, 0x89, 0x64, 0x58, 0x0F} },
    { 2, 0xA7, 0, {0xBE, 0xD0, 0x1F, 0x7F, 0xFD, 0xF5, 0x67, 0x3E} },
    { 95, 0xA7, 0, {0x36, 0xD1, 0x1F, 0x7F, 0xFD, 0xF5, 0x67, 0x3E} },
    { 2, 0xA8, 0, {0x7D, 0xD1, 0xBF, 0x07, 0x89, 0x64, 0x58, 0x0F} },
    { 92, 0x121, 0, {0x9F, 0x09, 0x00, 0x40, 0x36, 0x62, 0x7E, 0xFE} },
    { 2, 0xA7, 0, {0x42, 0xD2, 0x1F, 0x7F, 0xFD, 0xF5, 0x67, 0x3E} },
    { 5, 0xA8, 0, {0x91, 0xD2, 0xBF, 0x07, 0x89, 0x64, 0x58, 0x0F} },
    { 98, 0xA7, 0, {0xC3, 0xD3, 0x1F, 0x7F, 0xFD, 0xF5, 0x67, 0x3E} },
    { 3, 0xA8, 0, {0x2A, 0xD3, 0xBF, 0x07, 0x89, 0x64, 0x56, 0x0F} },
    { 98, 0x121, 0, {0xFA, 0x0A, 0x00, 0x40, 0x36, 0x62, 0x7E, 0xFE} },
    { 2, 0xA7, 0, {0xF9, 0xD4, 0x1F, 0x7F, 0xFD, 0xF5, 0x67, 0x3E} },
    { 3, 0xA8, 0, {0x86, 0xD4, 0xBF, 0x07, 0x89, 0x64, 0x56, 0x0F} },
    { 95, 0xA7, 0, {0x82, 0xD5, 0x1F, 0x7F, 0xFD, 0xF5, 0x67, 0x3E} },
    { 2, 0xA8, 0, {0xEC, 0xD5, 0xBF, 0x07, 0x89, 0x64, 0x56, 0x0F} },
    { 92, 0x121, 0, {0x51, 0x0B, 0x00, 0x40, 0x36, 0x62, 0x7E, 0xFE} },
    { 5, 0xA7, 0, {0x11, 0xD6, 0x1F, 0x7F, 0xFD, 0xF5, 0x67, 0x3E} },
    { 2, 0xA8, 0, {0x88, 0xD6, 0xBF, 0x07, 0x89, 0x64, 0x58, 0x0F} },
    { 98, 0xA7, 0, {0x81, 0xD7, 0x5F, 0x7F, 0xFD, 0xF5, 0x67, 0x3E} },
    { 5, 0xA8, 0, {0x81, 0xD7, 0xBF, 0x07, 0x89, 0x64, 0x5A, 0x0F} },
    { 92, 0x121, 0, {0x94, 0x0C, 0x00, 0x40, 0x36, 0x62, 0x7E, 0xFE} },
    { 5, 0x3BE, 0, {0x1C, 0x15, 0x07, 0x01, 0xA8, 0xC0, 0x08, 0x80} },
    { 2, 0xA7, 0, {0xCC, 0xD8, 0x5F, 0x7F, 0xFD, 0xF5, 0x67, 0x3E} },
    { 3, 0xA8, 0, {0xBF, 0xD8, 0xBF, 0x07, 0x89, 0x64, 0x58, 0x0F} },
    { 94, 0xA7, 0, {0x1C, 0xD9, 0x5F, 0x7F, 0xFD, 0xF5, 0x67, 0x3E} },
    { 2, 0xA8, 0, {0xCD, 0xD9, 0xBF, 0x07, 0x89, 0x64, 0x58, 0x0F} },
    { 93, 0x121, 0, {0x87, 0x0D, 0x00, 0x40, 0x36, 0x62, 0x7E, 0xFE} },
    { 5, 0xA7, 0, {0x03, 0xDA, 0x1F, 0x7F, 0xFD, 0xF5, 0x67, 0x3E} },
    { 2, 0xA8, 0, {0x8E, 0xDA, 0xBF, 0x07, 0x89, 0x64, 0x5A, 0x0F} },
    { 97, 0xA7, 0, {0xE7, 0xDB, 0x1F, 0x7F, 0xFD, 0xF1, 0x67, 0x3E} },
    { 2, 0xA8, 0, {0x7B, 0xDB, 0xBF, 0x07, 0x89, 0x64, 0x5E, 0x0F} },
    { 94, 0x121, 0, {0x14, 0x0E, 0x00, 0x40, 0x36, 0x62, 0x7E, 0xFE} },
    { 5, 0xA7, 0, {0x58, 0xDC, 0x1F, 0x7F, 0xFD, 0xF1, 0x67, 0x3E} },
    { 2, 0xA8, 0, {0x22, 0xDC, 0xBF, 0x07, 0x89, 0x64, 0x62, 0x0F} },
    { 96, 0xA7, 0, {0xA8, 0xDD, 0x1F, 0x7F, 0xFD, 0xF1, 0x67, 0x3E} },
    { 5, 0xA8, 0, {0x15, 0xDD, 0xBF, 0x07, 0x89, 0x64, 0x64, 0x0F} },
    { 96, 0x121, 0, {0xA2, 0x0F, 0x00, 0x40, 0x36, 0x62, 0x7E, 0xFE} },
    { 2, 0xA7, 0, {0x23, 0xDE, 0x1F, 0x7F, 0xFD, 0xF1, 0x67, 0x3E} },
    { 3, 0xA8, 0, {0xA7, 0xDE, 0xBF, 0x07, 0x89, 0x64, 0x64, 0x0F} },
    { 97, 0xA7, 0, {0xFD, 0xDF, 0x1F, 0x7F, 0xFD, 0xF1, 0x67, 0x3E} },
    { 3, 0xA8, 0, {0x10, 0xDF, 0xBF, 0x07, 0x89, 0x64, 0x60, 0x0F} },
    { 90, 0x121, 0, {0x6C, 0x00, 0x00, 0x40, 0x36, 0x62, 0x7E, 0xFE} },
    { 5, 0xA7, 0, {0x34, 0xD0, 0x1F, 0x7F, 0xFD, 0xF1, 0x67, 0x3E} },
    { 2, 0xA8, 0, {0x78, 0xD0, 0xBF, 0x07, 0x89, 0x64, 0x60, 0x0F} },
    { 97, 0xA7, 0, {0xBC, 0xD1, 0x1F, 0x7F, 0xFD, 0xF1, 0x67, 0x3E} },
    { 7, 0xA8, 0, {0x59, 0xD1, 0xBF, 0x07, 0x89, 0x64, 0x5E, 0x0F} },
    { 94, 0x121, 0, {0x00, 0x01, 0x00, 0x40, 0x36, 0x62, 0x7E, 0xFE} },
    { 2, 0xA7, 0, {0xC8, 0xD2, 0x1F, 0x7F, 0xFD, 0xF1, 0x67, 0x3E} },
    { 2, 0xA8, 0, {0xEE, 0xD2, 0xBF, 0x07, 0x89, 0x64, 0x60, 0x0F} },
    { 3, 0x3BE, 0, {0x01, 0x16, 0x07, 0x01, 0xA8, 0xC0, 0x08, 0x80} },
    { 69, 0x1B000076, 1, {0x76, 0x00, 0x04, 0x01, 0x01, 0x00, 0x00, 0x00} },
    { 27, 0xA7, 0, {0x49, 0xD3, 0x1F, 0x7F, 0xFD, 0xF1, 0x67, 0x3E} },
    { 2, 0xA8, 0, {0x1D, 0xD3, 0xBF, 0x07, 0x89, 0x64, 0x62, 0x0F} },
    { 90, 0x121, 0, {0x8F, 0x02, 0x00, 0x40, 0x36, 0x62, 0x7E, 0xFE} },
    { 5, 0xA7, 0, {0xF9, 0xD4, 0x1F, 0x7F, 0xFD, 0xF5, 0x67, 0x3E} },
    { 2, 0xA8, 0, {0xB1, 0xD4, 0xBF, 0x07, 0x89, 0x64, 0x62, 0x0F} },
    { 97, 0xA7, 0, {0x82, 0xD5, 0x1F, 0x7F, 0xFD, 0xF5, 0x67, 0x3E} },
    { 4, 0xA8, 0, {0xC7, 0xD5, 0xBF, 0x07, 0x89, 0x64, 0x60, 0x0F} },
    { 97, 0x121, 0, {0x7D, 0x03, 0x00, 0x40, 0x36, 0x62, 0x7E, 0xFE} },
    { 2, 0xA7, 0, {0x11, 0xD6, 0x1F, 0x7F, 0xFD, 0xF5, 0x67, 0x3E} },
    { 3, 0xA8, 0, {0xF7, 0xD6, 0xBF, 0x07, 0x89, 0x64, 0x60, 0x0F} },
    { 98, 0xA7, 0, {0x98, 0xD7, 0x1F, 0x7F, 0xFD, 0xF5, 0x67, 0x3E} },
    { 2, 0xA8, 0, {0xFE, 0xD7, 0xBF, 0x07, 0x89, 0x64, 0x62, 0x0F} },
    { 91, 0x121, 0, {0xC0, 0x04, 0x00, 0x40, 0x36, 0x62, 0x7E, 0xFE} },
    { 5, 0xA7, 0, {0xFD, 0xC8, 0x1F, 0x7F, 0xFD, 0xF1, 0x67, 0x3E} },
    { 2, 0xA8, 0, {0xF8, 0xD8, 0xBF, 0x07, 0x89, 0x64, 0x64, 0x0F} },
    { 99, 0xA7, 0, {0x2D, 0xC9, 0x1F, 0x7F, 0xFD, 0xF1, 0x67, 0x3E} },
    { 2, 0xA8, 0, {0x8A, 0xD9, 0xBF, 0x07, 0x89, 0x64, 0x64, 0x0F} },
    { 96, 0x121, 0, {0xF7, 0x05, 0x00, 0x40, 0x36, 0x62, 0x7E, 0xFE} },
    { 2, 0xA7, 0, {0xA1, 0xCA, 0x1F, 0x7F, 0xFD, 0xF5, 0x67, 0x3E} },
    { 2, 0xA8, 0, {0xED, 0xDA, 0xBF, 0x07, 0x89, 0x64, 0x60, 0x0F} },
    { 101, 0xA7, 0, {0xCF, 0xCB, 0x1F, 0x7F, 0xFD, 0xF5, 0x67, 0x3E} },
    { 2, 0xA8, 0, {0x67, 0xDB, 0xBF, 0x07, 0x89, 0x64, 0x5C, 0x0F} },
    { 88, 0x121, 0, {0xF0, 0x06, 0x00, 0x40, 0x36, 0x62, 0x7E, 0xFE} },
    { 5, 0x3BE, 0, {0x8D, 0x17, 0x07, 0x01, 0xA8, 0xC0, 0x08, 0x80} },
    { 2, 0xA7, 0, {0x70, 0xCC, 0x1F, 0x7F, 0xFD, 0xF5, 0x67, 0x3E} },
    { 2, 0xA8, 0, {0x15, 0xDC, 0xBF, 0x07, 0x89, 0x64, 0x56, 0x0F} },
    { 98, 0xA7, 0, {0x80, 0xCD, 0x1F, 0x7F, 0xFD, 0xF5, 0x67, 0x3E} },
    { 2, 0xA8, 0, {0x3E, 0xDD, 0xBF, 0x07, 0x89, 0x64, 0x52, 0x0F} },
    { 96, 0x121, 0, {0xA3, 0x07, 0x00, 0x40, 0x36, 0x62, 0x7E, 0xFE} },
    { 2, 0xA7, 0, {0x0B, 0xCE, 0x1F, 0x7F, 0xFD, 0xF5, 0x67, 0x3E} },
    { 3, 0xA8, 0, {0x8C, 0xDE, 0xBF, 0x07, 0x89, 0x64, 0x52, 0x0F} },
    { 97, 0xA7, 0, {0xD5, 0xCF, 0x1F, 0x7F, 0xFD, 0xF5, 0x67, 0x3E} },
    { 3, 0xA8, 0, {0x03, 0xDF, 0xBF, 0x07, 0x89, 0x64, 0x52, 0x0F} },
    { 90, 0x121, 0, {0x60, 0x08, 0x00, 0x40, 0x36, 0x62, 0x7E, 0xFE} },
    { 5, 0xA7, 0, {0xBE, 0xD0, 0x1F, 0x7F, 0xFD, 0xF5, 0x67, 0x3E} },
    { 2, 0xA8, 0, {0x77, 0xD0, 0xBF, 0x07, 0x89, 0x64, 0x50, 0x0F} },
    { 101, 0xA7, 0, {0x36, 0xD1, 0x1F, 0x7F, 0xFD, 0xF5, 0x67, 0x3E} },
    { 2, 0xA8, 0, {0xA5, 0xD1, 0xBF, 0x07, 0x89, 0x64, 0x4C, 0x0F} },
    { 91, 0x121, 0, {0x9F, 0x09, 0x00, 0x40, 0x36, 0x62, 0x7E, 0xFE} },
    { 5, 0xA7, 0, {0x42, 0xD2, 0x1F, 0x7F, 0xFD, 0xF5, 0x67, 0x3E} },
    { 2, 0xA8, 0, {0x6D, 0xD2, 0xBF, 0x07, 0x89, 0x64, 0x4A, 0x0F} },
    { 97, 0xA7, 0, {0xC3, 0xD3, 0x1F, 0x7F, 0xFD, 0xF5, 0x67, 0x3E} },
    { 2, 0xA8, 0, {0x82, 0xD3, 0xBF, 0x07, 0x89, 0x64, 0x4A, 0x0F} },
    { 93, 0x121, 0, {0xFA, 0x0A, 0x00, 0x40, 0x36, 0x62, 0x7E, 0xFE} },
    { 5, 0xA7, 0, {0xF9, 0xD4, 0x1F, 0x7F, 0xFD, 0xF5, 0x67, 0x3E} },
    { 2, 0xA8, 0, {0x2E, 0xD4, 0xBF, 0x07, 0x89, 0x64, 0x4A, 0x0F} },
    { 15, 0x640, 0, {0x02, 0x82, 0x71, 0xB9, 0x76, 0x20, 0x03, 0x38} },
    { 88, 0xA7, 0, {0x82, 0xD5, 0x1F, 0x7F, 0xFD, 0xF5, 0x67, 0x3E} },
    { 2, 0xA8, 0, {0x60, 0xD5, 0xBF, 0x07, 0x89, 0x64, 0x4C, 0x0F} },
    { 88, 0x121, 0, {0x51, 0x0B, 0x00, 0x40, 0x36, 0x62, 0x7E, 0xFE} },
    { 4, 0xA7, 0, {0x11, 0xD6, 0x1F, 0x7F, 0xFD, 0xF5, 0x67, 0x3E} },
    { 3, 0xA8, 0, {0x74, 0xD6, 0xBF, 0x07, 0x89, 0x64, 0x4A, 0x0F} },
    { 2, 0x3BE, 0, {0x77, 0x18, 0x07, 0x01, 0xA8, 0xC0, 0x08, 0x80} },
    { 66, 0x1B000076, 1, {0x76, 0x00, 0x04, 0x01, 0x01, 0x00, 0x00, 0x00} },
    { 30, 0xA7, 0, {0x98, 0xD7, 0x1F, 0x7F, 0xFD, 0xF5, 0x67, 0x3E} },
    { 2, 0xA8, 0, {0x61, 0xD7, 0xBF, 0x07, 0x89, 0x64, 0x4A, 0x0F} },
    { 94, 0x121, 0, {0x94, 0x0C, 0x00, 0x40, 0x36, 0x62, 0x7E, 0xFE} },
    { 7, 0xA7, 0, {0xD5, 0xD8, 0x1F, 0x7F, 0xFD, 0xF5, 0x67, 0x3E} },
    { 2, 0xA8, 0, {0x5F, 0xD8, 0xBF, 0x07, 0x89, 0x64, 0x48, 0x0F} },
    { 97, 0xA7, 0, {0x05, 0xD9, 0x1F, 0x7F, 0xFD, 0xF5, 0x67, 0x3E} },
    { 2, 0xA8, 0, {0x79, 0xD9, 0xBF, 0x07, 0x89, 0x64, 0x46, 0x0F} },
    { 91, 0x121, 0, {0x87, 0x0D, 0x00, 0x40, 0x36, 0x62, 0x7E, 0xFE} },
    { 5, 0xA7, 0, {0x03, 0xDA, 0x1F, 0x7F, 0xFD, 0xF5, 0x67, 0x3E} },
    { 2, 0xA8, 0, {0x26, 0xDA, 0xBF, 0x07, 0x89, 0x64, 0x46, 0x0F} },
    { 98, 0xA7, 0, {0x6D, 0xDB, 0x1F, 0x7F, 0xFD, 0xF5, 0x67, 0x3E} },
    { 2, 0xA8, 0, {0xEB, 0xDB, 0xBF, 0x07, 0x89, 0x64, 0x46, 0x0F} },
    { 96, 0x121, 0, {0x14, 0x0E, 0x00, 0x40, 0x36, 0x62, 0x7E, 0xFE} },
    { 3, 0xA8, 0, {0xE9, 0xDC, 0xBF, 0x07, 0x89, 0x64, 0x44, 0x0F} },
    { 2, 0xA7, 0, {0xD2, 0xDC, 0x1F, 0x7F, 0xFD, 0xF5, 0x67, 0x3E} },
    { 99, 0xA7, 0, {0x22, 0xDD, 0x1F, 0x7F, 0xFD, 0xF5, 0x67, 0x3E} },
    { 3, 0xA8, 0, {0xDE, 0xDD, 0xBF, 0x07, 0x89, 0x64, 0x42, 0x0F} },
    { 93, 0x121, 0, {0xA2, 0x0F, 0x00, 0x40, 0x36, 0x62, 0x7E, 0xFE} },
    { 3, 0xA7, 0, {0xA9, 0xDE, 0x1F, 0x7F, 0xFD, 0xF5, 0x67, 0x3E} },
    { 2, 0xA8, 0, {0xE2, 0xDE, 0xBF, 0x07, 0x89, 0x64, 0x3A, 0x0F} },
    { 97, 0xA7, 0, {0x6E, 0xDF, 0x5F, 0x7F, 0xFD, 0xF5, 0x67, 0x3E} },
    { 4, 0xA8, 0, {0x25, 0xDF, 0xBF, 0x07, 0x89, 0x64, 0x36, 0x0F} },
    { 91, 0x121, 0, {0x6C, 0x00, 0x00, 0x40, 0x36, 0x62, 0x7E, 0xFE} },
    { 5, 0x3BE, 0, {0x54, 0x19, 0x07, 0x01, 0xA8, 0xC0, 0x08, 0x80} },
    { 2, 0xA7, 0, {0xA7, 0xD0, 0x5F, 0x7F, 0xFD, 0xF5, 0x67, 0x3E} },
    { 3, 0xA8, 0, {0x51, 0xD0, 0xBF, 0x07, 0x89, 0x64, 0x34, 0x0F} },
    { 97, 0xA7, 0, {0x2F, 0xD1, 0x5F, 0x7F, 0xFD, 0xF5, 0x67, 0x3E} },
    { 2, 0xA8, 0, {0x0F, 0xD1, 0xBF, 0x07, 0x89, 0x64, 0x32, 0x0F} },
    { 94, 0x121, 0, {0x00, 0x01, 0x00, 0x40, 0x36, 0x62, 0x7E, 0xFE} },
    { 2, 0xA7, 0, {0x5B, 0xD2, 0x5F, 0x7F, 0xFD, 0xF5, 0x67, 0x3E} },
    { 3, 0xA8, 0, {0x93, 0xD2, 0xBF, 0x07, 0x89, 0x64, 0x3A, 0x0F} },
    { 96, 0xA7, 0, {0xDA, 0xD3, 0x5F, 0x7F, 0xFD, 0xF5, 0x67, 0x3E} },
    { 3, 0xA8, 0, {0x44, 0xD3, 0xBF, 0x07, 0x89, 0x64, 0x3E, 0x0F} },
    { 96, 0x121, 0, {0x8F, 0x02, 0x00, 0x40, 0x36, 0x62, 0x7E, 0xFE} },
    { 3, 0xA8, 0, {0xE8, 0xD4, 0xBF, 0x07, 0x89, 0x64, 0x3E, 0x0F} },
    { 2, 0xA7, 0, {0xE0, 0xD4, 0x5F, 0x7F, 0xFD, 0xF5, 0x67, 0x3E} },
    { 99, 0xA7, 0, {0x9B, 0xD5, 0x5F, 0x7F, 0xFD, 0xF5, 0x67, 0x3E} },
    { 2, 0xA8, 0, {0x82, 0xD5, 0xBF, 0x07, 0x89, 0x64, 0x3E, 0x0F} },
    { 94, 0x121, 0, {0x7D, 0x03, 0x00, 0x40, 0x36, 0x62, 0x7E, 0xFE} },
    { 3, 0xA7, 0, {0x08, 0xD6, 0x5F, 0x7F, 0xFD, 0xF5, 0x67, 0x3E} },
    { 2, 0xA8, 0, {0xAE, 0xD6, 0xBF, 0x07, 0x89, 0x64, 0x3C, 0x0F} },
    { 94, 0xA7, 0, {0x81, 0xD7, 0x5F, 0x7F, 0xFD, 0xF5, 0x67, 0x3E} },
    { 5, 0xA8, 0, {0xBB, 0xD7, 0xBF, 0x07, 0x89, 0x64, 0x3C, 0x0F} },
    { 93, 0x121, 0, {0xC0, 0x04, 0x00, 0x40, 0x36, 0x62, 0x7E, 0xFE} },
    { 4, 0xA7, 0, {0xCC, 0xD8, 0x5F, 0x7F, 0xFD, 0xF5, 0x67, 0x3E} },
    { 3, 0xA8, 0, {0x2F, 0xD8, 0xBF, 0x07, 0x89, 0x64, 0x40, 0x0F} },
    { 101, 0xA7, 0, {0x1C, 0xD9, 0x5F, 0x7F, 0xFD, 0xF5, 0x67, 0x3E} },
    { 2, 0xA8, 0, {0x5D, 0xD9, 0xBF, 0x07, 0x89, 0x64, 0x40, 0x0F} },
    { 93, 0x121, 0, {0xF7, 0x05, 0x00, 0x40, 0x36, 0x62, 0x7E, 0xFE} },
    { 3, 0xA7, 0, {0x1A, 0xDA, 0x5F, 0x7F, 0xFD, 0xF5, 0x67, 0x3E} },
    { 2, 0xA8, 0, {0x1E, 0xDA, 0xBF, 0x07, 0x89, 0x64, 0x42, 0x0F} },
    { 3, 0x3BE, 0, {0x9F, 0x1A, 0x07, 0x01, 0xA8, 0xC0, 0x08, 0x80} },
    { 64, 0x1B000076, 1, {0x76, 0x00, 0x04, 0x01, 0x01, 0x00, 0x00, 0x00} },
    { 27, 0xA7, 0, {0x74, 0xDB, 0x5F, 0x7F, 0xFD, 0xF5, 0x67, 0x3E} },
    { 8, 0xA8, 0, {0xD3, 0xDB, 0xBF, 0x07, 0x89, 0x64, 0x42, 0x0F} },
    { 93, 0x121, 0, {0xF0, 0x06, 0x00, 0x40, 0x36, 0x62, 0x7E, 0xFE} },
    { 2, 0xA8, 0, {0xCD, 0xDC, 0xBF, 0x07, 0x89, 0x64, 0x42, 0x0F} },
    { 3, 0xA7, 0, {0xCB, 0xDC, 0x5F, 0x7F, 0xFD, 0xF5, 0x67, 0x3E} },
    { 94, 0xA7, 0, {0x3B, 0xDD, 0x5F, 0x7F, 0xFD, 0xF5, 0x67, 0x3E} },
    { 5, 0xA8, 0, {0xFA, 0xDD, 0xBF, 0x07, 0x89, 0x64, 0x44, 0x0F} },
    { 97, 0x121, 0, {0xA3, 0x07, 0x00, 0x40, 0x36, 0x62, 0x7E, 0xFE} },
    { 2, 0xA7, 0, {0xB0, 0xDE, 0x5F, 0x7F, 0xFD, 0xF5, 0x67, 0x3E} },
    { 3, 0xA8, 0, {0x48, 0xDE, 0xBF, 0x07, 0x89, 0x64, 0x44, 0x0F} },
    { 96, 0xA7, 0, {0x6E, 0xDF, 0x5F, 0x7F, 0xFD, 0xF5, 0x67, 0x3E} },
    { 2, 0xA8, 0, {0xE3, 0xDF, 0xBF, 0x07, 0x89, 0x64, 0x42, 0x0F} },
    { 99, 0x121, 0, {0x60, 0x08, 0x00, 0x40, 0x36, 0x62, 0x7E, 0xFE} },
    { 4, 0xA8, 0, {0x97, 0xD0, 0xBF, 0x07, 0x89, 0x64, 0x40, 0x0F} },
    { 2, 0xA7, 0, {0xA7, 0xD0, 0x5F, 0x7F, 0xFD, 0xF5, 0x67, 0x3E} },
    { 90, 0xA7, 0, {0x2F, 0xD1, 0x5F, 0x7F, 0xFD, 0xF5, 0x67, 0x3E} },
    { 5, 0xA8, 0, {0x47, 0xD1, 0xBF, 0x07, 0x89, 0x64, 0x3E, 0x0F} },
    { 98, 0x121, 0, {0x9F, 0x09, 0x00, 0x40, 0x36, 0x62, 0x7E, 0xFE} },
    { 2, 0xA7, 0, {0x5B, 0xD2, 0x5F, 0x7F, 0xFD, 0xF5, 0x67, 0x3E} },
    { 2, 0xA8, 0, {0xAB, 0xD2, 0xBF, 0x07, 0x89, 0x64, 0x3E, 0x0F} },
    { 98, 0xA7, 0, {0xDA, 0xD3, 0x5F, 0x7F, 0xFD, 0xF5, 0x67, 0x3E} },
    { 2, 0xA8, 0, {0x44, 0xD3, 0xBF, 0x07, 0x89, 0x64, 0x3E, 0x0F} },
    { 96, 0x121, 0, {0xFA, 0x0A, 0x00, 0x40, 0x36, 0x62, 0x7E, 0xFE} },
    { 3, 0x3BE, 0, {0xE9, 0x1B, 0x07, 0x01, 0xA8, 0xC0, 0x08, 0x80} },
    { 2, 0xA7, 0, {0xE0, 0xD4, 0x5F, 0x7F, 0xFD, 0xF5, 0x67, 0x3E} },
    { 2, 0xA8, 0, {0xE8, 0xD4, 0xBF, 0x07, 0x89, 0x64, 0x3E, 0x0F} },
    { 90, 0xA7, 0, {0x9B, 0xD5, 0x5F, 0x7F, 0xFD, 0xF5, 0x67, 0x3E} },
    { 7, 0xA8, 0, {0x9E, 0xD5, 0xBF, 0x07, 0x89, 0x64, 0x3C, 0x0F} },
    { 95, 0x121, 0, {0x51, 0x0B, 0x00, 0x40, 0x36, 0x62, 0x7E, 0xFE} },
    { 2, 0xA8, 0, {0x96, 0xD6, 0xBF, 0x07, 0x89, 0x64, 0x38, 0x0F} },
    { 3, 0xA7, 0, {0x08, 0xD6, 0x5F, 0x7F, 0xFD, 0xF5, 0x67, 0x3E} },
    { 95, 0xA7, 0, {0x81, 0xD7, 0x5F, 0x7F, 0xFD, 0xF5, 0x67, 0x3E} },
    { 2, 0xA8, 0, {0x9F, 0xD7, 0xBF, 0x07, 0x89, 0x64, 0x3A, 0x0F} },
    { 99, 0x121, 0, {0x94, 0x0C, 0x00, 0x40, 0x36, 0x62, 0x7E, 0xFE} },
    { 6, 0xA7, 0, {0xCC, 0xD8, 0x5F, 0x7F, 0xFD, 0xF5, 0x67, 0x3E} },
    { 2, 0xA8, 0, {0x99, 0xD8, 0xBF, 0x07, 0x89, 0x64, 0x3C, 0x0F} },
    { 91, 0xA7, 0, {0x1C, 0xD9, 0x5F, 0x7F, 0xFD, 0xF5, 0x67, 0x3E} },
    { 2, 0xA8, 0, {0xF7, 0xD9, 0xBF, 0x07, 0x89, 0x64, 0x3E, 0x0F} },
    { 99, 0x121, 0, {0x87, 0x0D, 0x00, 0x40, 0x36, 0x62, 0x7E, 0xFE} },
    { 5, 0xA7, 0, {0x1A, 0xDA, 0x5F, 0x7F, 0xFD, 0xF5, 0x67, 0x3E} },
    { 2, 0xA8, 0, {0x1E, 0xDA, 0xBF, 0x07, 0x89, 0x64, 0x42, 0x0F} },
    { 89, 0xA7, 0, {0x74, 0xDB, 0x5F, 0x7F, 0xFD, 0xF5, 0x67, 0x3E} },
    { 5, 0xA8, 0, {0xBF, 0xDB, 0xBF, 0x07, 0x89, 0x64, 0x48, 0x0F} },
    { 96, 0x121, 0, {0x14, 0x0E, 0x00, 0x40, 0x36, 0x62, 0x7E, 0xFE} },
    { 7, 0xA8, 0, {0xBD, 0xDC, 0xBF, 0x07, 0x89, 0x64, 0x4A, 0x0F} },
    { 2, 0xA7, 0, {0xCB, 0xDC, 0x5F, 0x7F, 0xFD, 0xF5, 0x67, 0x3E} },
    { 23, 0x641, 0, {0xAC, 0x13, 0x21, 0x4F, 0x13, 0x0A, 0x55, 0x92} },
    { 67, 0xA7, 0, {0x3B, 0xDD, 0x5F, 0x7F, 0xFD, 0xF5, 0x67, 0x3E} },
    { 8, 0xA8, 0, {0x8A, 0xDD, 0xBF, 0x07, 0x89, 0x64, 0x4C, 0x0F} },
    { 95, 0x121, 0, {0xA2, 0x0F, 0x00, 0x40, 0x36, 0x62, 0x7E, 0xFE} },
    { 2, 0xA8, 0, {0x24, 0xDE, 0xBF, 0x07, 0x89, 0x64, 0x4E, 0x0F} },
    { 3, 0xA7, 0, {0xB0, 0xDE, 0x5F, 0x7F, 0xFD, 0xF5, 0x67, 0x3E} },
    { 5, 0x3BE, 0, {0x6C, 0x1C, 0x07, 0x01, 0xA8, 0xC0, 0x08, 0x80} },
    { 61, 0x1B000076, 1, {0x76, 0x00, 0x04, 0x01, 0x01, 0x00, 0x00, 0x00} },
    { 26, 0xA7, 0, {0x6E, 0xDF, 0x5F, 0x7F, 0xFD, 0xF5, 0x67, 0x3E} },
    { 7, 0xA8, 0, {0x27, 0xDF, 0xBF, 0x07, 0x89, 0x64, 0x54, 0x0F} },
    { 95, 0x121, 0, {0x6C, 0x00, 0x00, 0x40, 0x36, 0x62, 0x7E, 0xFE} },
    { 3, 0xA8, 0, {0x07, 0xD0, 0xBF, 0x07, 0x89, 0x64, 0x58, 0x0F} },
    { 2, 0xA7, 0, {0xA7, 0xD0, 0x5F, 0x7F, 0xFD, 0xF5, 0x67, 0x3E} },
    { 93, 0xA7, 0, {0x2F, 0xD1, 0x5F, 0x7F, 0xFD, 0xF5, 0x67, 0x3E} },
    { 5, 0xA8, 0, {0x45, 0xD1, 0xBF, 0x07, 0x89, 0x64, 0x5C, 0x0F} },
    { 98, 0x121, 0, {0x00, 0x01, 0x00, 0x40, 0x36, 0x62, 0x7E, 0xFE} },
    { 2, 0xA7, 0, {0x5B, 0xD2, 0x5F, 0x7F, 0xFD, 0xF5, 0x67, 0x3E} },
    { 2, 0xA8, 0, {0xA9, 0xD2, 0xBF, 0x07, 0x89, 0x64, 0x5C, 0x0F} },
    { 93, 0xA7, 0, {0xDA, 0xD3, 0x5F, 0x7F, 0xFD, 0xF5, 0x67, 0x3E} },
    { 5, 0xA8, 0, {0x46, 0xD3, 0xBF, 0x07, 0x89, 0x64, 0x5C, 0x0F} },
    { 97, 0x121, 0, {0x8F, 0x02, 0x00, 0x40, 0x36, 0x62, 0x7E, 0xFE} },
    { 2, 0xA8, 0, {0xEA, 0xD4, 0xBF, 0x07, 0x89, 0x64, 0x5C, 0x0F} },
    { 3, 0xA7, 0, {0xF9, 0xD4, 0x1F, 0x7F, 0xFD, 0xF5, 0x67, 0x3E} },
    { 96, 0xA7, 0, {0x08, 0xD5, 0x1F, 0x7F, 0xFD, 0xF1, 0x67, 0x3E} },
    { 2, 0xA8, 0, {0xC7, 0xD5, 0xBF, 0x07, 0x89, 0x64, 0x60, 0x0F} },
    { 97, 0x121, 0, {0x7D, 0x03, 0x00, 0x40, 0x36, 0x62, 0x7E, 0xFE} },
    { 3, 0xA7, 0, {0x9B, 0xD6, 0x1F, 0x7F, 0xFD, 0xF1, 0x67, 0x3E} },
    { 2, 0xA8, 0, {0xD3, 0xD6, 0xBF, 0x07, 0x89, 0x64, 0x66, 0x0F} },
    { 18, 0x640, 0, {0x02, 0x82, 0x71, 0xB9, 0x76, 0x20, 0x03, 0x38} },
    { 75, 0xA7, 0, {0x12, 0xD7, 0x1F, 0x7F, 0xFD, 0xF1, 0x67, 0x3E} },
    { 7, 0xA8, 0, {0xC6, 0xD7, 0xBF, 0x07, 0x89, 0x64, 0x66, 0x0F} },
    { 95, 0x121, 0, {0xC0, 0x04, 0x00, 0x40, 0x36, 0x62, 0x7E, 0xFE} },
    { 2, 0x3BE, 0, {0xD7, 0x1D, 0x07, 0x01, 0xA8, 0xC0, 0x08, 0x80} },
    { 3, 0xA7, 0, {0x5F, 0xD8, 0x1F, 0x7F, 0xFD, 0xF1, 0x67, 0x3E} },
    { 2, 0xA8, 0, {0xE4, 0xD8, 0xBF, 0x07, 0x89, 0x64, 0x66, 0x0F} },
    { 93, 0xA7, 0, {0x8F, 0xD9, 0x1F, 0x7F, 0xFD, 0xF1, 0x67, 0x3E} },
    { 3, 0xA8, 0, {0xAE, 0xD9, 0xBF, 0x07, 0x89, 0x64, 0x62, 0x0F} },
    { 98, 0x121, 0, {0xF7, 0x05, 0x00, 0x40, 0x36, 0x62, 0x7E, 0xFE} },
    { 2, 0xA7, 0, {0x89, 0xDA, 0x1F, 0x7F, 0xFD, 0xF1, 0x67, 0x3E} },
    { 2, 0xA8, 0, {0xED, 0xDA, 0xBF, 0x07, 0x89, 0x64, 0x60, 0x0F} },
    { 93, 0xA7, 0, {0x6D, 0xDB, 0x1F, 0x7F, 0xFD, 0xF5, 0x67, 0x3E} },
    { 5, 0xA8, 0, {0x7B, 0xDB, 0xBF, 0x07, 0x89, 0x64, 0x5E, 0x0F} },
    { 96, 0x121, 0, {0xF0, 0x06, 0x00, 0x40, 0x36, 0x62, 0x7E, 0xFE} },
    { 3, 0xA7, 0, {0x58, 0xDC, 0x1F, 0x7F, 0xFD, 0xF1, 0x67, 0x3E} },
    { 2, 0xA8, 0, {0x65, 0xDC, 0xBF, 0x07, 0x89, 0x64, 0x5E, 0x0F} },
    { 96, 0xA7, 0, {0xA8, 0xDD, 0x1F, 0x7F, 0xFD, 0xF1, 0x67, 0x3E} },
    { 3, 0xA8, 0, {0x76, 0xDD, 0xBF, 0x07, 0x89, 0x64, 0x5E, 0x0F} },
    { 99, 0x121, 0, {0xA3, 0x07, 0x00, 0x40, 0x36, 0x62, 0x7E, 0xFE} },
    { 2, 0xA7, 0, {0x23, 0xDE, 0x1F, 0x7F, 0xFD, 0xF1, 0x67, 0x3E} },
    { 3, 0xA8, 0, {0xFC, 0xDE, 0xBF, 0x07, 0x89, 0x64, 0x5A, 0x0F} },
    { 91, 0xA7, 0, {0xFD, 0xDF, 0x1F, 0x7F, 0xFD, 0xF1, 0x67, 0x3E} },
    { 4, 0xA8, 0, {0x73, 0xDF, 0xBF, 0x07, 0x89, 0x64, 0x5A, 0x0F} },
    { 97, 0x121, 0, {0x60, 0x08, 0x00, 0x40, 0x36, 0x62, 0x7E, 0xFE} },
    { 2, 0xA7, 0, {0x34, 0xD0, 0x1F, 0x7F, 0xFD, 0xF1, 0x67, 0x3E} },
    { 3, 0xA8, 0, {0x1B, 0xD0, 0xBF, 0x07, 0x89, 0x64, 0x5A, 0x0F} },
    { 98, 0xA7, 0, {0xBC, 0xD1, 0x1F, 0x7F, 0xFD, 0xF1, 0x67, 0x3E} },
    { 3, 0xA8, 0, {0x61, 0xD1, 0xBF, 0x07, 0x89, 0x64, 0x5A, 0x0F} },
    { 95, 0x121, 0, {0x9F, 0x09, 0x00, 0x40, 0x36, 0x62, 0x7E, 0xFE} },
    { 3, 0x3BE, 0, {0xC8, 0x1E, 0x07, 0x01, 0xA8, 0xC0, 0x08, 0x80} },
    { 2, 0xA7, 0, {0xC8, 0xD2, 0x1F, 0x7F, 0xFD, 0xF1, 0x67, 0x3E} },
    { 2, 0xA8, 0, {0x8D, 0xD2, 0xBF, 0x07, 0x89, 0x64, 0x5A, 0x0F} },
    { 65, 0x1B000076, 1, {0x76, 0x00, 0x04, 0x01, 0x01, 0x00, 0x00, 0x00} },
    { 28, 0xA7, 0, {0x49, 0xD3, 0x1F, 0x7F, 0xFD, 0xF1, 0x67, 0x3E} },
    { 2, 0xA8, 0, {0x62, 0xD3, 0xBF, 0x07, 0x89, 0x64, 0x5A, 0x0F} },
    { 98, 0x121, 0, {0xFA, 0x0A, 0x00, 0x40, 0x36, 0x62, 0x7E, 0xFE} },
    { 5, 0xA7, 0, {0x73, 0xD4, 0x1F, 0x7F, 0xFD, 0xF1, 0x67, 0x3E} },
    { 2, 0xA8, 0, {0x86, 0xD4, 0xBF, 0x07, 0x89, 0x64, 0x56, 0x0F} },
    { 93, 0xA7, 0, {0x82, 0xD5, 0x1F, 0x7F, 0xFD, 0xF5, 0x67, 0x3E} },
    { 2, 0xA8, 0, {0xF0, 0xD5, 0xBF, 0x07, 0x89, 0x64, 0x54, 0x0F} },
    { 98, 0x121, 0, {0x51, 0x0B, 0x00, 0x40, 0x36, 0x62, 0x7E, 0xFE} },
    { 3, 0xA7, 0, {0x11, 0xD6, 0x1F, 0x7F, 0xFD, 0xF5, 0x67, 0x3E} },
    { 2, 0xA8, 0, {0xE4, 0xD6, 0xBF, 0x07, 0x89, 0x64, 0x52, 0x0F} },
    { 95, 0xA7, 0, {0x98, 0xD7, 0x1F, 0x7F, 0xFD, 0xF5, 0x67, 0x3E} },
    { 2, 0xA8, 0, {0x59, 0xD7, 0xBF, 0x07, 0x89, 0x64, 0x4E, 0x0F} },
    { 98, 0x121, 0, {0x94, 0x0C, 0x00, 0x40, 0x36, 0x62, 0x7E, 0xFE} },
    { 2, 0xA7, 0, {0xD5, 0xD8, 0x1F, 0x7F, 0xFD, 0xF5, 0x67, 0x3E} },
    { 2, 0xA8, 0, {0x67, 0xD8, 0xBF, 0x07, 0x89, 0x64, 0x4C, 0x0F} },
    { 96, 0xA7, 0, {0x05, 0xD9, 0x1F, 0x7F, 0xFD, 0xF5, 0x67, 0x3E} },
    { 2, 0xA8, 0, {0x31, 0xD9, 0xBF, 0x07, 0x89, 0x64, 0x4A, 0x0F} },
    { 98, 0x121, 0, {0x87, 0x0D, 0x00, 0x40, 0x36, 0x62, 0x7E, 0xFE} },
    { 2, 0xA7, 0, {0x03, 0xDA, 0x1F, 0x7F, 0xFD, 0xF5, 0x67, 0x3E} },
    { 2, 0xA8, 0, {0x72, 0xDA, 0xBF, 0x07, 0x89, 0x64, 0x48, 0x0F} },
    { 96, 0xA7, 0, {0x6D, 0xDB, 0x1F, 0x7F, 0xFD, 0xF5, 0x67, 0x3E} },
    { 2, 0xA8, 0, {0xD3, 0xDB, 0xBF, 0x07, 0x89, 0x64, 0x42, 0x0F} },
    { 97, 0x121, 0, {0x14, 0x0E, 0x00, 0x40, 0x36, 0x62, 0x7E, 0xFE} },
    { 3, 0x3BE, 0, {0xC5, 0x1F, 0x07, 0x01, 0xA8, 0xC0, 0x08, 0x80} },
    { 2, 0xA7, 0, {0xD2, 0xDC, 0x1F, 0x7F, 0xFD, 0xF5, 0x67, 0x3E} },
    { 2, 0xA8, 0, {0xCD, 0xDC, 0xBF, 0x07, 0x89, 0x64, 0x42, 0x0F} },
    { 94, 0xA7, 0, {0x22, 0xDD, 0x1F, 0x7F, 0xFD, 0xF5, 0x67, 0x3E} },
    { 3, 0xA8, 0, {0xC2, 0xDD, 0xBF, 0x07, 0x89, 0x64, 0x40, 0x0F} },
    { 97, 0x121, 0, {0xA2, 0x0F, 0x00, 0x40, 0x36, 0x62, 0x7E, 0xFE} },
    { 4, 0xA7, 0, {0xA9, 0xDE, 0x1F, 0x7F, 0xFD, 0xF5, 0x67, 0x3E} },
    { 3, 0xA8, 0, {0x70, 0xDE, 0xBF, 0x07, 0x89, 0x64, 0x40, 0x0F} },
    { 94, 0xA7, 0, {0x77, 0xDF, 0x1F, 0x7F, 0xFD, 0xF5, 0x67, 0x3E} },
    { 2, 0xA8, 0, {0xC7, 0xDF, 0xBF, 0x07, 0x89, 0x64, 0x44, 0x0F} },
    { 97, 0x121, 0, {0x6C, 0x00, 0x00, 0x40, 0x36, 0x62, 0x7E, 0xFE} },
    { 4, 0xA7, 0, {0xA7, 0xD0, 0x5F, 0x7F, 0xFD, 0xF5, 0x67, 0x3E} },
    { 3, 0xA8, 0, {0xE7, 0xD0, 0xBF, 0x07, 0x89, 0x64, 0x48, 0x0F} },
    { 98, 0xA7, 0, {0x2F, 0xD1, 0x5F, 0x7F, 0xFD, 0xF5, 0x67, 0x3E} },
    { 3, 0xA8, 0, {0xC9, 0xD1, 0xBF, 0x07, 0x89, 0x64, 0x46, 0x0F} },
    { 91, 0x121, 0, {0x00, 0x01, 0x00, 0x40, 0x36, 0x62, 0x7E, 0xFE} },
    { 3, 0xA7, 0, {0x5B, 0xD2, 0x5F, 0x7F, 0xFD, 0xF5, 0x67, 0x3E} },
    { 2, 0xA8, 0, {0x71, 0xD2, 0xBF, 0x07, 0x89, 0x64, 0x48, 0x0F} },
    { 98, 0xA7, 0, {0xDA, 0xD3, 0x5F, 0x7F, 0xFD, 0xF5, 0x67, 0x3E} },
    { 2, 0xA8, 0, {0xCA, 0xD3, 0xBF, 0x07, 0x89, 0x64, 0x46, 0x0F} },
    { 95, 0x121, 0, {0x8F, 0x02, 0x00, 0x40, 0x36, 0x62, 0x7E, 0xFE} },
    { 3, 0xA8, 0, {0x66, 0xD4, 0xBF, 0x07, 0x89, 0x64, 0x46, 0x0F} },
    { 2, 0xA7, 0, {0xF9, 0xD4, 0x1F, 0x7F, 0xFD, 0xF5, 0x67, 0x3E} },
    { 103, 0xA7, 0, {0x82, 0xD5, 0x1F, 0x7F, 0xFD, 0xF5, 0x67, 0x3E} },
    { 3, 0xA8, 0, {0x58, 0xD5, 0xBF, 0x07, 0x89, 0x64, 0x48, 0x0F} },
    { 87, 0x121, 0, {0x7D, 0x03, 0x00, 0x40, 0x36, 0x62, 0x7E, 0xFE} },
    { 3, 0xA7, 0, {0x11, 0xD6, 0x1F, 0x7F, 0xFD, 0xF5, 0x67, 0x3E} },
    { 2, 0xA8, 0, {0x68, 0xD6, 0xBF, 0x07, 0x89, 0x64, 0x48, 0x0F} },
    { 2, 0x3BE, 0, {0x7C, 0x10, 0x07, 0x01, 0xA8, 0xC0, 0x08, 0x80} },
    { 66, 0x1B000076, 1, {0x76, 0x00, 0x04, 0x01, 0x01, 0x00, 0x00, 0x00} },
    { 30, 0xA7, 0, {0x98, 0xD7, 0x1F, 0x7F, 0xFD, 0xF5, 0x67, 0x3E} },
    { 2, 0xA8, 0, {0x7D, 0xD7, 0xBF, 0x07, 0x89, 0x64, 0x48, 0x0F} },
    { 97, 0x121, 0, {0xC0, 0x04, 0x00, 0x40, 0x36, 0x62, 0x7E, 0xFE} },
    { 2, 0xA7, 0, {0xD5, 0xD8, 0x1F, 0x7F, 0xFD, 0xF5, 0x67, 0x3E} },
    { 2, 0xA8, 0, {0x43, 0xD8, 0xBF, 0x07, 0x89, 0x64, 0x4A, 0x0F} },
    { 100, 0xA7, 0, {0x05, 0xD9, 0x1F, 0x7F, 0xFD, 0xF5, 0x67, 0x3E} },
    { 2, 0xA8, 0, {0x15, 0xD9, 0xBF, 0x07, 0x89, 0x64, 0x4C, 0x0F} },
    { 89, 0x121, 0, {0xF7, 0x05, 0x00, 0x40, 0x36, 0x62, 0x7E, 0xFE} },
    { 5, 0xA7, 0, {0x03, 0xDA, 0x1F, 0x7F, 0xFD, 0xF5, 0x67, 0x3E} },
    { 2, 0xA8, 0, {0xFE, 0xDA, 0xBF, 0x07, 0x89, 0x64, 0x52, 0x0F} },
    { 102, 0xA7, 0, {0x6D, 0xDB, 0x1F, 0x7F, 0xFD, 0xF5, 0x67, 0x3E} },
    { 3, 0xA8, 0, {0x17, 0xDB, 0xBF, 0x07, 0x89, 0x64, 0x54, 0x0F} },
    { 92, 0x121, 0, {0xF0, 0x06, 0x00, 0x40, 0x36, 0x62, 0x7E, 0xFE} },
    { 2, 0xA8, 0, {0x31, 0xDC, 0xBF, 0x07, 0x89, 0x64, 0x50, 0x0F} },
    { 2, 0xA7, 0, {0xD2, 0xDC, 0x1F, 0x7F, 0xFD, 0xF5, 0x67, 0x3E} },
    { 101, 0xA7, 0, {0x3B, 0xDD, 0x5F, 0x7F, 0xFD, 0xF5, 0x67, 0x3E} },
    { 2, 0xA8, 0, {0x96, 0xDD, 0xBF, 0x07, 0x89, 0x64, 0x4E, 0x0F} },
    { 92, 0x121, 0, {0xA3, 0x07, 0x00, 0x40, 0x36, 0x62, 0x7E, 0xFE} },
    { 3, 0xA7, 0, {0xB0, 0xDE, 0x5F, 0x7F, 0xFD, 0xF5, 0x67, 0x3E} },
    { 2, 0xA8, 0, {0x38, 0xDE, 0xBF, 0x07, 0x89, 0x64, 0x4C, 0x0F} },
    { 102, 0xA7, 0, {0x6E, 0xDF, 0x5F, 0x7F, 0xFD, 0xF5, 0x67, 0x3E} },
    { 2, 0xA8, 0, {0x93, 0xDF, 0xBF, 0x07, 0x89, 0x64, 0x4A, 0x0F} },
    { 91, 0x121, 0, {0x60, 0x08, 0x00, 0x40, 0x36, 0x62, 0x7E, 0xFE} },
    { 2, 0x3BE, 0, {0x08, 0x11, 0x07, 0x01, 0xA8, 0xC0, 0x08, 0x80} },
    { 3, 0xA7, 0, {0xA7, 0xD0, 0x5F, 0x7F, 0xFD, 0xF5, 0x67, 0x3E} },
    { 2, 0xA8, 0, {0xB3, 0xD0, 0xBF, 0x07, 0x89, 0x64, 0x46, 0x0F} },
    { 92, 0xA7, 0, {0x36, 0xD1, 0x1F, 0x7F, 0xFD, 0xF5, 0x67, 0x3E} },
    { 8, 0xA8, 0, {0xF1, 0xD1, 0xBF, 0x07, 0x89, 0x64, 0x42, 0x0F} },
    { 93, 0x121, 0, {0x9F, 0x09, 0x00, 0x40, 0x36, 0x62, 0x7E, 0xFE} },
    { 3, 0xA7, 0, {0x42, 0xD2, 0x1F, 0x7F, 0xFD, 0xF5, 0x67, 0x3E} },
    { 2, 0xA8, 0, {0xB7, 0xD2, 0xBF, 0x07, 0x89, 0x64, 0x3C, 0x0F} },
    { 98, 0xA7, 0, {0xC3, 0xD3, 0x1F, 0x7F, 0xFD, 0xF5, 0x67, 0x3E} },
    { 3, 0xA8, 0, {0x34, 0xD3, 0xBF, 0x07, 0x89, 0x64, 0x36, 0x0F} },
    { 94, 0x121, 0, {0xFA, 0x0A, 0x00, 0x40, 0x36, 0x62, 0x7E, 0xFE} },
    { 2, 0xA7, 0, {0xF9, 0xD4, 0x1F, 0x7F, 0xFD, 0xF5, 0x67, 0x3E} },
    { 3, 0xA8, 0, {0xD0, 0xD4, 0xBF, 0x07, 0x89, 0x64, 0x3A, 0x0F} },
    { 94, 0xA7, 0, {0x82, 0xD5, 0x1F, 0x7F, 0xFD, 0xF5, 0x67, 0x3E} },
    { 5, 0xA8, 0, {0xBA, 0xD5, 0xBF, 0x07, 0x89, 0x64, 0x3A, 0x0F} },
    { 96, 0x121, 0, {0x51, 0x0B, 0x00, 0x40, 0x36, 0x62, 0x7E, 0xFE} },
    { 3, 0xA7, 0, {0x11, 0xD6, 0x1F, 0x7F, 0xFD, 0xF5, 0x67, 0x3E} },
    { 2, 0xA8, 0, {0xAE, 0xD6, 0xBF, 0x07, 0x89, 0x64, 0x3C, 0x0F} },
    { 98, 0xA7, 0, {0x98, 0xD7, 0x1F, 0x7F, 0xFD, 0xF5, 0x67, 0x3E} },
    { 3, 0xA8, 0, {0x0D, 0xD7, 0xBF, 0x07, 0x89, 0x64, 0x40, 0x0F} },
    { 94, 0x121, 0, {0x94, 0x0C, 0x00, 0x40, 0x36, 0x62, 0x7E, 0xFE} },
    { 3, 0xA7, 0, {0xD5, 0xD8, 0x1F, 0x7F, 0xFD, 0xF5, 0x67, 0x3E} },
    { 2, 0xA8, 0, {0x85, 0xD8, 0xBF, 0x07, 0x89, 0x64, 0x3E, 0x0F} },
    { 18, 0x640, 0, {0x02, 0x82, 0x71, 0xB9, 0x76, 0x20, 0x03, 0x38} },
    { 76, 0xA7, 0, {0x1C, 0xD9, 0x5F, 0x7F, 0xFD, 0xF5, 0x67, 0x3E} },
    { 7, 0xA8, 0, {0xCF, 0xD9, 0xBF, 0x07, 0x89, 0x64, 0x3A, 0x0F} },
    { 94, 0x121, 0, {0x87, 0x0D, 0x00, 0x40, 0x36, 0x62, 0x7E, 0xFE} },
    { 2, 0xA7, 0, {0x1A, 0xDA, 0x5F, 0x7F, 0xFD, 0xF5, 0x67, 0x3E} },
    { 2, 0xA8, 0, {0x8C, 0xDA, 0xBF, 0x07, 0x89, 0x64, 0x38, 0x0F} },
    { 3, 0x3BE, 0, {0x67, 0x12, 0x07, 0x01, 0xA8, 0xC0, 0x08, 0x80} },
    { 67, 0x1B000076, 1, {0x76, 0x00, 0x04, 0x01, 0x01, 0x00, 0x00, 0x00} },
    { 30, 0xA7, 0, {0x74, 0xDB, 0x5F, 0x7F, 0xFD, 0xF5, 0x67, 0x3E} },
    { 2, 0xA8, 0, {0x5D, 0xDB, 0xBF, 0x07, 0x89, 0x64, 0x3A, 0x0F} },
    { 94, 0x121, 0, {0x14, 0x0E, 0x00, 0x40, 0x36, 0x62, 0x7E, 0xFE} },
    { 2, 0xA7, 0, {0xCB, 0xDC, 0x5F, 0x7F, 0xFD, 0xF5, 0x67, 0x3E} },
    { 3, 0xA8, 0, {0x43, 0xDC, 0xBF, 0x07, 0x89, 0x64, 0x3A, 0x0F} },
    { 94, 0xA7, 0, {0x3B, 0xDD, 0x5F, 0x7F, 0xFD, 0xF5, 0x67, 0x3E} },
    { 4, 0xA8, 0, {0x50, 0xDD, 0xBF, 0x07, 0x89, 0x64, 0x3A, 0x0F} },
    { 97, 0x121, 0, {0xA2, 0x0F, 0x00, 0x40, 0x36, 0x62, 0x7E, 0xFE} },
    { 2, 0xA7, 0, {0xB0, 0xDE, 0x5F, 0x7F, 0xFD, 0xF5, 0x67, 0x3E} },
    { 3, 0xA8, 0, {0xC6, 0xDE, 0xBF, 0x07, 0x89, 0x64, 0x3C, 0x0F} },
    { 99, 0xA7, 0, {0x6E, 0xDF, 0x5F, 0x7F, 0xFD, 0xF5, 0x67, 0x3E} },
    { 2, 0xA8, 0, {0x6D, 0xDF, 0xBF, 0x07, 0x89, 0x64, 0x3A, 0x0F} },
    { 94, 0x121, 0, {0x6C, 0x00, 0x00, 0x40, 0x36, 0x62, 0x7E, 0xFE} },
    { 3, 0xA7, 0, {0xA7, 0xD0, 0x5F, 0x7F, 0xFD, 0xF5, 0x67, 0x3E} },
    { 2, 0xA8, 0, {0x05, 0xD0, 0xBF, 0x07, 0x89, 0x64, 0x3A, 0x0F} },
    { 96, 0xA7, 0, {0x2F, 0xD1, 0x5F, 0x7F, 0xFD, 0xF5, 0x67, 0x3E} },
    { 3, 0xA8, 0, {0x7F, 0xD1, 0xBF, 0x07, 0x89, 0x64, 0x3A, 0x0F} },
    { 96, 0x121, 0, {0x00, 0x01, 0x00, 0x40, 0x36, 0x62, 0x7E, 0xFE} },
    { 3, 0xA7, 0, {0x5B, 0xD2, 0x5F, 0x7F, 0xFD, 0xF5, 0x67, 0x3E} },
    { 2, 0xA8, 0, {0xB7, 0xD2, 0xBF, 0x07, 0x89, 0x64, 0x3C, 0x0F} },
    { 100, 0xA7, 0, {0xDA, 0xD3, 0x5F, 0x7F, 0xFD, 0xF5, 0x67, 0x3E} },
    { 2, 0xA8, 0, {0xEE, 0xD3, 0xBF, 0x07, 0x89, 0x64, 0x40, 0x0F} },
    { 93, 0x121, 0, {0x8F, 0x02, 0x00, 0x40, 0x36, 0x62, 0x7E, 0xFE} },
    { 2, 0x3BE, 0, {0x94, 0x13, 0x07, 0x01, 0xA8, 0xC0, 0x08, 0x80} },
    { 3, 0xA7, 0, {0xE0, 0xD4, 0x5F, 0x7F, 0xFD, 0xF5, 0x67, 0x3E} },
    { 2, 0xA8, 0, {0x7A, 0xD4, 0xBF, 0x07, 0x89, 0x64, 0x44, 0x0F} },
    { 94, 0xA7, 0, {0x9B, 0xD5, 0x5F, 0x7F, 0xFD, 0xF5, 0x67, 0x3E} },
    { 2, 0xA8, 0, {0x10, 0xD5, 0xBF, 0x07, 0x89, 0x64, 0x44, 0x0F} },
    { 97, 0x121, 0, {0x7D, 0x03, 0x00, 0x40, 0x36, 0x62, 0x7E, 0xFE} },
    { 2, 0xA7, 0, {0x08, 0xD6, 0x5F, 0x7F, 0xFD, 0xF5, 0x67, 0x3E} },
    { 3, 0xA8, 0, {0x20, 0xD6, 0xBF, 0x07, 0x89, 0x64, 0x44, 0x0F} },
    { 96, 0xA7, 0, {0x81, 0xD7, 0x5F, 0x7F, 0xFD, 0xF5, 0x67, 0x3E} },
    { 3, 0xA8, 0, {0x29, 0xD7, 0xBF, 0x07, 0x89, 0x64, 0x46, 0x0F} },
    { 96, 0x121, 0, {0xC0, 0x04, 0x00, 0x40, 0x36, 0x62, 0x7E, 0xFE} },
    { 3, 0xA7, 0, {0xCC, 0xD8, 0x5F, 0x7F, 0xFD, 0xF5, 0x67, 0x3E} },
    { 2, 0xA8, 0, {0x17, 0xD8, 0xBF, 0x07, 0x89, 0x64, 0x44, 0x0F} },
    { 98, 0xA7, 0, {0x05, 0xD9, 0x1F, 0x7F, 0xFD, 0xF5, 0x67, 0x3E} },
    { 2, 0xA8, 0, {0x5D, 0xD9, 0xBF, 0x07, 0x89, 0x64, 0x40, 0x0F} },
    { 99, 0x121, 0, {0xF7, 0x05, 0x00, 0x40, 0x36, 0x62, 0x7E, 0xFE} },
    { 2, 0xA7, 0, {0x03, 0xDA, 0x1F, 0x7F, 0xFD, 0xF5, 0x67, 0x3E} },
    { 2, 0xA8, 0, {0x02, 0xDA, 0xBF, 0x07, 0x89, 0x64, 0x40, 0x0F} },
    { 90, 0xA7, 0, {0x6D, 0xDB, 0x1F, 0x7F, 0xFD, 0xF5, 0x67, 0x3E} },
    { 5, 0xA8, 0, {0x79, 0xDB, 0xBF, 0x07, 0x89, 0x64, 0x3C, 0x0F} },
    { 98, 0x121, 0, {0xF0, 0x06, 0x00, 0x40, 0x36, 0x62, 0x7E, 0xFE} },
    { 2, 0xA8, 0, {0x67, 0xDC, 0xBF, 0x07, 0x89, 0x64, 0x3C, 0x0F} },
    { 2, 0xA7, 0, {0xD2, 0xDC, 0x1F, 0x7F, 0xFD, 0xF5, 0x67, 0x3E} },
    { 100, 0xA7, 0, {0x3B, 0xDD, 0x5F, 0x7F, 0xFD, 0xF5, 0x67, 0x3E} },
    { 2, 0xA8, 0, {0x68, 0xDD, 0xBF, 0x07, 0x89, 0x64, 0x3E, 0x0F} },
    { 96, 0x121, 0, {0xA3, 0x07, 0x00, 0x40, 0x36, 0x62, 0x7E, 0xFE} },
    { 2, 0x3BE, 0, {0x63, 0x14, 0x07, 0x01, 0xA8, 0xC0, 0x08, 0x80} },
    { 3, 0xA7, 0, {0xB0, 0xDE, 0x5F, 0x7F, 0xFD, 0xF5, 0x67, 0x3E} },
    { 2, 0xA8, 0, {0x70, 0xDE, 0xBF, 0x07, 0x89, 0x64, 0x40, 0x0F} },
    { 62, 0x1B000076, 1, {0x76, 0x00, 0x04, 0x01, 0x01, 0x00, 0x00, 0x00} },
    { 29, 0xA7, 0, {0x6E, 0xDF, 0x5F, 0x7F, 0xFD, 0xF5, 0x67, 0x3E} },
    { 2, 0xA8, 0, {0xE3, 0xDF, 0xBF, 0x07, 0x89, 0x64, 0x42, 0x0F} },
    { 98, 0x121, 0, {0x60, 0x08, 0x00, 0x40, 0x36, 0x62, 0x7E, 0xFE} },
    { 6, 0xA8, 0, {0xAF, 0xD0, 0xBF, 0x07, 0x89, 0x64, 0x44, 0x0F} },
    { 2, 0xA7, 0, {0xA7, 0xD0, 0x5F, 0x7F, 0xFD, 0xF5, 0x67, 0x3E} },
    { 93, 0xA7, 0, {0x2F, 0xD1, 0x5F, 0x7F, 0xFD, 0xF5, 0x67, 0x3E} },
    { 3, 0xA8, 0, {0xED, 0xD1, 0xBF, 0x07, 0x89, 0x64, 0x40, 0x0F} },
    { 98, 0x121, 0, {0x9F, 0x09, 0x00, 0x40, 0x36, 0x62, 0x7E, 0xFE} },
    { 2, 0xA7, 0, {0x5B, 0xD2, 0x5F, 0x7F, 0xFD, 0xF5, 0x67, 0x3E} },
    { 2, 0xA8, 0, {0xB7, 0xD2, 0xBF, 0x07, 0x89, 0x64, 0x3C, 0x0F} },
    { 94, 0xA7, 0, {0xDA, 0xD3, 0x5F, 0x7F, 0xFD, 0xF5, 0x67, 0x3E} },
    { 2, 0xA8, 0, {0x60, 0xD3, 0xBF, 0x07, 0x89, 0x64, 0x38, 0x0F} },
    { 99, 0x121, 0, {0xFA, 0x0A, 0x00, 0x40, 0x36, 0x62, 0x7E, 0xFE} },
    { 2, 0xA8, 0, {0xCC, 0xD4, 0xBF, 0x07, 0x89, 0x64, 0x38, 0x0F} },
    { 3, 0xA7, 0, {0xE0, 0xD4, 0x5F, 0x7F, 0xFD, 0xF5, 0x67, 0x3E} },
    { 95, 0xA7, 0, {0x9B, 0xD5, 0x5F, 0x7F, 0xFD, 0xF5, 0x67, 0x3E} },
    { 2, 0xA8, 0, {0x82, 0xD5, 0xBF, 0x07, 0x89, 0x64, 0x3E, 0x0F} },
    { 96, 0x121, 0, {0x51, 0x0B, 0x00, 0x40, 0x36, 0x62, 0x7E, 0xFE} },
    { 4, 0xA8, 0, {0x04, 0xD6, 0xBF, 0x07, 0x89, 0x64, 0x42, 0x0F} },
    { 2, 0xA7, 0, {0x08, 0xD6, 0x5F, 0x7F, 0xFD, 0xF5, 0x67, 0x3E} },
    { 94, 0xA7, 0, {0x81, 0xD7, 0x5F, 0x7F, 0xFD, 0xF5, 0x67, 0x3E} },
    { 3, 0xA8, 0, {0x29, 0xD7, 0xBF, 0x07, 0x89, 0x64, 0x46, 0x0F} },
    { 98, 0x121, 0, {0x94, 0x0C, 0x00, 0x40, 0x36, 0x62, 0x7E, 0xFE} },
    { 3, 0x3BE, 0, {0x1C, 0x15, 0x07, 0x01, 0xA8, 0xC0, 0x08, 0x80} },
    { 2, 0xA8, 0, {0x0B, 0xD8, 0xBF, 0x07, 0x89, 0x64, 0x46, 0x0F} },
    { 3, 0xA7, 0, {0xCC, 0xD8, 0x5F, 0x7F, 0xFD, 0xF5, 0x67, 0x3E} },
    { 92, 0xA7, 0, {0x1C, 0xD9, 0x5F, 0x7F, 0xFD, 0xF5, 0x67, 0x3E} },
    { 2, 0xA8, 0, {0x2D, 0xD9, 0xBF, 0x07, 0x89, 0x64, 0x48, 0x0F} },
    { 97, 0x121, 0, {0x87, 0x0D, 0x00, 0x40, 0x36, 0x62, 0x7E, 0xFE} },
    { 2, 0xA7, 0, {0x1A, 0xDA, 0x5F, 0x7F, 0xFD, 0xF5, 0x67, 0x3E} },
    { 3, 0xA8, 0, {0x6E, 0xDA, 0xBF, 0x07, 0x89, 0x64, 0x4A, 0x0F} },
    { 93, 0xA7, 0, {0x74, 0xDB, 0x5F, 0x7F, 0xFD, 0xF5, 0x67, 0x3E} },
    { 4, 0xA8, 0, {0x2F, 0xDB, 0xBF, 0x07, 0x89, 0x64, 0x50, 0x0F} },
    { 99, 0x121, 0, {0x14, 0x0E, 0x00, 0x40, 0x36, 0x62, 0x7E, 0xFE} },
    { 7, 0xA7, 0, {0xCB, 0xDC, 0x5F, 0x7F, 0xFD, 0xF5, 0x67, 0x3E} },
    { 2, 0xA8, 0, {0x09, 0xDC, 0xBF, 0x07, 0x89, 0x64, 0x54, 0x0F} },
    { 91, 0xA7, 0, {0x3B, 0xDD, 0x5F, 0x7F, 0xFD, 0xF5, 0x67, 0x3E} },
    { 2, 0xA8, 0, {0x52, 0xDD, 0xBF, 0x07, 0x89, 0x64, 0x58, 0x0F} },
    { 97, 0x121, 0, {0xA2, 0x0F, 0x00, 0x40, 0x36, 0x62, 0x7E, 0xFE} },
    { 2, 0xA7, 0, {0xA9, 0xDE, 0x1F, 0x7F, 0xFD, 0xF5, 0x67, 0x3E} },
    { 3, 0xA8, 0, {0xFC, 0xDE, 0xBF, 0x07, 0x89, 0x64, 0x5A, 0x0F} },
    { 95, 0xA7, 0, {0xFD, 0xDF, 0x1F, 0x7F, 0xFD, 0xF1, 0x67, 0x3E} },
    { 2, 0xA8, 0, {0x57, 0xDF, 0xBF, 0x07, 0x89, 0x64, 0x5C, 0x0F} },
    { 99, 0x121, 0, {0x6C, 0x00, 0x00, 0x40, 0x36, 0x62, 0x7E, 0xFE} },
    { 5, 0xA8, 0, {0x23, 0xD0, 0xBF, 0x07, 0x89, 0x64, 0x5E, 0x0F} },
    { 2, 0xA7, 0, {0x34, 0xD0, 0x1F, 0x7F, 0xFD, 0xF1, 0x67, 0x3E} },
    { 32, 0x641, 0, {0xBF, 0x14, 0x21, 0x4F, 0x13, 0x0A, 0x55, 0x92} },
    { 63, 0xA7, 0, {0xBC, 0xD1, 0x1F, 0x7F, 0xFD, 0xF1, 0x67, 0x3E} },
    { 2, 0xA8, 0, {0x7D, 0xD1, 0xBF, 0x07, 0x89, 0x64, 0x58, 0x0F} },
    { 95, 0x121, 0, {0x00, 0x01, 0x00, 0x40, 0x36, 0x62, 0x7E, 0xFE} },
    { 2, 0xA7, 0, {0xC8, 0xD2, 0x1F, 0x7F, 0xFD, 0xF1, 0x67, 0x3E} },
    { 2, 0xA8, 0, {0xC5, 0xD2, 0xBF, 0x07, 0x89, 0x64, 0x56, 0x0F} },
    { 3, 0x3BE, 0, {0x01, 0x16, 0x07, 0x01, 0xA8, 0xC0, 0x08, 0x80} },
    { 66, 0x1B000076, 1, {0x76, 0x00, 0x04, 0x01, 0x01, 0x00, 0x00, 0x00} },
    { 27, 0xA7, 0, {0xC3, 0xD3, 0x1F, 0x7F, 0xFD, 0xF5, 0x67, 0x3E} },
    { 2, 0xA8, 0, {0x12, 0xD3, 0xBF, 0x07, 0x89, 0x64, 0x52, 0x0F} },
    { 99, 0x121, 0, {0x8F, 0x02, 0x00, 0x40, 0x36, 0x62, 0x7E, 0xFE} },
    { 7, 0xA8, 0, {0x0A, 0xD4, 0xBF, 0x07, 0x89, 0x64, 0x4C, 0x0F} },
    { 2, 0xA7, 0, {0xF9, 0xD4, 0x1F, 0x7F, 0xFD, 0xF5, 0x67, 0x3E} },
    { 90, 0xA7, 0, {0x82, 0xD5, 0x1F, 0x7F, 0xFD, 0xF5, 0x67, 0x3E} },
    { 3, 0xA8, 0, {0x7C, 0xD5, 0xBF, 0x07, 0x89, 0x64, 0x4E, 0x0F} },
    { 96, 0x121, 0, {0x7D, 0x03, 0x00, 0x40, 0x36, 0x62, 0x7E, 0xFE} },
    { 3, 0xA7, 0, {0x11, 0xD6, 0x1F, 0x7F, 0xFD, 0xF5, 0x67, 0x3E} },
    { 2, 0xA8, 0, {0xF8, 0xD6, 0xBF, 0x07, 0x89, 0x64, 0x50, 0x0F} },
    { 96, 0xA7, 0, {0x98, 0xD7, 0x1F, 0x7F, 0xFD, 0xF5, 0x67, 0x3E} },
    { 2, 0xA8, 0, {0xF1, 0xD7, 0xBF, 0x07, 0x89, 0x64, 0x52, 0x0F} },
    { 101, 0x121, 0, {0xC0, 0x04, 0x00, 0x40, 0x36, 0x62, 0x7E, 0xFE} },
    { 3, 0xA8, 0, {0xEB, 0xD8, 0xBF, 0x07, 0x89, 0x64, 0x56, 0x0F} },
    { 2, 0xA7, 0, {0xD5, 0xD8, 0x1F, 0x7F, 0xFD, 0xF5, 0x67, 0x3E} },
    { 92, 0xA7, 0, {0x05, 0xD9, 0x1F, 0x7F, 0xFD, 0xF5, 0x67, 0x3E} },
    { 3, 0xA8, 0, {0x99, 0xD9, 0xBF, 0x07, 0x89, 0x64, 0x56, 0x0F} },
    { 96, 0x121, 0, {0xF7, 0x05, 0x00, 0x40, 0x36, 0x62, 0x7E, 0xFE} },
    { 3, 0xA7, 0, {0x1A, 0xDA, 0x5F, 0x7F, 0xFD, 0xF5, 0x67, 0x3E} },
    { 2, 0xA8, 0, {0xC6, 0xDA, 0xBF, 0x07, 0x89, 0x64, 0x56, 0x0F} },
    { 12, 0x640, 0, {0x02, 0x82, 0x71, 0xB9, 0x76, 0x20, 0x03, 0x38} },
    { 86, 0xA7, 0, {0xFE, 0xDB, 0x5F, 0x7F, 0xFD, 0xF1, 0x67, 0x3E} },
    { 2, 0xA8, 0, {0x17, 0xDB, 0xBF, 0x07, 0x89, 0x64, 0x54, 0x0F} },
    { 97, 0x121, 0, {0xF0, 0x06, 0x00, 0x40, 0x36, 0x62, 0x7E, 0xFE} },
    { 3, 0x3BE, 0, {0x8D, 0x17, 0x07, 0x01, 0xA8, 0xC0, 0x08, 0x80} },
    { 2, 0xA7, 0, {0x41, 0xDC, 0x5F, 0x7F, 0xFD, 0xF1, 0x67, 0x3E} },
    { 3, 0xA8, 0, {0x15, 0xDC, 0xBF, 0x07, 0x89, 0x64, 0x56, 0x0F} },
    { 93, 0xA7, 0, {0xB1, 0xDD, 0x5F, 0x7F, 0xFD, 0xF1, 0x67, 0x3E} },
    { 2, 0xA8, 0, {0x1A, 0xDD, 0xBF, 0x07, 0x89, 0x64, 0x54, 0x0F} },
    { 95, 0x121, 0, {0xA3, 0x07, 0x00, 0x40, 0x36, 0x62, 0x7E, 0xFE} },
    { 3, 0xA8, 0, {0xA8, 0xDE, 0xBF, 0x07, 0x89, 0x64, 0x54, 0x0F} },
    { 2, 0xA7, 0, {0x23, 0xDE, 0x1F, 0x7F, 0xFD, 0xF1, 0x67, 0x3E} },
    { 95, 0xA7, 0, {0xFD, 0xDF, 0x1F, 0x7F, 0xFD, 0xF1, 0x67, 0x3E} },
    { 3, 0xA8, 0, {0x27, 0xDF, 0xBF, 0x07, 0x89, 0x64, 0x54, 0x0F} },
    { 98, 0x121, 0, {0x60, 0x08, 0x00, 0x40, 0x36, 0x62, 0x7E, 0xFE} },
    { 6, 0xA7, 0, {0x34, 0xD0, 0x1F, 0x7F, 0xFD, 0xF1, 0x67, 0x3E} },
    { 3, 0xA8, 0, {0x77, 0xD0, 0xBF, 0x07, 0x89, 0x64, 0x50, 0x0F} },
    { 93, 0xA7, 0, {0xBC, 0xD1, 0x1F, 0x7F, 0xFD, 0xF1, 0x67, 0x3E} },
    { 2, 0xA8, 0, {0xB9, 0xD1, 0xBF, 0x07, 0x89, 0x64, 0x4E, 0x0F} },
    { 95, 0x121, 0, {0x9F, 0x09, 0x00, 0x40, 0x36, 0x62, 0x7E, 0xFE} },
    { 2, 0xA8, 0, {0x55, 0xD2, 0xBF, 0x07, 0x89, 0x64, 0x4E, 0x0F} },
    { 3, 0xA7, 0, {0xC8, 0xD2, 0x1F, 0x7F, 0xFD, 0xF1, 0x67, 0x3E} },
    { 96, 0xA7, 0, {0xC3, 0xD3, 0x1F, 0x7F, 0xFD, 0xF5, 0x67, 0x3E} },
    { 2, 0xA8, 0, {0xBA, 0xD3, 0xBF, 0x07, 0x89, 0x64, 0x4E, 0x0F} },
    { 98, 0x121, 0, {0xFA, 0x0A, 0x00, 0x40, 0x36, 0x62, 0x7E, 0xFE} },
    { 4, 0xA8, 0, {0xA2, 0xD4, 0xBF, 0x07, 0x89, 0x64, 0x50, 0x0F} },
    { 2, 0xA7, 0, {0xF9, 0xD4, 0x1F, 0x7F, 0xFD, 0xF5, 0x67, 0x3E} },
    { 97, 0xA7, 0, {0x82, 0xD5, 0x1F, 0x7F, 0xFD, 0xF5, 0x67, 0x3E} },
    { 3, 0xA8, 0, {0xF0, 0xD5, 0xBF, 0x07, 0x89, 0x64, 0x54, 0x0F} },
    { 93, 0x121, 0, {0x51, 0x0B, 0x00, 0x40, 0x36, 0x62, 0x7E, 0xFE} },
    { 2, 0xA7, 0, {0x11, 0xD6, 0x1F, 0x7F, 0xFD, 0xF5, 0x67, 0x3E} },
    { 3, 0xA8, 0, {0x88, 0xD6, 0xBF, 0x07, 0x89, 0x64, 0x58, 0x0F} },
    { 2, 0x3BE, 0, {0x77, 0x18, 0x07, 0x01, 0xA8, 0xC0, 0x08, 0x80} },
    { 66, 0x1B000076, 1, {0x76, 0x00, 0x04, 0x01, 0x01, 0x00, 0x00, 0x00} },
    { 29, 0xA7, 0, {0x12, 0xD7, 0x1F, 0x7F, 0xFD, 0xF1, 0x67, 0x3E} },
    { 2, 0xA8, 0, {0x9D, 0xD7, 0xBF, 0x07, 0x89, 0x64, 0x58, 0x0F} },
    { 96, 0x121, 0, {0x94, 0x0C, 0x00, 0x40, 0x36, 0x62, 0x7E, 0xFE} },
    { 6, 0xA8, 0, {0xA3, 0xD8, 0xBF, 0x07, 0x89, 0x64, 0x5A, 0x0F} },
    { 2, 0xA7, 0, {0x5F, 0xD8, 0x1F, 0x7F, 0xFD, 0xF1, 0x67, 0x3E} },
    { 95, 0xA7, 0, {0x8F, 0xD9, 0x1F, 0x7F, 0xFD, 0xF1, 0x67, 0x3E} },
    { 2, 0xA8, 0, {0xD1, 0xD9, 0xBF, 0x07, 0x89, 0x64, 0x5A, 0x0F} },
    { 96, 0x121, 0, {0x87, 0x0D, 0x00, 0x40, 0x36, 0x62, 0x7E, 0xFE} },
    { 3, 0xA7, 0, {0x89, 0xDA, 0x1F, 0x7F, 0xFD, 0xF1, 0x67, 0x3E} },
    { 2, 0xA8, 0, {0xAA, 0xDA, 0xBF, 0x07, 0x89, 0x64, 0x5C, 0x0F} },
    { 100, 0xA7, 0, {0xE7, 0xDB, 0x1F, 0x7F, 0xFD, 0xF1, 0x67, 0x3E} },
    { 3, 0xA8, 0, {0x20, 0xDB, 0xBF, 0x07, 0x89, 0x64, 0x60, 0x0F} },
    { 91, 0x121, 0, {0x14, 0x0E, 0x00, 0x40, 0x36, 0x62, 0x7E, 0xFE} },
    { 3, 0xA8, 0, {0x22, 0xDC, 0xBF, 0x07, 0x89, 0x64, 0x62, 0x0F} },
    { 3, 0xA7, 0, {0x58, 0xDC, 0x1F, 0x7F, 0xFD, 0xF1, 0x67, 0x3E} },
    { 98, 0xA7, 0, {0xA8, 0xDD, 0x1F, 0x7F, 0xFD, 0xF1, 0x67, 0x3E} },
    { 2, 0xA8, 0, {0x31, 0xDD, 0xBF, 0x07, 0x89, 0x64, 0x62, 0x0F} },
    { 95, 0x121, 0, {0xA2, 0x0F, 0x00, 0x40, 0x36, 0x62, 0x7E, 0xFE} },
    { 3, 0xA7, 0, {0x23, 0xDE, 0x1F, 0x7F, 0xFD, 0xF1, 0x67, 0x3E} },
    { 2, 0xA8, 0, {0x83, 0xDE, 0xBF, 0x07, 0x89, 0x64, 0x62, 0x0F} },
    { 102, 0xA7, 0, {0xFD, 0xDF, 0x1F, 0x7F, 0xFD, 0xF1, 0x67, 0x3E} },
    { 3, 0xA8, 0, {0x28, 0xDF, 0xBF, 0x07, 0x89, 0x64, 0x64, 0x0F} },
    { 89, 0x121, 0, {0x6C, 0x00, 0x00, 0x40, 0x36, 0x62, 0x7E, 0xFE} },
    { 2, 0x3BE, 0, {0x54, 0x19, 0x07, 0x01, 0xA8, 0xC0, 0x08, 0x80} },
    { 2, 0xA7, 0, {0x96, 0xC0, 0x1F, 0x7F, 0xFD, 0xF1, 0x67, 0x3E} },
    { 3, 0xA8, 0, {0x08, 0xD0, 0xBF, 0x07, 0x89, 0x64, 0x68, 0x0F} },
    { 98, 0xA7, 0, {0x1E, 0xC1, 0x1F, 0x7F, 0xFD, 0xF1, 0x67, 0x3E} },
    { 2, 0xA8, 0, {0x4A, 0xD1, 0xBF, 0x07, 0x89, 0x64, 0x6C, 0x0F} },
    { 94, 0x121, 0, {0x00, 0x01, 0x00, 0x40, 0x36, 0x62, 0x7E, 0xFE} },
    { 3, 0xA7, 0, {0xC8, 0xD2, 0x1F, 0x7F, 0xFD, 0xF1, 0x67, 0x3E} },
    { 2, 0xA8, 0, {0xA6, 0xD2, 0xBF, 0x07, 0x89, 0x64, 0x6C, 0x0F} },
    { 100, 0xA7, 0, {0xC3, 0xD3, 0x1F, 0x7F, 0xFD, 0xF5, 0x67, 0x3E} },
    { 3, 0xA8, 0, {0x6D, 0xD3, 0xBF, 0x07, 0x89, 0x64, 0x6A, 0x0F} },
    { 90, 0x121, 0, {0x8F, 0x02, 0x00, 0x40, 0x36, 0x62, 0x7E, 0xFE} },
    { 6, 0xA8, 0, {0xDD, 0xD4, 0xBF, 0x07, 0x89, 0x64, 0x68, 0x0F} },
    { 2, 0xA7, 0, {0x73, 0xD4, 0x1F, 0x7F, 0xFD, 0xF1, 0x67, 0x3E} },
    { 98, 0xA7, 0, {0x08, 0xD5, 0x1F, 0x7F, 0xFD, 0xF1, 0x67, 0x3E} },
    { 3, 0xA8, 0, {0xB7, 0xD5, 0xBF, 0x07, 0x89, 0x64, 0x68, 0x0F} },
    { 94, 0x121, 0, {0x7D, 0x03, 0x00, 0x40, 0x36, 0x62, 0x7E, 0xFE} },
    { 2, 0xA7, 0, {0x9B, 0xD6, 0x1F, 0x7F, 0xFD, 0xF1, 0x67, 0x3E} },
    { 2, 0xA8, 0, {0x9B, 0xD6, 0xBF, 0x07, 0x89, 0x64, 0x6A, 0x0F} },
    { 100, 0xA7, 0, {0x12, 0xD7, 0x1F, 0x7F, 0xFD, 0xF1, 0x67, 0x3E} },
    { 3, 0xA8, 0, {0x8E, 0xD7, 0xBF, 0x07, 0x89, 0x64, 0x6A, 0x0F} },
    { 90, 0x121, 0, {0xC0, 0x04, 0x00, 0x40, 0x36, 0x62, 0x7E, 0xFE} },
    { 4, 0xA8, 0, {0xAC, 0xD8, 0xBF, 0x07, 0x89, 0x64, 0x6A, 0x0F} },
    { 2, 0xA7, 0, {0xFD, 0xC8, 0x1F, 0x7F, 0xFD, 0xF1, 0x67, 0x3E} },
    { 103, 0xA7, 0, {0x2D, 0xC9, 0x1F, 0x7F, 0xFD, 0xF1, 0x67, 0x3E} },
    { 2, 0xA8, 0, {0x96, 0xD9, 0xBF, 0x07, 0x89, 0x64, 0x66, 0x0F} },
    { 91, 0x121, 0, {0xF7, 0x05, 0x00, 0x40, 0x36, 0x62, 0x7E, 0xFE} },
    { 3, 0x3BE, 0, {0x9F, 0x1A, 0x07, 0x01, 0xA8, 0xC0, 0x08, 0x80} },
    { 2, 0xA7, 0, {0x2B, 0xCA, 0x1F, 0x7F, 0xFD, 0xF1, 0x67, 0x3E} },
    { 2, 0xA8, 0, {0xAA, 0xDA, 0xBF, 0x07, 0x89, 0x64, 0x5C, 0x0F} },
    { 66, 0x1B000076, 1, {0x76, 0x00, 0x04, 0x01, 0x01, 0x00, 0x00, 0x00} },
    { 32, 0xA7, 0, {0x45, 0xCB, 0x1F, 0x7F, 0xFD, 0xF1, 0x67, 0x3E} },
    { 3, 0xA8, 0, {0x0B, 0xDB, 0xBF, 0x07, 0x89, 0x64, 0x56, 0x0F} },
    { 90, 0x121, 0, {0xF0, 0x06, 0x00, 0x40, 0x36, 0x62, 0x7E, 0xFE} },
    { 6, 0xA8, 0, {0x2D, 0xDC, 0xBF, 0x07, 0x89, 0x64, 0x52, 0x0F} },
    { 2, 0xA7, 0, {0xFA, 0xCC, 0x1F, 0x7F, 0xFD, 0xF1, 0x67, 0x3E} },
    { 99, 0xA7, 0, {0x0A, 0xCD, 0x1F, 0x7F, 0xFD, 0xF1, 0x67, 0x3E} },
    { 2, 0xA8, 0, {0x22, 0xDD, 0xBF, 0x07, 0x89, 0x64, 0x50, 0x0F} },
    { 91, 0x121, 0, {0xA3, 0x07, 0x00, 0x40, 0x36, 0x62, 0x7E, 0xFE} },
    { 2, 0xA7, 0, {0x81, 0xCE, 0x1F, 0x7F, 0xFD, 0xF1, 0x67, 0x3E} },
    { 3, 0xA8, 0, {0xE0, 0xDE, 0xBF, 0x07, 0x89, 0x64, 0x58, 0x0F} },
    { 97, 0xA7, 0, {0x5F, 0xCF, 0x1F, 0x7F, 0xFD, 0xF1, 0x67, 0x3E} },
    { 3, 0xA8, 0, {0x6F, 0xDF, 0xBF, 0x07, 0x89, 0x64, 0x58, 0x0F} },
    { 95, 0x121, 0, {0x60, 0x08, 0x00, 0x40, 0x36, 0x62, 0x7E, 0xFE} },
    { 4, 0xA8, 0, {0x07, 0xD0, 0xBF, 0x07, 0x89, 0x64, 0x58, 0x0F} },
    { 2, 0xA7, 0, {0x96, 0xC0, 0x1F, 0x7F, 0xFD, 0xF1, 0x67, 0x3E} },
    { 100, 0xA7, 0, {0x1E, 0xC1, 0x1F, 0x7F, 0xFD, 0xF1, 0x67, 0x3E} },
    { 3, 0xA8, 0, {0x7D, 0xD1, 0xBF, 0x07, 0x89, 0x64, 0x58, 0x0F} },
    { 91, 0x121, 0, {0x9F, 0x09, 0x00, 0x40, 0x36, 0x62, 0x7E, 0xFE} },
    { 2, 0xA7, 0, {0x6A, 0xC2, 0x1F, 0x7F, 0xFD, 0xF1, 0x67, 0x3E} },
    { 3, 0xA8, 0, {0xD9, 0xD2, 0xBF, 0x07, 0x89, 0x64, 0x54, 0x0F} },
    { 96, 0xA7, 0, {0xEB, 0xC3, 0x1F, 0x7F, 0xFD, 0xF1, 0x67, 0x3E} },
    { 5, 0xA8, 0, {0x36, 0xD3, 0xBF, 0x07, 0x89, 0x64, 0x54, 0x0F} },
    { 94, 0x121, 0, {0xFA, 0x0A, 0x00, 0x40, 0x36, 0x62, 0x7E, 0xFE} },
    { 2, 0x3BE, 0, {0xE9, 0x1B, 0x07, 0x01, 0xA8, 0xC0, 0x08, 0x80} },
    { 3, 0xA7, 0, {0xD1, 0xC4, 0x1F, 0x7F, 0xFD, 0xF1, 0x67, 0x3E} },
    { 2, 0xA8, 0, {0x9A, 0xD4, 0xBF, 0x07, 0x89, 0x64, 0x54, 0x0F} },
    { 100, 0xA7, 0, {0xAA, 0xC5, 0x1F, 0x7F, 0xFD, 0xF1, 0x67, 0x3E} },
    { 2, 0xA8, 0, {0xF0, 0xD5, 0xBF, 0x07, 0x89, 0x64, 0x54, 0x0F} },
    { 91, 0x121, 0, {0x51, 0x0B, 0x00, 0x40, 0x36, 0x62, 0x7E, 0xFE} },
    { 3, 0xA7, 0, {0x39, 0xC6, 0x1F, 0x7F, 0xFD, 0xF1, 0x67, 0x3E} },
    { 2, 0xA8, 0, {0x50, 0xD6, 0xBF, 0x07, 0x89, 0x64, 0x4C, 0x0F} },
    { 96, 0xA7, 0, {0xB0, 0xC7, 0x1F, 0x7F, 0xFD, 0xF1, 0x67, 0x3E} },
    { 3, 0xA8, 0, {0x35, 0xD7, 0xBF, 0x07, 0x89, 0x64, 0x44, 0x0F} },
    { 96, 0x121, 0, {0x94, 0x0C, 0x00, 0x40, 0x36, 0x62, 0x7E, 0xFE} },
    { 6, 0xA8, 0, {0x85, 0xD8, 0xBF, 0x07, 0x89, 0x64, 0x3E, 0x0F} },
    { 2, 0xA7, 0, {0x77, 0xC8, 0x1F, 0x7F, 0xFD, 0xF5, 0x67, 0x3E} },
    { 99, 0xA7, 0, {0xA7, 0xC9, 0x1F, 0x7F, 0xFD, 0xF5, 0x67, 0x3E} },
    { 2, 0xA8, 0, {0xCF, 0xD9, 0xBF, 0x07, 0x89, 0x64, 0x3A, 0x0F} },
    { 91, 0x121, 0, {0x87, 0x0D, 0x00, 0x40, 0x36, 0x62, 0x7E, 0xFE} },
    { 2, 0xA7, 0, {0x03, 0xDA, 0x1F, 0x7F, 0xFD, 0xF5, 0x67, 0x3E} },
    { 3, 0xA8, 0, {0x8C, 0xDA, 0xBF, 0x07, 0x89, 0x64, 0x38, 0x0F} },
    { 98, 0xA7, 0, {0x6D, 0xDB, 0x1F, 0x7F, 0xFD, 0xF5, 0x67, 0x3E} },
    { 2, 0xA8, 0, {0x15, 0xDB, 0xBF, 0x07, 0x89, 0x64, 0x36, 0x0F} },
    { 95, 0x121, 0, {0x14, 0x0E, 0x00, 0x40, 0x36, 0x62, 0x7E, 0xFE} },
    { 3, 0xA8, 0, {0x33, 0xDC, 0xBF, 0x07, 0x89, 0x64, 0x32, 0x0F} },
    { 2, 0xA7, 0, {0xD2, 0xDC, 0x1F, 0x7F, 0xFD, 0xF5, 0x67, 0x3E} },
    { 19, 0x640, 0, {0x02, 0x82, 0x71, 0xB9, 0x76, 0x20, 0x03, 0x38} },
    { 86, 0xA7, 0, {0x22, 0xDD, 0x1F, 0x7F, 0xFD, 0xF5, 0x67, 0x3E} },
    { 2, 0xA8, 0, {0x88, 0xDD, 0xBF, 0x07, 0x89, 0x64, 0x2E, 0x0F} },
    { 88, 0x121, 0, {0xA2, 0x0F, 0x00, 0x40, 0x36, 0x62, 0x7E, 0xFE} },
    { 3, 0x3BE, 0, {0x6C, 0x1C, 0x07, 0x01, 0xA8, 0xC0, 0x08, 0x80} },
    { 1, 0xA7, 0, {0xA9, 0xDE, 0x1F, 0x7F, 0xFD, 0xF5, 0x67, 0x3E} },
    { 3, 0xA8, 0, {0x1E, 0xDE, 0xBF, 0x07, 0x89, 0x64, 0x28, 0x0F} },
    { 67, 0x1B000076, 1, {0x76, 0x00, 0x04, 0x01, 0x01, 0x00, 0x00, 0x00} },
    { 28, 0xA7, 0, {0x6E, 0xDF, 0x5F, 0x7F, 0xFD, 0xF5, 0x67, 0x3E} },
    { 3, 0xA8, 0, {0xFD, 0xDF, 0xBF, 0x07, 0x89, 0x64, 0x22, 0x0F} },
    { 94, 0x121, 0, {0x6C, 0x00, 0x00, 0x40, 0x36, 0x62, 0x7E, 0xFE} },
    { 6, 0xA8, 0, {0x89, 0xD0, 0xBF, 0x07, 0x89, 0x64, 0x20, 0x0F} },
    { 3, 0xA7, 0, {0xA7, 0xD0, 0x5F, 0x7F, 0xFD, 0xF5, 0x67, 0x3E} },
    { 98, 0xA7, 0, {0x2F, 0xD1, 0x5F, 0x7F, 0xFD, 0xF5, 0x67, 0x3E} },
    { 2, 0xA8, 0, {0x90, 0xD1, 0xBF, 0x07, 0x89, 0x64, 0x1A, 0x0F} },
    { 92, 0x121, 0, {0x00, 0x01, 0x00, 0x40, 0x36, 0x62, 0x7E, 0xFE} },
    { 2, 0xA7, 0, {0x5B, 0xD2, 0x5F, 0x7F, 0xFD, 0xF5, 0x67, 0x3E} },
    { 2, 0xA8, 0, {0x60, 0xD2, 0xBF, 0x07, 0x89, 0x64, 0x18, 0x0F} },
    { 98, 0xA7, 0, {0xDA, 0xD3, 0x5F, 0x7F, 0xFD, 0xF5, 0x67, 0x3E} },
    { 2, 0xA8, 0, {0x8F, 0xD3, 0xBF, 0x07, 0x89, 0x64, 0x18, 0x0F} },
    { 96, 0x121, 0, {0x8F, 0x02, 0x00, 0x40, 0x36, 0x62, 0x7E, 0xFE} },
    { 3, 0xA8, 0, {0x23, 0xD4, 0xBF, 0x07, 0x89, 0x64, 0x18, 0x0F} },
    { 3, 0xA7, 0, {0xE0, 0xD4, 0x5F, 0x7F, 0xFD, 0xF5, 0x67, 0x3E} },
    { 98, 0xA7, 0, {0x9B, 0xD5, 0x5F, 0x7F, 0xFD, 0xF5, 0x67, 0x3E} },
    { 2, 0xA8, 0, {0x49, 0xD5, 0xBF, 0x07, 0x89, 0x64, 0x18, 0x0F} },
    { 94, 0x121, 0, {0x7D, 0x03, 0x00, 0x40, 0x36, 0x62, 0x7E, 0xFE} },
    { 2, 0xA7, 0, {0x08, 0xD6, 0x5F, 0x7F, 0xFD, 0xF5, 0x67, 0x3E} },
    { 2, 0xA8, 0, {0x41, 0xD6, 0xBF, 0x07, 0x89, 0x64, 0x1C, 0x0F} },
    { 102, 0xA7, 0, {0x81, 0xD7, 0x5F, 0x7F, 0xFD, 0xF5, 0x67, 0x3E} },
    { 2, 0xA8, 0, {0x48, 0xD7, 0xBF, 0x07, 0x89, 0x64, 0x1E, 0x0F} },
    { 97, 0x121, 0, {0xC0, 0x04, 0x00, 0x40, 0x36, 0x62, 0x7E, 0xFE} },
    { 2, 0x3BE, 0, {0xD7, 0x1D, 0x07, 0x01, 0xA8, 0xC0, 0x08, 0x80} },
    { 3, 0xA7, 0, {0xCC, 0xD8, 0x5F, 0x7F, 0xFD, 0xF5, 0x67, 0x3E} },
    { 2, 0xA8, 0, {0x6A, 0xD8, 0xBF, 0x07, 0x89, 0x64, 0x1E, 0x0F} },
    { 91, 0xA7, 0, {0x1C, 0xD9, 0x5F, 0x7F, 0xFD, 0xF5, 0x67, 0x3E} },
    { 3, 0xA8, 0, {0x43, 0xD9, 0xBF, 0x07, 0x89, 0x64, 0x20, 0x0F} },
    { 97, 0x121, 0, {0xF7, 0x05, 0x00, 0x40, 0x36, 0x62, 0x7E, 0xFE} },
    { 2, 0xA7, 0, {0x1A, 0xDA, 0x5F, 0x7F, 0xFD, 0xF5, 0x67, 0x3E} },
    { 3, 0xA8, 0, {0x24, 0xDA, 0xBF, 0x07, 0x89, 0x64, 0x24, 0x0F} },
    { 96, 0xA7, 0, {0x74, 0xDB, 0x5F, 0x7F, 0xFD, 0xF5, 0x67, 0x3E} },
    { 2, 0xA8, 0, {0xA1, 0xDB, 0xBF, 0x07, 0x89, 0x64, 0x28, 0x0F} },
    { 99, 0x121, 0, {0xF0, 0x06, 0x00, 0x40, 0x36, 0x62, 0x7E, 0xFE} },
    { 5, 0xA7, 0, {0xCB, 0xDC, 0x5F, 0x7F, 0xFD, 0xF5, 0x67, 0x3E} },
    { 2, 0xA8, 0, {0xA3, 0xDC, 0xBF, 0x07, 0x89, 0x64, 0x2A, 0x0F} },
    { 91, 0xA7, 0, {0x3B, 0xDD, 0x5F, 0x7F, 0xFD, 0xF5, 0x67, 0x3E} },
    { 3, 0xA8, 0, {0x94, 0xDD, 0xBF, 0x07, 0x89, 0x64, 0x2C, 0x0F} },
    { 98, 0x121, 0, {0xA3, 0x07, 0x00, 0x40, 0x36, 0x62, 0x7E, 0xFE} },
    { 2, 0xA7, 0, {0xB0, 0xDE, 0x5F, 0x7F, 0xFD, 0xF5, 0x67, 0x3E} },
    { 3, 0xA8, 0, {0x1E, 0xDE, 0xBF, 0x07, 0x89, 0x64, 0x28, 0x0F} },
    { 95, 0xA7, 0, {0x6E, 0xDF, 0x5F, 0x7F, 0xFD, 0xF5, 0x67, 0x3E} },
    { 2, 0xA8, 0, {0xD9, 0xDF, 0xBF, 0x07, 0x89, 0x64, 0x24, 0x0F} },
    { 99, 0x121, 0, {0x60, 0x08, 0x00, 0x40, 0x36, 0x62, 0x7E, 0xFE} },
    { 3, 0xA8, 0, {0xB1, 0xD0, 0xBF, 0x07, 0x89, 0x64, 0x24, 0x0F} },
    { 2, 0xA7, 0, {0xA7, 0xD0, 0x5F, 0x7F, 0xFD, 0xF5, 0x67, 0x3E} },
    { 95, 0xA7, 0, {0x2F, 0xD1, 0x5F, 0x7F, 0xFD, 0xF5, 0x67, 0x3E} },
    { 3, 0xA8, 0, {0xCB, 0xD1, 0xBF, 0x07, 0x89, 0x64, 0x24, 0x0F} },
    { 95, 0x121, 0, {0x9F, 0x09, 0x00, 0x40, 0x36, 0x62, 0x7E, 0xFE} },
    { 3, 0x3BE, 0, {0xC8, 0x1E, 0x07, 0x01, 0xA8, 0xC0, 0x08, 0x80} },
    { 2, 0xA7, 0, {0x5B, 0xD2, 0x5F, 0x7F, 0xFD, 0xF5, 0x67, 0x3E} },
    { 3, 0xA8, 0, {0x3B, 0xD2, 0xBF, 0x07, 0x89, 0x64, 0x26, 0x0F} },
    { 63, 0x1B000076, 1, {0x76, 0x00, 0x04, 0x01, 0x01, 0x00, 0x00, 0x00} },
    { 28, 0xA7, 0, {0xDA, 0xD3, 0x5F, 0x7F, 0xFD, 0xF5, 0x67, 0x3E} },
    { 2, 0xA8, 0, {0xD4, 0xD3, 0xBF, 0x07, 0x89, 0x64, 0x26, 0x0F} },
    { 96, 0x121, 0, {0xFA, 0x0A, 0x00, 0x40, 0x36, 0x62, 0x7E, 0xFE} },
    { 5, 0xA8, 0, {0x64, 0xD4, 0xBF, 0x07, 0x89, 0x64, 0x24, 0x0F} },
    { 2, 0xA7, 0, {0xE0, 0xD4, 0x5F, 0x7F, 0xFD, 0xF5, 0x67, 0x3E} },
    { 95, 0xA7, 0, {0x9B, 0xD5, 0x5F, 0x7F, 0xFD, 0xF5, 0x67, 0x3E} },
    { 3, 0xA8, 0, {0x36, 0xD5, 0xBF, 0x07, 0x89, 0x64, 0x20, 0x0F} },
    { 98, 0x121, 0, {0x51, 0x0B, 0x00, 0x40, 0x36, 0x62, 0x7E, 0xFE} },
    { 3, 0xA7, 0, {0x08, 0xD6, 0x5F, 0x7F, 0xFD, 0xF5, 0x67, 0x3E} },
    { 2, 0xA8, 0, {0x41, 0xD6, 0xBF, 0x07, 0x89, 0x64, 0x1C, 0x0F} },
    { 94, 0xA7, 0, {0x81, 0xD7, 0x5F, 0x7F, 0xFD, 0xF5, 0x67, 0x3E} },
    { 3, 0xA8, 0, {0x70, 0xD7, 0xBF, 0x07, 0x89, 0x64, 0x1A, 0x0F} },
    { 95, 0x121, 0, {0x94, 0x0C, 0x00, 0x40, 0x36, 0x62, 0x7E, 0xFE} },
    { 3, 0xA8, 0, {0x52, 0xD8, 0xBF, 0x07, 0x89, 0x64, 0x1A, 0x0F} },
    { 2, 0xA7, 0, {0xCC, 0xD8, 0x5F, 0x7F, 0xFD, 0xF5, 0x67, 0x3E} },
    { 98, 0xA7, 0, {0x1C, 0xD9, 0x5F, 0x7F, 0xFD, 0xF5, 0x67, 0x3E} },
    { 2, 0xA8, 0, {0x3C, 0xD9, 0xBF, 0x07, 0x89, 0x64, 0x18, 0x0F} },
    { 98, 0x121, 0, {0x87, 0x0D, 0x00, 0x40, 0x36, 0x62, 0x7E, 0xFE} },
    { 3, 0xA7, 0, {0x1A, 0xDA, 0x5F, 0x7F, 0xFD, 0xF5, 0x67, 0x3E} },
    { 2, 0xA8, 0, {0x2B, 0xDA, 0xBF, 0x07, 0x89, 0x64, 0x14, 0x0F} },
    { 96, 0xA7, 0, {0x74, 0xDB, 0x5F, 0x7F, 0xFD, 0xF5, 0x67, 0x3E} },
    { 3, 0xA8, 0, {0xE6, 0xDB, 0xBF, 0x07, 0x89, 0x64, 0x14, 0x0F} },
    { 93, 0x121, 0, {0x14, 0x0E, 0x00, 0x40, 0x36, 0x62, 0x7E, 0xFE} },
    { 2, 0x3BE, 0, {0xC5, 0x1F, 0x07, 0x01, 0xA8, 0xC0, 0x08, 0x80} },
    { 2, 0xA7, 0, {0xCB, 0xDC, 0x5F, 0x7F, 0xFD, 0xF5, 0x67, 0x3E} },
    { 3, 0xA8, 0, {0xE4, 0xDC, 0xBF, 0x07, 0x89, 0x64, 0x16, 0x0F} },
    { 96, 0xA7, 0, {0x3B, 0xDD, 0x5F, 0x7F, 0xFD, 0xF5, 0x67, 0x3E} },
    { 2, 0xA8, 0, {0xF7, 0xDD, 0xBF, 0x07, 0x89, 0x64, 0x16, 0x0F} },
    { 98, 0x121, 0, {0xA2, 0x0F, 0x00, 0x40, 0x36, 0x62, 0x7E, 0xFE} },
    { 2, 0xA7, 0, {0xB0, 0xDE, 0x5F, 0x7F, 0xFD, 0xF5, 0x67, 0x3E} },
    { 2, 0xA8, 0, {0x11, 0xDE, 0xBF, 0x07, 0x89, 0x64, 0x18, 0x0F} },
    { 95, 0xA7, 0, {0x6E, 0xDF, 0x5F, 0x7F, 0xFD, 0xF5, 0x67, 0x3E} },
    { 2, 0xA8, 0, {0x19, 0xDF, 0x9F, 0x07, 0x89, 0x64, 0x1A, 0x0F} },
    { 95, 0x121, 0, {0x6C, 0x00, 0x00, 0x40, 0x36, 0x62, 0x7E, 0xFE} },
    { 6, 0xA7, 0, {0xA7, 0xD0, 0x5F, 0x7F, 0xFD, 0xF5, 0x67, 0x3E} },
    { 2, 0xA8, 0, {0x55, 0xD0, 0x9F, 0x07, 0x89, 0x64, 0x1C, 0x0F} },
    { 96, 0xA7, 0, {0x2F, 0xD1, 0x5F, 0x7F, 0xFD, 0xF5, 0x67, 0x3E} },
    { 2, 0xA8, 0, {0x2F, 0xD1, 0x9F, 0x07, 0x89, 0x64, 0x1C, 0x0F} },
    { 98, 0x121, 0, {0x00, 0x01, 0x00, 0x40, 0x36, 0x62, 0x7E, 0xFE} },
    { 2, 0xA7, 0, {0x5B, 0xD2, 0x5F, 0x7F, 0xFD, 0xF5, 0x67, 0x3E} },
    { 3, 0xA8, 0, {0xDF, 0xD2, 0x9F, 0x07, 0x89, 0x64, 0x1E, 0x0F} },
    { 94, 0xA7, 0, {0xDA, 0xD3, 0x5F, 0x7F, 0xFD, 0xF5, 0x67, 0x3E} },
    { 2, 0xA8, 0, {0x30, 0xD3, 0x9F, 0x07, 0x89, 0x64, 0x1E, 0x0F} },
    { 96, 0x121, 0, {0x8F, 0x02, 0x00, 0x40, 0x36, 0x62, 0x7E, 0xFE} },
    { 3, 0xA8, 0, {0x5C, 0xD4, 0xBF, 0x07, 0x89, 0x64, 0x20, 0x0F} },
    { 2, 0xA7, 0, {0xE0, 0xD4, 0x5F, 0x7F, 0xFD, 0xF5, 0x67, 0x3E} },
    { 26, 0x641, 0, {0xDB, 0x15, 0x21, 0x4F, 0x13, 0x0A, 0x55, 0x92} },
    { 74, 0xA7, 0, {0x9B, 0xD5, 0x5F, 0x7F, 0xFD, 0xF5, 0x67, 0x3E} },
    { 3, 0xA8, 0, {0x2A, 0xD5, 0xBF, 0x07, 0x89, 0x64, 0x22, 0x0F} },
    { 92, 0x121, 0, {0x7D, 0x03, 0x00, 0x40, 0x36, 0x62, 0x7E, 0xFE} },
    { 2, 0x3BE, 0, {0x7C, 0x10, 0x07, 0x01, 0xA8, 0xC0, 0x08, 0x80} },
    { 3, 0xA7, 0, {0x08, 0xD6, 0x5F, 0x7F, 0xFD, 0xF5, 0x67, 0x3E} },
    { 2, 0xA8, 0, {0x1A, 0xD6, 0xBF, 0x07, 0x89, 0x64, 0x22, 0x0F} },
    { 69, 0x1B000076, 1, {0x76, 0x00, 0x04, 0x01, 0x01, 0x00, 0x00, 0x00} },
    { 28, 0xA7, 0, {0x81, 0xD7, 0x5F, 0x7F, 0xFD, 0xF5, 0x67, 0x3E} },
    { 2, 0xA8, 0, {0x0F, 0xD7, 0xBF, 0x07, 0x89, 0x64, 0x22, 0x0F} },
    { 96, 0x121, 0, {0xC0, 0x04, 0x00, 0x40, 0x36, 0x62, 0x7E, 0xFE} },
    { 5, 0xA8, 0, {0x09, 0xD8, 0xBF, 0x07, 0x89, 0x64, 0x24, 0x0F} },
    { 3, 0xA7, 0, {0xCC, 0xD8, 0x5F, 0x7F, 0xFD, 0xF5, 0x67, 0x3E} },
    { 97, 0xA7, 0, {0x1C, 0xD9, 0x5F, 0x7F, 0xFD, 0xF5, 0x67, 0x3E} },
    { 2, 0xA8, 0, {0x67, 0xD9, 0xBF, 0x07, 0x89, 0x64, 0x26, 0x0F} },
    { 90, 0x121, 0, {0xF7, 0x05, 0x00, 0x40, 0x36, 0x62, 0x7E, 0xFE} },
    { 3, 0xA7, 0, {0x1A, 0xDA, 0x5F, 0x7F, 0xFD, 0xF5, 0x67, 0x3E} },
    { 2, 0xA8, 0, {0x70, 0xDA, 0xBF, 0x07, 0x89, 0x64, 0x2A, 0x0F} },
    { 101, 0xA7, 0, {0x74, 0xDB, 0x5F, 0x7F, 0xFD, 0xF5, 0x67, 0x3E} },
    { 2, 0xA8, 0, {0xBD, 0xDB, 0xBF, 0x07, 0x89, 0x64, 0x2A, 0x0F} },
    { 95, 0x121, 0, {0xF0, 0x06, 0x00, 0x40, 0x36, 0x62, 0x7E, 0xFE} },
    { 3, 0xA8, 0, {0xA3, 0xDC, 0xBF, 0x07, 0x89, 0x64, 0x2A, 0x0F} },
    { 2, 0xA7, 0, {0xCB, 0xDC, 0x5F, 0x7F, 0xFD, 0xF5, 0x67, 0x3E} },
    { 100, 0xA7, 0, {0x3B, 0xDD, 0x5F, 0x7F, 0xFD, 0xF5, 0x67, 0x3E} },
    { 3, 0xA8, 0, {0xB0, 0xDD, 0xBF, 0x07, 0x89, 0x64, 0x2A, 0x0F} },
    { 93, 0x121, 0, {0xA3, 0x07, 0x00, 0x40, 0x36, 0x62, 0x7E, 0xFE} },
    { 2, 0xA7, 0, {0xB0, 0xDE, 0x5F, 0x7F, 0xFD, 0xF5, 0x67, 0x3E} },
    { 2, 0xA8, 0, {0x1E, 0xDE, 0xBF, 0x07, 0x89, 0x64, 0x28, 0x0F} },
    { 15, 0x640, 0, {0x02, 0x82, 0x71, 0xB9, 0x76, 0x20, 0x03, 0x38} },
    { 89, 0xA7, 0, {0x6E, 0xDF, 0x5F, 0x7F, 0xFD, 0xF5, 0x67, 0x3E} },
    { 2, 0xA8, 0, {0x8D, 0xDF, 0xBF, 0x07, 0x89, 0x64, 0x2A, 0x0F} },
    { 91, 0x121, 0, {0x60, 0x08, 0x00, 0x40, 0x36, 0x62, 0x7E, 0xFE} },
    { 3, 0x3BE, 0, {0x08, 0x11, 0x07, 0x01, 0xA8, 0xC0, 0x08, 0x80} },
    { 2, 0xA8, 0, {0xF9, 0xD0, 0xBF, 0x07, 0x89, 0x64, 0x28, 0x0F} },
    { 2, 0xA7, 0, {0xA7, 0xD0, 0x5F, 0x7F, 0xFD, 0xF5, 0x67, 0x3E} },
    { 99, 0xA7, 0, {0x2F, 0xD1, 0x5F, 0x7F, 0xFD, 0xF5, 0x67, 0x3E} },
    { 2, 0xA8, 0, {0x83, 0xD1, 0xBF, 0x07, 0x89, 0x64, 0x28, 0x0F} },
    { 90, 0x121, 0, {0x9F, 0x09, 0x00, 0x40, 0x36, 0x62, 0x7E, 0xFE} },
    { 3, 0xA7, 0, {0x5B, 0xD2, 0x5F, 0x7F, 0xFD, 0xF5, 0x67, 0x3E} },
    { 2, 0xA8, 0, {0x3B, 0xD2, 0xBF, 0x07, 0x89, 0x64, 0x26, 0x0F} },
    { 100, 0xA7, 0, {0xDA, 0xD3, 0x5F, 0x7F, 0xFD, 0xF5, 0x67, 0x3E} },
    { 3, 0xA8, 0, {0xEC, 0xD3, 0xBF, 0x07, 0x89, 0x64, 0x22, 0x0F} },
    { 92, 0x121, 0, {0xFA, 0x0A, 0x00, 0x40, 0x36, 0x62, 0x7E, 0xFE} },
    { 5, 0xA7, 0, {0xE0, 0xD4, 0x5F, 0x7F, 0xFD, 0xF5, 0x67, 0x3E} },
    { 3, 0xA8, 0, {0xE3, 0xD4, 0x9F, 0x07, 0x89, 0x64, 0x26, 0x0F} },
    { 95, 0xA7, 0, {0x9B, 0xD5, 0x5F, 0x7F, 0xFD, 0xF5, 0x67, 0x3E} },
    { 5, 0xA8, 0, {0xDD, 0xD5, 0x9F, 0x07, 0x89, 0x64, 0x28, 0x0F} },
    { 92, 0x121, 0, {0x51, 0x0B, 0x00, 0x40, 0x36, 0x62, 0x7E, 0xFE} },
    { 2, 0xA7, 0, {0x08, 0xD6, 0x5F, 0x7F, 0xFD, 0xF5, 0x67, 0x3E} },
    { 2, 0xA8, 0, {0xD5, 0xD6, 0x9F, 0x07, 0x89, 0x64, 0x2C, 0x0F} },
    { 102, 0xA7, 0, {0x81, 0xD7, 0x5F, 0x7F, 0xFD, 0xF5, 0x67, 0x3E} },
    { 3, 0xA8, 0, {0x68, 0xD7, 0x9F, 0x07, 0x89, 0x64, 0x30, 0x0F} },
    { 90, 0x121, 0, {0x94, 0x0C, 0x00, 0x40, 0x36, 0x62, 0x7E, 0xFE} },
    { 3, 0xA8, 0, {0x6E, 0xD8, 0x9F, 0x07, 0x89, 0x64, 0x36, 0x0F} },
    { 3, 0xA7, 0, {0xCC, 0xD8, 0x5F, 0x7F, 0xFD, 0xF5, 0x67, 0x3E} },
    { 99, 0xA7, 0, {0x1C, 0xD9, 0x5F, 0x7F, 0xFD, 0xF5, 0x67, 0x3E} },
    { 3, 0xA8, 0, {0x1C, 0xD9, 0x9F, 0x07, 0x89, 0x64, 0x36, 0x0F} },
    { 93, 0x121, 0, {0x87, 0x0D, 0x00, 0x40, 0x36, 0x62, 0x7E, 0xFE} },
    { 2, 0x3BE, 0, {0x67, 0x12, 0x07, 0x01, 0xA8, 0xC0, 0x08, 0x80} },
    { 3, 0xA7, 0, {0x1A, 0xDA, 0x5F, 0x7F, 0xFD, 0xF5, 0x67, 0x3E} },
    { 2, 0xA8, 0, {0x43, 0xDA, 0x9F, 0x07, 0x89, 0x64, 0x36, 0x0F} },
    { 68, 0x1B000076, 1, {0x76, 0x00, 0x04, 0x01, 0x01, 0x00, 0x00, 0x00}},
    { 30, 0xA7, 0, {0x74, 0xDB, 0x5F, 0x7F, 0xFD, 0xF5, 0x67, 0x3E} },
    { 2, 0xA8, 0, {0xDA, 0xDB, 0x9F, 0x07, 0x89, 0x64, 0x38, 0x0F} },
    { 93, 0x121, 0, {0x14, 0x0E, 0x00, 0x40, 0x36, 0x62, 0x7E, 0xFE} },
    { 5, 0xA8, 0, {0xFC, 0xDC, 0x9F, 0x07, 0x89, 0x64, 0x3C, 0x0F} },
    { 2, 0xA7, 0, {0xCB, 0xDC, 0x5F, 0x7F, 0xFD, 0xF5, 0x67, 0x3E} },
    { 95, 0xA7, 0, {0x3B, 0xDD, 0x5F, 0x7F, 0xFD, 0xF5, 0x67, 0x3E} },
    { 3, 0xA8, 0, {0xDE, 0xDD, 0xBF, 0x07, 0x89, 0x64, 0x42, 0x0F} },
    { 94, 0x121, 0, {0xA2, 0x0F, 0x00, 0x40, 0x36, 0x62, 0x7E, 0xFE} },
    { 2, 0xA7, 0, {0xB0, 0xDE, 0x5F, 0x7F, 0xFD, 0xF5, 0x67, 0x3E} },
    { 3, 0xA8, 0, {0x54, 0xDE, 0xBF, 0x07, 0x89, 0x64, 0x46, 0x0F} },
    { 101, 0xA7, 0, {0x6E, 0xDF, 0x5F, 0x7F, 0xFD, 0xF5, 0x67, 0x3E} },
    { 3, 0xA8, 0, {0x8F, 0xDF, 0xBF, 0x07, 0x89, 0x64, 0x48, 0x0F} },
    { 92, 0x121, 0, {0x6C, 0x00, 0x00, 0x40, 0x36, 0x62, 0x7E, 0xFE} },
    { 3, 0xA8, 0, {0xFB, 0xD0, 0xBF, 0x07, 0x89, 0x64, 0x4A, 0x0F} },
    { 2, 0xA7, 0, {0xA7, 0xD0, 0x5F, 0x7F, 0xFD, 0xF5, 0x67, 0x3E} },
    { 97, 0xA7, 0, {0x2F, 0xD1, 0x5F, 0x7F, 0xFD, 0xF5, 0x67, 0x3E} },
    { 3, 0xA8, 0, {0xB9, 0xD1, 0xBF, 0x07, 0x89, 0x64, 0x4E, 0x0F} },
    { 94, 0x121, 0, {0x00, 0x01, 0x00, 0x40, 0x36, 0x62, 0x7E, 0xFE} },
    { 2, 0xA7, 0, {0x5B, 0xD2, 0x5F, 0x7F, 0xFD, 0xF5, 0x67, 0x3E} },
    { 2, 0xA8, 0, {0xFD, 0xD2, 0xBF, 0x07, 0x89, 0x64, 0x52, 0x0F} },
    { 104, 0xA7, 0, {0xDA, 0xD3, 0x5F, 0x7F, 0xFD, 0xF5, 0x67, 0x3E} },
    { 3, 0xA8, 0, {0x7E, 0xD3, 0xBF, 0x07, 0x89, 0x64, 0x58, 0x0F} },
    { 89, 0x121, 0, {0x8F, 0x02, 0x00, 0x40, 0x36, 0x62, 0x7E, 0xFE} },
    { 2, 0x3BE, 0, {0x94, 0x13, 0x07, 0x01, 0xA8, 0xC0, 0x08, 0x80} },
    { 3, 0xA7, 0, {0xE0, 0xD4, 0x5F, 0x7F, 0xFD, 0xF5, 0x67, 0x3E} },
    { 2, 0xA8, 0, {0xD2, 0xD4, 0xBF, 0x07, 0x89, 0x64, 0x58, 0x0F} },
    { 96, 0xA7, 0, {0x82, 0xD5, 0x1F, 0x7F, 0xFD, 0xF5, 0x67, 0x3E} },
    { 3, 0xA8, 0, {0xB8, 0xD5, 0xBF, 0x07, 0x89, 0x64, 0x58, 0x0F} },
    { 95, 0x121, 0, {0x7D, 0x03, 0x00, 0x40, 0x36, 0x62, 0x7E, 0xFE} },
    { 2, 0xA7, 0, {0x11, 0xD6, 0x1F, 0x7F, 0xFD, 0xF5, 0x67, 0x3E} },
    { 2, 0xA8, 0, {0x88, 0xD6, 0xBF, 0x07, 0x89, 0x64, 0x58, 0x0F} },
    { 100, 0xA7, 0, {0x98, 0xD7, 0x1F, 0x7F, 0xFD, 0xF5, 0x67, 0x3E} },
    { 2, 0xA8, 0, {0x9D, 0xD7, 0xBF, 0x07, 0x89, 0x64, 0x58, 0x0F} },
    { 94, 0x121, 0, {0xC0, 0x04, 0x00, 0x40, 0x36, 0x62, 0x7E, 0xFE} },
    { 5, 0xA7, 0, {0xD5, 0xD8, 0x1F, 0x7F, 0xFD, 0xF5, 0x67, 0x3E} },
    { 2, 0xA8, 0, {0xBF, 0xD8, 0xBF, 0x07, 0x89, 0x64, 0x58, 0x0F} },
    { 95, 0xA7, 0, {0x05, 0xD9, 0x1F, 0x7F, 0xFD, 0xF5, 0x67, 0x3E} },
    { 5, 0xA8, 0, {0x99, 0xD9, 0xBF, 0x07, 0x89, 0x64, 0x56, 0x0F} },
    { 93, 0x121, 0, {0xF7, 0x05, 0x00, 0x40, 0x36, 0x62, 0x7E, 0xFE} },
    { 5, 0xA7, 0, {0x03, 0xDA, 0x1F, 0x7F, 0xFD, 0xF5, 0x67, 0x3E} },
    { 2, 0xA8, 0, {0xC6, 0xDA, 0xBF, 0x07, 0x89, 0x64, 0x56, 0x0F} },
    { 97, 0xA7, 0, {0x6D, 0xDB, 0x1F, 0x7F, 0xFD, 0xF5, 0x67, 0x3E} },
    { 2, 0xA8, 0, {0x17, 0xDB, 0xBF, 0x07, 0x89, 0x64, 0x54, 0x0F} },
    { 94, 0x121, 0, {0xF0, 0x06, 0x00, 0x40, 0x36, 0x62, 0x7E, 0xFE} },
    { 3, 0xA8, 0, {0x2D, 0xDC, 0xBF, 0x07, 0x89, 0x64, 0x52, 0x0F} },
    { 2, 0xA7, 0, {0xD2, 0xDC, 0x1F, 0x7F, 0xFD, 0xF5, 0x67, 0x3E} },
    { 99, 0xA7, 0, {0x22, 0xDD, 0x1F, 0x7F, 0xFD, 0xF5, 0x67, 0x3E} },
    { 3, 0xA8, 0, {0x3E, 0xDD, 0xBF, 0x07, 0x89, 0x64, 0x52, 0x0F} },
    { 92, 0x121, 0, {0xA3, 0x07, 0x00, 0x40, 0x36, 0x62, 0x7E, 0xFE} },
    { 2, 0x3BE, 0, {0x63, 0x14, 0x07, 0x01, 0xA8, 0xC0, 0x08, 0x80} },
    { 3, 0xA7, 0, {0xA9, 0xDE, 0x1F, 0x7F, 0xFD, 0xF5, 0x67, 0x3E} },
    { 2, 0xA8, 0, {0xA8, 0xDE, 0xBF, 0x07, 0x89, 0x64, 0x54, 0x0F} },
    { 68, 0x1B000076, 1, {0x76, 0x00, 0x04, 0x01, 0x01, 0x00, 0x00, 0x00} },
    { 30, 0xA7, 0, {0x77, 0xDF, 0x1F, 0x7F, 0xFD, 0xF5, 0x67, 0x3E} },
    { 2, 0xA8, 0, {0x3B, 0xDF, 0xBF, 0x07, 0x89, 0x64, 0x56, 0x0F} },
    { 96, 0x121, 0, {0x60, 0x08, 0x00, 0x40, 0x36, 0x62, 0x7E, 0xFE} },
    { 4, 0xA8, 0, {0x53, 0xD0, 0xBF, 0x07, 0x89, 0x64, 0x56, 0x0F} },
    { 3, 0xA7, 0, {0xBE, 0xD0, 0x1F, 0x7F, 0xFD, 0xF5, 0x67, 0x3E} },
    { 95, 0xA7, 0, {0x36, 0xD1, 0x1F, 0x7F, 0xFD, 0xF5, 0x67, 0x3E} },
    { 2, 0xA8, 0, {0x35, 0xD1, 0xBF, 0x07, 0x89, 0x64, 0x54, 0x0F} },
    { 99, 0x121, 0, {0x9F, 0x09, 0x00, 0x40, 0x36, 0x62, 0x7E, 0xFE} },
    { 2, 0xA7, 0, {0x42, 0xD2, 0x1F, 0x7F, 0xFD, 0xF5, 0x67, 0x3E} },
    { 2, 0xA8, 0, {0xE1, 0xD2, 0xBF, 0x07, 0x89, 0x64, 0x50, 0x0F} },
    { 93, 0xA7, 0, {0xC3, 0xD3, 0x1F, 0x7F, 0xFD, 0xF5, 0x67, 0x3E} },
    { 2, 0xA8, 0, {0xBA, 0xD3, 0xBF, 0x07, 0x89, 0x64, 0x4E, 0x0F} },
    { 99, 0x121, 0, {0xFA, 0x0A, 0x00, 0x40, 0x36, 0x62, 0x7E, 0xFE} },
    { 2, 0xA8, 0, {0x0A, 0xD4, 0xBF, 0x07, 0x89, 0x64, 0x4C, 0x0F} },
    { 2, 0xA7, 0, {0xF9, 0xD4, 0x1F, 0x7F, 0xFD, 0xF5, 0x67, 0x3E} },
    { 98, 0xA7, 0, {0x82, 0xD5, 0x1F, 0x7F, 0xFD, 0xF5, 0x67, 0x3E} },
    { 2, 0xA8, 0, {0x44, 0xD5, 0xBF, 0x07, 0x89, 0x64, 0x4A, 0x0F} },
    { 97, 0x121, 0, {0x51, 0x0B, 0x00, 0x40, 0x36, 0x62, 0x7E, 0xFE} },
    { 3, 0xA7, 0, {0x11, 0xD6, 0x1F, 0x7F, 0xFD, 0xF5, 0x67, 0x3E} },
    { 2, 0xA8, 0, {0x74, 0xD6, 0xBF, 0x07, 0x89, 0x64, 0x4A, 0x0F} },
    { 95, 0xA7, 0, {0x98, 0xD7, 0x1F, 0x7F, 0xFD, 0xF5, 0x67, 0x3E} },
    { 2, 0xA8, 0, {0x29, 0xD7, 0xBF, 0x07, 0x89, 0x64, 0x46, 0x0F} },
    { 97, 0x121, 0, {0x94, 0x0C, 0x00, 0x40, 0x36, 0x62, 0x7E, 0xFE} },
    { 2, 0x3BE, 0, {0x1C, 0x15, 0x07, 0x01, 0xA8, 0xC0, 0x08, 0x80} },
    { 3, 0xA8, 0, {0x17, 0xD8, 0xBF, 0x07, 0x89, 0x64, 0x44, 0x0F} },
    { 2, 0xA7, 0, {0xD5, 0xD8, 0x1F, 0x7F, 0xFD, 0xF5, 0x67, 0x3E} },
    { 94, 0xA7, 0, {0x05, 0xD9, 0x1F, 0x7F, 0xFD, 0xF5, 0x67, 0x3E} },
    { 2, 0xA8, 0, {0x79, 0xD9, 0xBF, 0x07, 0x89, 0x64, 0x46, 0x0F} },
    { 98, 0x121, 0, {0x87, 0x0D, 0x00, 0x40, 0x36, 0x62, 0x7E, 0xFE} },
    { 3, 0xA7, 0, {0x03, 0xDA, 0x1F, 0x7F, 0xFD, 0xF5, 0x67, 0x3E} },
    { 2, 0xA8, 0, {0x6E, 0xDA, 0xBF, 0x07, 0x89, 0x64, 0x4A, 0x0F} },
    { 93, 0xA7, 0, {0x6D, 0xDB, 0x1F, 0x7F, 0xFD, 0xF5, 0x67, 0x3E} },
    { 2, 0xA8, 0, {0x9B, 0xDB, 0xBF, 0x07, 0x89, 0x64, 0x4E, 0x0F} },
    { 99, 0x121, 0, {0x14, 0x0E, 0x00, 0x40, 0x36, 0x62, 0x7E, 0xFE} },
    { 6, 0xA7, 0, {0xD2, 0xDC, 0x1F, 0x7F, 0xFD, 0xF5, 0x67, 0x3E} },
    { 2, 0xA8, 0, {0x31, 0xDC, 0xBF, 0x07, 0x89, 0x64, 0x50, 0x0F} },
    { 93, 0xA7, 0, {0x22, 0xDD, 0x1F, 0x7F, 0xFD, 0xF5, 0x67, 0x3E} },
    { 2, 0xA8, 0, {0x22, 0xDD, 0xBF, 0x07, 0x89, 0x64, 0x50, 0x0F} },
    { 99, 0x121, 0, {0xA2, 0x0F, 0x00, 0x40, 0x36, 0x62, 0x7E, 0xFE} },
    { 2, 0xA7, 0, {0xB0, 0xDE, 0x5F, 0x7F, 0xFD, 0xF5, 0x67, 0x3E} },
    { 3, 0xA8, 0, {0x24, 0xDE, 0xBF, 0x07, 0x89, 0x64, 0x4E, 0x0F} },
    { 92, 0xA7, 0, {0x6E, 0xDF, 0x5F, 0x7F, 0xFD, 0xF5, 0x67, 0x3E} },
    { 2, 0xA8, 0, {0xB7, 0xDF, 0xBF, 0x07, 0x89, 0x64, 0x4C, 0x0F} },
    { 99, 0x121, 0, {0x6C, 0x00, 0x00, 0x40, 0x36, 0x62, 0x7E, 0xFE} },
    { 4, 0xA8, 0, {0xFB, 0xD0, 0xBF, 0x07, 0x89, 0x64, 0x4A, 0x0F} },
    { 3, 0xA7, 0, {0xA7, 0xD0, 0x5F, 0x7F, 0xFD, 0xF5, 0x67, 0x3E} },
    { 15, 0x640, 0, {0x02, 0x82, 0x71, 0xB9, 0x76, 0x20, 0x03, 0x38} },
    { 80, 0xA7, 0, {0x2F, 0xD1, 0x5F, 0x7F, 0xFD, 0xF5, 0x67, 0x3E} },
    { 2, 0xA8, 0, {0x81, 0xD1, 0xBF, 0x07, 0x89, 0x64, 0x4A, 0x0F} },
    { 92, 0x121, 0, {0x00, 0x01, 0x00, 0x40, 0x36, 0x62, 0x7E, 0xFE} },
    { 2, 0x3BE, 0, {0x01, 0x16, 0x07, 0x01, 0xA8, 0xC0, 0x08, 0x80} },
    { 3, 0xA7, 0, {0x5B, 0xD2, 0x5F, 0x7F, 0xFD, 0xF5, 0x67, 0x3E} },
    { 2, 0xA8, 0, {0x49, 0xD2, 0xBF, 0x07, 0x89, 0x64, 0x4C, 0x0F} },
    { 68, 0x1B000076, 1, {0x76, 0x00, 0x04, 0x01, 0x01, 0x00, 0x00, 0x00} },
    { 28, 0xA7, 0, {0xDA, 0xD3, 0x5F, 0x7F, 0xFD, 0xF5, 0x67, 0x3E} },
    { 2, 0xA8, 0, {0x82, 0xD3, 0xBF, 0x07, 0x89, 0x64, 0x4A, 0x0F} },
    { 99, 0x121, 0, {0x8F, 0x02, 0x00, 0x40, 0x36, 0x62, 0x7E, 0xFE} },
    { 6, 0xA8, 0, {0x32, 0xD4, 0xBF, 0x07, 0x89, 0x64, 0x48, 0x0F} },
    { 2, 0xA7, 0, {0xE0, 0xD4, 0x5F, 0x7F, 0xFD, 0xF5, 0x67, 0x3E} },
    { 91, 0xA7, 0, {0x9B, 0xD5, 0x5F, 0x7F, 0xFD, 0xF5, 0x67, 0x3E} },
    { 2, 0xA8, 0, {0x58, 0xD5, 0xBF, 0x07, 0x89, 0x64, 0x48, 0x0F} },
    { 95, 0x121, 0, {0x7D, 0x03, 0x00, 0x40, 0x36, 0x62, 0x7E, 0xFE} },
    { 2, 0xA7, 0, {0x11, 0xD6, 0x1F, 0x7F, 0xFD, 0xF5, 0x67, 0x3E} },
    { 3, 0xA8, 0, {0x3C, 0xD6, 0xBF, 0x07, 0x89, 0x64, 0x46, 0x0F} },
    { 100, 0xA7, 0, {0x98, 0xD7, 0x1F, 0x7F, 0xFD, 0xF5, 0x67, 0x3E} },
    { 3, 0xA8, 0, {0x7D, 0xD7, 0xBF, 0x07, 0x89, 0x64, 0x48, 0x0F} },
    { 96, 0x121, 0, {0xC0, 0x04, 0x00, 0x40, 0x36, 0x62, 0x7E, 0xFE} },
    { 5, 0xA8, 0, {0x43, 0xD8, 0xBF, 0x07, 0x89, 0x64, 0x4A, 0x0F} },
    { 2, 0xA7, 0, {0xCC, 0xD8, 0x5F, 0x7F, 0xFD, 0xF5, 0x67, 0x3E} },
    { 92, 0xA7, 0, {0x1C, 0xD9, 0x5F, 0x7F, 0xFD, 0xF5, 0x67, 0x3E} },
    { 3, 0xA8, 0, {0x31, 0xD9, 0xBF, 0x07, 0x89, 0x64, 0x4A, 0x0F} },
    { 95, 0x121, 0, {0xF7, 0x05, 0x00, 0x40, 0x36, 0x62, 0x7E, 0xFE} },
    { 5, 0xA7, 0, {0x1A, 0xDA, 0x5F, 0x7F, 0xFD, 0xF5, 0x67, 0x3E} },
    { 2, 0xA8, 0, {0x72, 0xDA, 0xBF, 0x07, 0x89, 0x64, 0x48, 0x0F} },
    { 98, 0xA7, 0, {0x74, 0xDB, 0x5F, 0x7F, 0xFD, 0xF5, 0x67, 0x3E} },
    { 2, 0xA8, 0, {0xEB, 0xDB, 0xBF, 0x07, 0x89, 0x64, 0x46, 0x0F} },
    { 96, 0x121, 0, {0xF0, 0x06, 0x00, 0x40, 0x36, 0x62, 0x7E, 0xFE} },
    { 2, 0x3BE, 0, {0x8D, 0x17, 0x07, 0x01, 0xA8, 0xC0, 0x08, 0x80} },
    { 3, 0xA7, 0, {0xCB, 0xDC, 0x5F, 0x7F, 0xFD, 0xF5, 0x67, 0x3E} },
    { 2, 0xA8, 0, {0xF5, 0xDC, 0xBF, 0x07, 0x89, 0x64, 0x46, 0x0F} },
    { 93, 0xA7, 0, {0x3B, 0xDD, 0x5F, 0x7F, 0xFD, 0xF5, 0x67, 0x3E} },
    { 2, 0xA8, 0, {0x8A, 0xDD, 0xBF, 0x07, 0x89, 0x64, 0x4C, 0x0F} },
    { 95, 0x121, 0, {0xA3, 0x07, 0x00, 0x40, 0x36, 0x62, 0x7E, 0xFE} },
    { 2, 0xA7, 0, {0xB0, 0xDE, 0x5F, 0x7F, 0xFD, 0xF5, 0x67, 0x3E} },
    { 3, 0xA8, 0, {0x8C, 0xDE, 0xBF, 0x07, 0x89, 0x64, 0x52, 0x0F} },
    { 97, 0xA7, 0, {0x6E, 0xDF, 0x5F, 0x7F, 0xFD, 0xF5, 0x67, 0x3E} },
    { 2, 0xA8, 0, {0x27, 0xDF, 0xBF, 0x07, 0x89, 0x64, 0x54, 0x0F} },
    { 99, 0x121, 0, {0x60, 0x08, 0x00, 0x40, 0x36, 0x62, 0x7E, 0xFE} },
    { 7, 0xA7, 0, {0xA7, 0xD0, 0x5F, 0x7F, 0xFD, 0xF5, 0x67, 0x3E} },
    { 2, 0xA8, 0, {0x4F, 0xD0, 0xBF, 0x07, 0x89, 0x64, 0x54, 0x0F} },
    { 89, 0xA7, 0, {0x2F, 0xD1, 0x5F, 0x7F, 0xFD, 0xF5, 0x67, 0x3E} },
    { 4, 0xA8, 0, {0x35, 0xD1, 0xBF, 0x07, 0x89, 0x64, 0x54, 0x0F} },
    { 95, 0x121, 0, {0x9F, 0x09, 0x00, 0x40, 0x36, 0x62, 0x7E, 0xFE} },
    { 2, 0xA7, 0, {0x42, 0xD2, 0x1F, 0x7F, 0xFD, 0xF5, 0x67, 0x3E} },
    { 3, 0xA8, 0, {0xD9, 0xD2, 0xBF, 0x07, 0x89, 0x64, 0x54, 0x0F} },
    { 97, 0xA7, 0, {0xC3, 0xD3, 0x1F, 0x7F, 0xFD, 0xF5, 0x67, 0x3E} },
    { 2, 0xA8, 0, {0x7E, 0xD3, 0xBF, 0x07, 0x89, 0x64, 0x58, 0x0F} },
    { 99, 0x121, 0, {0xFA, 0x0A, 0x00, 0x40, 0x36, 0x62, 0x7E, 0xFE} },
    { 4, 0xA8, 0, {0xF6, 0xD4, 0xBF, 0x07, 0x89, 0x64, 0x5E, 0x0F} },
    { 2, 0xA7, 0, {0xF9, 0xD4, 0x1F, 0x7F, 0xFD, 0xF5, 0x67, 0x3E} },
    { 96, 0xA7, 0, {0x82, 0xD5, 0x1F, 0x7F, 0xFD, 0xF5, 0x67, 0x3E} },
    { 2, 0xA8, 0, {0xFF, 0xD5, 0xBF, 0x07, 0x89, 0x64, 0x64, 0x0F} },
    { 92, 0x121, 0, {0x51, 0x0B, 0x00, 0x40, 0x36, 0x62, 0x7E, 0xFE} },
    { 3, 0x3BE, 0, {0x77, 0x18, 0x07, 0x01, 0xA8, 0xC0, 0x08, 0x80} },
    { 2, 0xA7, 0, {0x11, 0xD6, 0x1F, 0x7F, 0xFD, 0xF5, 0x67, 0x3E} },
    { 2, 0xA8, 0, {0xD3, 0xD6, 0xBF, 0x07, 0x89, 0x64, 0x66, 0x0F} },
    { 68, 0x1B000076, 1, {0x76, 0x00, 0x04, 0x01, 0x01, 0x00, 0x00, 0x00} },
    { 28, 0xA7, 0, {0x12, 0xD7, 0x1F, 0x7F, 0xFD, 0xF1, 0x67, 0x3E} },
    { 2, 0xA8, 0, {0xC6, 0xD7, 0xBF, 0x07, 0x89, 0x64, 0x66, 0x0F} },
    { 98, 0x121, 0, {0x94, 0x0C, 0x00, 0x40, 0x36, 0x62, 0x7E, 0xFE} },
    { 6, 0xA8, 0, {0xB0, 0xD8, 0xBF, 0x07, 0x89, 0x64, 0x68, 0x0F} },
    { 2, 0xA7, 0, {0x5F, 0xD8, 0x1F, 0x7F, 0xFD, 0xF1, 0x67, 0x3E} },
    { 92, 0xA7, 0, {0x8F, 0xD9, 0x1F, 0x7F, 0xFD, 0xF1, 0x67, 0x3E} },
    { 3, 0xA8, 0, {0xB2, 0xD9, 0xBF, 0x07, 0x89, 0x64, 0x60, 0x0F} },
    { 94, 0x121, 0, {0x87, 0x0D, 0x00, 0x40, 0x36, 0x62, 0x7E, 0xFE} },
    { 2, 0xA7, 0, {0x89, 0xDA, 0x1F, 0x7F, 0xFD, 0xF1, 0x67, 0x3E} },
    { 3, 0xA8, 0, {0x92, 0xDA, 0xBF, 0x07, 0x89, 0x64, 0x58, 0x0F} },
    { 98, 0xA7, 0, {0xE7, 0xDB, 0x1F, 0x7F, 0xFD, 0xF1, 0x67, 0x3E} },
    { 2, 0xA8, 0, {0x17, 0xDB, 0xBF, 0x07, 0x89, 0x64, 0x54, 0x0F} },
    { 98, 0x121, 0, {0x14, 0x0E, 0x00, 0x40, 0x36, 0x62, 0x7E, 0xFE} },
    { 4, 0xA8, 0, {0x99, 0xDC, 0xBF, 0x07, 0x89, 0x64, 0x4C, 0x0F} },
    { 2, 0xA7, 0, {0x58, 0xDC, 0x1F, 0x7F, 0xFD, 0xF1, 0x67, 0x3E} },
    { 94, 0xA7, 0, {0xA8, 0xDD, 0x1F, 0x7F, 0xFD, 0xF1, 0x67, 0x3E} },
    { 3, 0xA8, 0, {0xAE, 0xDD, 0xBF, 0x07, 0x89, 0x64, 0x4A, 0x0F} },
    { 95, 0x121, 0, {0xA2, 0x0F, 0x00, 0x40, 0x36, 0x62, 0x7E, 0xFE} },
    { 2, 0xA7, 0, {0x81, 0xCE, 0x1F, 0x7F, 0xFD, 0xF1, 0x67, 0x3E} },
    { 3, 0xA8, 0, {0x38, 0xDE, 0xBF, 0x07, 0x89, 0x64, 0x4C, 0x0F} },
    { 99, 0xA7, 0, {0xD5, 0xCF, 0x1F, 0x7F, 0xFD, 0xF5, 0x67, 0x3E} },
    { 3, 0xA8, 0, {0xB7, 0xDF, 0xBF, 0x07, 0x89, 0x64, 0x4C, 0x0F} },
    { 93, 0x121, 0, {0x6C, 0x00, 0x00, 0x40, 0x36, 0x62, 0x7E, 0xFE} },
    { 3, 0x3BE, 0, {0x54, 0x19, 0x07, 0x01, 0xA8, 0xC0, 0x08, 0x80} },
    { 2, 0xA7, 0, {0x1C, 0xC0, 0x1F, 0x7F, 0xFD, 0xF5, 0x67, 0x3E} },
    { 2, 0xA8, 0, {0xDF, 0xD0, 0xBF, 0x07, 0x89, 0x64, 0x4C, 0x0F} },
    { 97, 0xA7, 0, {0x94, 0xC1, 0x1F, 0x7F, 0xFD, 0xF5, 0x67, 0x3E} },
    { 2, 0xA8, 0, {0xA5, 0xD1, 0xBF, 0x07, 0x89, 0x64, 0x4C, 0x0F} },
    { 96, 0x121, 0, {0x00, 0x01, 0x00, 0x40, 0x36, 0x62, 0x7E, 0xFE} },
    { 2, 0xA7, 0, {0xE0, 0xC2, 0x1F, 0x7F, 0xFD, 0xF5, 0x67, 0x3E} },
    { 3, 0xA8, 0, {0x6D, 0xD2, 0xBF, 0x07, 0x89, 0x64, 0x4A, 0x0F} },
    { 99, 0xA7, 0, {0x61, 0xC3, 0x1F, 0x7F, 0xFD, 0xF5, 0x67, 0x3E} },
    { 3, 0xA8, 0, {0xCA, 0xD3, 0xBF, 0x07, 0x89, 0x64, 0x46, 0x0F} },
    { 90, 0x121, 0, {0x8F, 0x02, 0x00, 0x40, 0x36, 0x62, 0x7E, 0xFE} },
    { 7, 0xA7, 0, {0xF9, 0xD4, 0x1F, 0x7F, 0xFD, 0xF5, 0x67, 0x3E} },
    { 2, 0xA8, 0, {0x7A, 0xD4, 0xBF, 0x07, 0x89, 0x64, 0x44, 0x0F} },
    { 97, 0xA7, 0, {0x82, 0xD5, 0x1F, 0x7F, 0xFD, 0xF5, 0x67, 0x3E} },
    { 2, 0xA8, 0, {0x0C, 0xD5, 0xBF, 0x07, 0x89, 0x64, 0x46, 0x0F} },
    { 95, 0x121, 0, {0x7D, 0x03, 0x00, 0x40, 0x36, 0x62, 0x7E, 0xFE} },
    { 2, 0xA7, 0, {0x11, 0xD6, 0x1F, 0x7F, 0xFD, 0xF5, 0x67, 0x3E} },
    { 2, 0xA8, 0, {0x68, 0xD6, 0xBF, 0x07, 0x89, 0x64, 0x48, 0x0F} },
    { 100, 0xA7, 0, {0x98, 0xD7, 0x1F, 0x7F, 0xFD, 0xF5, 0x67, 0x3E} },
    { 3, 0xA8, 0, {0x61, 0xD7, 0xBF, 0x07, 0x89, 0x64, 0x4A, 0x0F} },
    { 91, 0x121, 0, {0xC0, 0x04, 0x00, 0x40, 0x36, 0x62, 0x7E, 0xFE} },
    { 3, 0xA8, 0, {0x43, 0xD8, 0xBF, 0x07, 0x89, 0x64, 0x4A, 0x0F} },
    { 2, 0xA7, 0, {0xD5, 0xD8, 0x1F, 0x7F, 0xFD, 0xF5, 0x67, 0x3E} },
    { 24, 0x641, 0, {0x77, 0x16, 0x21, 0x4F, 0x13, 0x0A, 0x55, 0x92} },
    { 79, 0xA7, 0, {0x05, 0xD9, 0x1F, 0x7F, 0xFD, 0xF5, 0x67, 0x3E} },
    { 2, 0xA8, 0, {0x2D, 0xD9, 0xBF, 0x07, 0x89, 0x64, 0x48, 0x0F} },
    { 91, 0x121, 0, {0xF7, 0x05, 0x00, 0x40, 0x36, 0x62, 0x7E, 0xFE} },
    { 3, 0x3BE, 0, {0x9F, 0x1A, 0x07, 0x01, 0xA8, 0xC0, 0x08, 0x80} },
    { 2, 0xA7, 0, {0x03, 0xDA, 0x1F, 0x7F, 0xFD, 0xF5, 0x67, 0x3E} },
    { 3, 0xA8, 0, {0x26, 0xDA, 0xBF, 0x07, 0x89, 0x64, 0x46, 0x0F} },
    { 65, 0x1B000076, 1, {0x76, 0x00, 0x04, 0x01, 0x01, 0x00, 0x00, 0x00} },
    { 33, 0xA7, 0, {0x74, 0xDB, 0x5F, 0x7F, 0xFD, 0xF5, 0x67, 0x3E} },
    { 2, 0xA8, 0, {0xEB, 0xDB, 0xBF, 0x07, 0x89, 0x64, 0x46, 0x0F} },
    { 90, 0x121, 0, {0xF0, 0x06, 0x00, 0x40, 0x36, 0x62, 0x7E, 0xFE} },
    { 6, 0xA8, 0, {0xF5, 0xDC, 0xBF, 0x07, 0x89, 0x64, 0x46, 0x0F} },
    { 2, 0xA7, 0, {0xCB, 0xDC, 0x5F, 0x7F, 0xFD, 0xF5, 0x67, 0x3E} },
    { 99, 0xA7, 0, {0x3B, 0xDD, 0x5F, 0x7F, 0xFD, 0xF5, 0x67, 0x3E} },
    { 2, 0xA8, 0, {0xB2, 0xDD, 0xBF, 0x07, 0x89, 0x64, 0x48, 0x0F} },
    { 91, 0x121, 0, {0xA3, 0x07, 0x00, 0x40, 0x36, 0x62, 0x7E, 0xFE} },
    { 6, 0xA7, 0, {0xB0, 0xDE, 0x5F, 0x7F, 0xFD, 0xF5, 0x67, 0x3E} },
    { 2, 0xA8, 0, {0x00, 0xDE, 0xBF, 0x07, 0x89, 0x64, 0x48, 0x0F} },
    { 100, 0xA7, 0, {0x77, 0xDF, 0x1F, 0x7F, 0xFD, 0xF5, 0x67, 0x3E} },
    { 2, 0xA8, 0, {0x8F, 0xDF, 0xBF, 0x07, 0x89, 0x64, 0x48, 0x0F} },
    { 91, 0x121, 0, {0x60, 0x08, 0x00, 0x40, 0x36, 0x62, 0x7E, 0xFE} },
    { 3, 0xA8, 0, {0xB3, 0xD0, 0xBF, 0x07, 0x89, 0x64, 0x46, 0x0F} },
    { 2, 0xA7, 0, {0xBE, 0xD0, 0x1F, 0x7F, 0xFD, 0xF5, 0x67, 0x3E} },
    { 100, 0xA7, 0, {0x36, 0xD1, 0x1F, 0x7F, 0xFD, 0xF5, 0x67, 0x3E} },
    { 3, 0xA8, 0, {0xD5, 0xD1, 0xBF, 0x07, 0x89, 0x64, 0x44, 0x0F} },
    { 92, 0x121, 0, {0x9F, 0x09, 0x00, 0x40, 0x36, 0x62, 0x7E, 0xFE} },
    { 5, 0xA7, 0, {0x42, 0xD2, 0x1F, 0x7F, 0xFD, 0xF5, 0x67, 0x3E} },
    { 2, 0xA8, 0, {0x01, 0xD2, 0xBF, 0x07, 0x89, 0x64, 0x40, 0x0F} },
    { 14, 0x640, 0, {0x02, 0x82, 0x71, 0xB9, 0x76, 0x20, 0x03, 0x38} },
    { 83, 0xA7, 0, {0xC3, 0xD3, 0x1F, 0x7F, 0xFD, 0xF5, 0x67, 0x3E} },
    { 2, 0xA8, 0, {0x58, 0xD3, 0xBF, 0x07, 0x89, 0x64, 0x3C, 0x0F} },
    { 94, 0x121, 0, {0xFA, 0x0A, 0x00, 0x40, 0x36, 0x62, 0x7E, 0xFE} },
    { 2, 0x3BE, 0, {0xE9, 0x1B, 0x07, 0x01, 0xA8, 0xC0, 0x08, 0x80} },
    { 3, 0xA7, 0, {0xF9, 0xD4, 0x1F, 0x7F, 0xFD, 0xF5, 0x67, 0x3E} },
    { 2, 0xA8, 0, {0x98, 0xD4, 0xBF, 0x07, 0x89, 0x64, 0x36, 0x0F} },
    { 99, 0xA7, 0, {0x82, 0xD5, 0x1F, 0x7F, 0xFD, 0xF5, 0x67, 0x3E} },
    { 2, 0xA8, 0, {0xD6, 0xD5, 0xBF, 0x07, 0x89, 0x64, 0x30, 0x0F} },
    { 91, 0x121, 0, {0x51, 0x0B, 0x00, 0x40, 0x36, 0x62, 0x7E, 0xFE} },
    { 3, 0xA7, 0, {0x11, 0xD6, 0x1F, 0x7F, 0xFD, 0xF5, 0x67, 0x3E} },
    { 2, 0xA8, 0, {0xE6, 0xD6, 0xBF, 0x07, 0x89, 0x64, 0x30, 0x0F} },
    { 97, 0xA7, 0, {0x81, 0xD7, 0x5F, 0x7F, 0xFD, 0xF5, 0x67, 0x3E} },
    { 3, 0xA8, 0, {0xEF, 0xD7, 0xBF, 0x07, 0x89, 0x64, 0x32, 0x0F} },
    { 95, 0x121, 0, {0x94, 0x0C, 0x00, 0x40, 0x36, 0x62, 0x7E, 0xFE} },
    { 5, 0xA8, 0, {0xCD, 0xD8, 0xBF, 0x07, 0x89, 0x64, 0x32, 0x0F} },
    { 3, 0xA7, 0, {0xCC, 0xD8, 0x5F, 0x7F, 0xFD, 0xF5, 0x67, 0x3E} },
    { 100, 0xA7, 0, {0x1C, 0xD9, 0x5F, 0x7F, 0xFD, 0xF5, 0x67, 0x3E} },
    { 2, 0xA8, 0, {0x87, 0xD9, 0xBF, 0x07, 0x89, 0x64, 0x36, 0x0F} },
    { 91, 0x121, 0, {0x87, 0x0D, 0x00, 0x40, 0x36, 0x62, 0x7E, 0xFE} },
    { 5, 0xA7, 0, {0x1A, 0xDA, 0x5F, 0x7F, 0xFD, 0xF5, 0x67, 0x3E} },
    { 2, 0xA8, 0, {0x8C, 0xDA, 0xBF, 0x07, 0x89, 0x64, 0x38, 0x0F} },
    { 95, 0xA7, 0, {0x74, 0xDB, 0x5F, 0x7F, 0xFD, 0xF5, 0x67, 0x3E} },
    { 2, 0xA8, 0, {0x41, 0xDB, 0xBF, 0x07, 0x89, 0x64, 0x38, 0x0F} },
    { 95, 0x121, 0, {0x14, 0x0E, 0x00, 0x40, 0x36, 0x62, 0x7E, 0xFE} },
    { 3, 0xA8, 0, {0x5F, 0xDC, 0xBF, 0x07, 0x89, 0x64, 0x38, 0x0F} },
    { 2, 0xA7, 0, {0xCB, 0xDC, 0x5F, 0x7F, 0xFD, 0xF5, 0x67, 0x3E} },
    { 102, 0xA7, 0, {0x3B, 0xDD, 0x5F, 0x7F, 0xFD, 0xF5, 0x67, 0x3E} },
    { 5, 0xA8, 0, {0x4C, 0xDD, 0xBF, 0x07, 0x89, 0x64, 0x38, 0x0F} },
    { 88, 0x121, 0, {0xA2, 0x0F, 0x00, 0x40, 0x36, 0x62, 0x7E, 0xFE} },
    { 3, 0x3BE, 0, {0x6C, 0x1C, 0x07, 0x01, 0xA8, 0xC0, 0x08, 0x80} },
    { 2, 0xA7, 0, {0xB0, 0xDE, 0x5F, 0x7F, 0xFD, 0xF5, 0x67, 0x3E} },
    { 2, 0xA8, 0, {0xFE, 0xDE, 0xBF, 0x07, 0x89, 0x64, 0x38, 0x0F} },
    { 68, 0x1B000076, 1, {0x76, 0x00, 0x04, 0x01, 0x01, 0x00, 0x00, 0x00} },
    { 28, 0xA7, 0, {0x6E, 0xDF, 0x5F, 0x7F, 0xFD, 0xF5, 0x67, 0x3E} },
    { 2, 0xA8, 0, {0x6D, 0xDF, 0xBF, 0x07, 0x89, 0x64, 0x3A, 0x0F} },
    { 96, 0x121, 0, {0x6C, 0x00, 0x00, 0x40, 0x36, 0x62, 0x7E, 0xFE} },
    { 5, 0xA8, 0, {0x21, 0xD0, 0xBF, 0x07, 0x89, 0x64, 0x3C, 0x0F} },
    { 2, 0xA7, 0, {0xA7, 0xD0, 0x5F, 0x7F, 0xFD, 0xF5, 0x67, 0x3E} },
    { 98, 0xA7, 0, {0x2F, 0xD1, 0x5F, 0x7F, 0xFD, 0xF5, 0x67, 0x3E} },
    { 3, 0xA8, 0, {0x5B, 0xD1, 0xBF, 0x07, 0x89, 0x64, 0x3C, 0x0F} },
    { 91, 0x121, 0, {0x00, 0x01, 0x00, 0x40, 0x36, 0x62, 0x7E, 0xFE} },
    { 2, 0xA7, 0, {0x5B, 0xD2, 0x5F, 0x7F, 0xFD, 0xF5, 0x67, 0x3E} },
    { 3, 0xA8, 0, {0x8F, 0xD2, 0xBF, 0x07, 0x89, 0x64, 0x38, 0x0F} },
    { 98, 0xA7, 0, {0xDA, 0xD3, 0x5F, 0x7F, 0xFD, 0xF5, 0x67, 0x3E} },
    { 2, 0xA8, 0, {0x34, 0xD3, 0xBF, 0x07, 0x89, 0x64, 0x36, 0x0F} },
    { 96, 0x121, 0, {0x8F, 0x02, 0x00, 0x40, 0x36, 0x62, 0x7E, 0xFE} },
    { 3, 0xA8, 0, {0x84, 0xD4, 0xBF, 0x07, 0x89, 0x64, 0x34, 0x0F} },
    { 2, 0xA7, 0, {0xE0, 0xD4, 0x5F, 0x7F, 0xFD, 0xF5, 0x67, 0x3E} },
    { 99, 0xA7, 0, {0x9B, 0xD5, 0x5F, 0x7F, 0xFD, 0xF5, 0x67, 0x3E} },
    { 3, 0xA8, 0, {0xF2, 0xD5, 0xBF, 0x07, 0x89, 0x64, 0x36, 0x0F} },
    { 93, 0x121, 0, {0x7D, 0x03, 0x00, 0x40, 0x36, 0x62, 0x7E, 0xFE} },
    { 2, 0xA7, 0, {0x08, 0xD6, 0x5F, 0x7F, 0xFD, 0xF5, 0x67, 0x3E} },
    { 3, 0xA8, 0, {0x96, 0xD6, 0xBF, 0x07, 0x89, 0x64, 0x38, 0x0F} },
    { 99, 0xA7, 0, {0x81, 0xD7, 0x5F, 0x7F, 0xFD, 0xF5, 0x67, 0x3E} },
    { 2, 0xA8, 0, {0x9F, 0xD7, 0xBF, 0x07, 0x89, 0x64, 0x3A, 0x0F} },
    { 93, 0x121, 0, {0xC0, 0x04, 0x00, 0x40, 0x36, 0x62, 0x7E, 0xFE} },
    { 2, 0x3BE, 0, {0xD7, 0x1D, 0x07, 0x01, 0xA8, 0xC0, 0x08, 0x80} },
    { 3, 0xA7, 0, {0xCC, 0xD8, 0x5F, 0x7F, 0xFD, 0xF5, 0x67, 0x3E} },
    { 2, 0xA8, 0, {0xA1, 0xD8, 0xBF, 0x07, 0x89, 0x64, 0x38, 0x0F} },
    { 98, 0xA7, 0, {0x1C, 0xD9, 0x5F, 0x7F, 0xFD, 0xF5, 0x67, 0x3E} },
    { 2, 0xA8, 0, {0xD3, 0xD9, 0xBF, 0x07, 0x89, 0x64, 0x38, 0x0F} },
    { 95, 0x121, 0, {0xF7, 0x05, 0x00, 0x40, 0x36, 0x62, 0x7E, 0xFE} },
    { 3, 0xA7, 0, {0x1A, 0xDA, 0x5F, 0x7F, 0xFD, 0xF5, 0x67, 0x3E} },
    { 2, 0xA8, 0, {0xD8, 0xDA, 0xBF, 0x07, 0x89, 0x64, 0x36, 0x0F} },
    { 97, 0xA7, 0, {0x6D, 0xDB, 0x1F, 0x7F, 0xFD, 0xF5, 0x67, 0x3E} },
    { 2, 0xA8, 0, {0x2D, 0xDB, 0xBF, 0x07, 0x89, 0x64, 0x32, 0x0F} },
    { 99, 0x121, 0, {0xF0, 0x06, 0x00, 0x40, 0x36, 0x62, 0x7E, 0xFE} },
    { 6, 0xA8, 0, {0x2F, 0xDC, 0xBF, 0x07, 0x89, 0x64, 0x30, 0x0F} },
    { 3, 0xA7, 0, {0xD2, 0xDC, 0x1F, 0x7F, 0xFD, 0xF5, 0x67, 0x3E} },
    { 90, 0xA7, 0, {0x22, 0xDD, 0x1F, 0x7F, 0xFD, 0xF5, 0x67, 0x3E} },
    { 2, 0xA8, 0, {0x88, 0xDD, 0xBF, 0x07, 0x89, 0x64, 0x2E, 0x0F} },
    { 97, 0x121, 0, {0xA3, 0x07, 0x00, 0x40, 0x36, 0x62, 0x7E, 0xFE} },
    { 3, 0xA7, 0, {0xA9, 0xDE, 0x1F, 0x7F, 0xFD, 0xF5, 0x67, 0x3E} },
    { 2, 0xA8, 0, {0x26, 0xDE, 0xBF, 0x07, 0x89, 0x64, 0x2C, 0x0F} },
    { 97, 0xA7, 0, {0x77, 0xDF, 0x1F, 0x7F, 0xFD, 0xF5, 0x67, 0x3E} },
    { 2, 0xA8, 0, {0x01, 0xDF, 0xBF, 0x07, 0x89, 0x64, 0x30, 0x0F} },
    { 99, 0x121, 0, {0x60, 0x08, 0x00, 0x40, 0x36, 0x62, 0x7E, 0xFE} },
    { 3, 0xA8, 0, {0x75, 0xD0, 0xBF, 0x07, 0x89, 0x64, 0x32, 0x0F} },
    { 2, 0xA7, 0, {0xA7, 0xD0, 0x5F, 0x7F, 0xFD, 0xF5, 0x67, 0x3E} },
    { 95, 0xA7, 0, {0x2F, 0xD1, 0x5F, 0x7F, 0xFD, 0xF5, 0x67, 0x3E} },
    { 2, 0xA8, 0, {0x2B, 0xD1, 0xBF, 0x07, 0x89, 0x64, 0x34, 0x0F} },
    { 97, 0x121, 0, {0x9F, 0x09, 0x00, 0x40, 0x36, 0x62, 0x7E, 0xFE} },
    { 2, 0x3BE, 0, {0xC8, 0x1E, 0x07, 0x01, 0xA8, 0xC0, 0x08, 0x80} },
    { 3, 0xA7, 0, {0x5B, 0xD2, 0x5F, 0x7F, 0xFD, 0xF5, 0x67, 0x3E} },
    { 2, 0xA8, 0, {0xDB, 0xD2, 0xBF, 0x07, 0x89, 0x64, 0x36, 0x0F} },
    { 63, 0x1B000076, 1, {0x76, 0x00, 0x04, 0x01, 0x01, 0x00, 0x00, 0x00} },
    { 30, 0xA7, 0, {0xDA, 0xD3, 0x5F, 0x7F, 0xFD, 0xF5, 0x67, 0x3E} },
    { 2, 0xA8, 0, {0x34, 0xD3, 0xBF, 0x07, 0x89, 0x64, 0x36, 0x0F} },
    { 98, 0x121, 0, {0xFA, 0x0A, 0x00, 0x40, 0x36, 0x62, 0x7E, 0xFE} },
    { 6, 0xA8, 0, {0x98, 0xD4, 0xBF, 0x07, 0x89, 0x64, 0x36, 0x0F} },
    { 3, 0xA7, 0, {0xE0, 0xD4, 0x5F, 0x7F, 0xFD, 0xF5, 0x67, 0x3E} },
    { 89, 0xA7, 0, {0x9B, 0xD5, 0x5F, 0x7F, 0xFD, 0xF5, 0x67, 0x3E} },
    { 3, 0xA8, 0, {0xA6, 0xD5, 0xBF, 0x07, 0x89, 0x64, 0x38, 0x0F} },
    { 98, 0x121, 0, {0x51, 0x0B, 0x00, 0x40, 0x36, 0x62, 0x7E, 0xFE} },
    { 2, 0xA7, 0, {0x08, 0xD6, 0x5F, 0x7F, 0xFD, 0xF5, 0x67, 0x3E} },
    { 3, 0xA8, 0, {0x8A, 0xD6, 0xBF, 0x07, 0x89, 0x64, 0x3A, 0x0F} },
    { 94, 0xA7, 0, {0x81, 0xD7, 0x5F, 0x7F, 0xFD, 0xF5, 0x67, 0x3E} },
    { 2, 0xA8, 0, {0xBB, 0xD7, 0xBF, 0x07, 0x89, 0x64, 0x3C, 0x0F} },
    { 96, 0x121, 0, {0x94, 0x0C, 0x00, 0x40, 0x36, 0x62, 0x7E, 0xFE} },
    { 3, 0xA8, 0, {0x85, 0xD8, 0xBF, 0x07, 0x89, 0x64, 0x3E, 0x0F} },
    { 2, 0xA7, 0, {0xCC, 0xD8, 0x5F, 0x7F, 0xFD, 0xF5, 0x67, 0x3E} },
    { 97, 0xA7, 0, {0x1C, 0xD9, 0x5F, 0x7F, 0xFD, 0xF5, 0x67, 0x3E} },
    { 3, 0xA8, 0, {0x5D, 0xD9, 0xBF, 0x07, 0x89, 0x64, 0x40, 0x0F} },
    { 98, 0x121, 0, {0x87, 0x0D, 0x00, 0x40, 0x36, 0x62, 0x7E, 0xFE} },
    { 5, 0xA7, 0, {0x1A, 0xDA, 0x5F, 0x7F, 0xFD, 0xF5, 0x67, 0x3E} },
    { 2, 0xA8, 0, {0xA8, 0xDA, 0xBF, 0x07, 0x89, 0x64, 0x3E, 0x0F} },
    { 94, 0xA7, 0, {0x74, 0xDB, 0x5F, 0x7F, 0xFD, 0xF5, 0x67, 0x3E} },
    { 2, 0xA8, 0, {0x79, 0xDB, 0xBF, 0x07, 0x89, 0x64, 0x3C, 0x0F} },
    { 93, 0x121, 0, {0x14, 0x0E, 0x00, 0x40, 0x36, 0x62, 0x7E, 0xFE} },
    { 2, 0x3BE, 0, {0xC5, 0x1F, 0x07, 0x01, 0xA8, 0xC0, 0x08, 0x80} },
    { 3, 0xA7, 0, {0xCB, 0xDC, 0x5F, 0x7F, 0xFD, 0xF5, 0x67, 0x3E} },
    { 2, 0xA8, 0, {0x67, 0xDC, 0xBF, 0x07, 0x89, 0x64, 0x3C, 0x0F} },
    { 97, 0xA7, 0, {0x3B, 0xDD, 0x5F, 0x7F, 0xFD, 0xF5, 0x67, 0x3E} },
    { 2, 0xA8, 0, {0x74, 0xDD, 0xBF, 0x07, 0x89, 0x64, 0x3C, 0x0F} },
    { 98, 0x121, 0, {0xA2, 0x0F, 0x00, 0x40, 0x36, 0x62, 0x7E, 0xFE} },
    { 2, 0xA7, 0, {0xB0, 0xDE, 0x5F, 0x7F, 0xFD, 0xF5, 0x67, 0x3E} },
    { 3, 0xA8, 0, {0x70, 0xDE, 0xBF, 0x07, 0x89, 0x64, 0x40, 0x0F} },
    { 93, 0xA7, 0, {0x77, 0xDF, 0x1F, 0x7F, 0xFD, 0xF5, 0x67, 0x3E} },
    { 3, 0xA8, 0, {0xFF, 0xDF, 0xBF, 0x07, 0x89, 0x64, 0x40, 0x0F} },
    { 95, 0x121, 0, {0x6C, 0x00, 0x00, 0x40, 0x36, 0x62, 0x7E, 0xFE} },
    { 5, 0xA7, 0, {0xA7, 0xD0, 0x5F, 0x7F, 0xFD, 0xF5, 0x67, 0x3E} },
    { 3, 0xA8, 0, {0x97, 0xD0, 0xBF, 0x07, 0x89, 0x64, 0x40, 0x0F} },
    { 96, 0xA7, 0, {0x2F, 0xD1, 0x5F, 0x7F, 0xFD, 0xF5, 0x67, 0x3E} },
    { 2, 0xA8, 0, {0x47, 0xD1, 0xBF, 0x07, 0x89, 0x64, 0x3E, 0x0F} },
    { 98, 0x121, 0, {0x00, 0x01, 0x00, 0x40, 0x36, 0x62, 0x7E, 0xFE} },
    { 3, 0xA7, 0, {0x5B, 0xD2, 0x5F, 0x7F, 0xFD, 0xF5, 0x67, 0x3E} },
    { 2, 0xA8, 0, {0xB7, 0xD2, 0xBF, 0x07, 0x89, 0x64, 0x3C, 0x0F} },
    { 94, 0xA7, 0, {0xDA, 0xD3, 0x5F, 0x7F, 0xFD, 0xF5, 0x67, 0x3E} },
    { 2, 0xA8, 0, {0x7C, 0xD3, 0xBF, 0x07, 0x89, 0x64, 0x3A, 0x0F} },
    { 96, 0x121, 0, {0x8F, 0x02, 0x00, 0x40, 0x36, 0x62, 0x7E, 0xFE} },
    { 3, 0xA8, 0, {0xCC, 0xD4, 0xBF, 0x07, 0x89, 0x64, 0x38, 0x0F} },
    { 2, 0xA7, 0, {0xE0, 0xD4, 0x5F, 0x7F, 0xFD, 0xF5, 0x67, 0x3E} },
    { 17, 0x640, 0, {0x02, 0x82, 0x71, 0xB9, 0x76, 0x20, 0x03, 0x38} },
    { 83, 0xA7, 0, {0x9B, 0xD5, 0x5F, 0x7F, 0xFD, 0xF5, 0x67, 0x3E} },
    { 2, 0xA8, 0, {0xA6, 0xD5, 0xBF, 0x07, 0x89, 0x64, 0x38, 0x0F} },
    { 96, 0x121, 0, {0x7D, 0x03, 0x00, 0x40, 0x36, 0x62, 0x7E, 0xFE} },
    { 2, 0x3BE, 0, {0x7C, 0x10, 0x07, 0x01, 0xA8, 0xC0, 0x08, 0x80} },
    { 3, 0xA7, 0, {0x08, 0xD6, 0x5F, 0x7F, 0xFD, 0xF5, 0x67, 0x3E} },
    { 2, 0xA8, 0, {0xC2, 0xD6, 0xBF, 0x07, 0x89, 0x64, 0x36, 0x0F} },
    { 64, 0x1B000076, 1, {0x76, 0x00, 0x04, 0x01, 0x01, 0x00, 0x00, 0x00} },
    { 28, 0xA7, 0, {0x81, 0xD7, 0x5F, 0x7F, 0xFD, 0xF5, 0x67, 0x3E} },
    { 3, 0xA8, 0, {0xEF, 0xD7, 0xBF, 0x07, 0x89, 0x64, 0x32, 0x0F} },
    { 94, 0x121, 0, {0xC0, 0x04, 0x00, 0x40, 0x36, 0x62, 0x7E, 0xFE} },
    { 6, 0xA8, 0, {0xD1, 0xD8, 0xBF, 0x07, 0x89, 0x64, 0x30, 0x0F} },
    { 2, 0xA7, 0, {0xCC, 0xD8, 0x5F, 0x7F, 0xFD, 0xF5, 0x67, 0x3E} },
    { 95, 0xA7, 0, {0x1C, 0xD9, 0x5F, 0x7F, 0xFD, 0xF5, 0x67, 0x3E} },
    { 2, 0xA8, 0, {0x17, 0xD9, 0xBF, 0x07, 0x89, 0x64, 0x2E, 0x0F} },
    { 98, 0x121, 0, {0xF7, 0x05, 0x00, 0x40, 0x36, 0x62, 0x7E, 0xFE} },
    { 2, 0xA7, 0, {0x1A, 0xDA, 0x5F, 0x7F, 0xFD, 0xF5, 0x67, 0x3E} },
    { 3, 0xA8, 0, {0x54, 0xDA, 0xBF, 0x07, 0x89, 0x64, 0x2C, 0x0F} },
    { 95, 0xA7, 0, {0x74, 0xDB, 0x5F, 0x7F, 0xFD, 0xF5, 0x67, 0x3E} },
    { 2, 0xA8, 0, {0x99, 0xDB, 0xBF, 0x07, 0x89, 0x64, 0x2C, 0x0F} },
    { 96, 0x121, 0, {0xF0, 0x06, 0x00, 0x40, 0x36, 0x62, 0x7E, 0xFE} },
    { 3, 0xA8, 0, {0xBF, 0xDC, 0xBF, 0x07, 0x89, 0x64, 0x28, 0x0F} },
    { 2, 0xA7, 0, {0xCB, 0xDC, 0x5F, 0x7F, 0xFD, 0xF5, 0x67, 0x3E} },
    { 97, 0xA7, 0, {0x3B, 0xDD, 0x5F, 0x7F, 0xFD, 0xF5, 0x67, 0x3E} },
    { 3, 0xA8, 0, {0xE4, 0xDD, 0xBF, 0x07, 0x89, 0x64, 0x24, 0x0F} },
    { 96, 0x121, 0, {0xA3, 0x07, 0x00, 0x40, 0x36, 0x62, 0x7E, 0xFE} },
    { 2, 0xA7, 0, {0xB0, 0xDE, 0x5F, 0x7F, 0xFD, 0xF5, 0x67, 0x3E} },
    { 2, 0xA8, 0, {0x6E, 0xDE, 0xBF, 0x07, 0x89, 0x64, 0x20, 0x0F} },
    { 101, 0xA7, 0, {0x6E, 0xDF, 0x5F, 0x7F, 0xFD, 0xF5, 0x67, 0x3E} },
    { 2, 0xA8, 0, {0xA6, 0xDF, 0xBF, 0x07, 0x89, 0x64, 0x1C, 0x0F} },
    { 94, 0x121, 0, {0x60, 0x08, 0x00, 0x40, 0x36, 0x62, 0x7E, 0xFE} },
    { 2, 0x3BE, 0, {0x08, 0x11, 0x07, 0x01, 0xA8, 0xC0, 0x08, 0x80} },
    { 2, 0xA8, 0, {0xF6, 0xD0, 0xBF, 0x07, 0x89, 0x64, 0x18, 0x0F} },
    { 3, 0xA7, 0, {0xA7, 0xD0, 0x5F, 0x7F, 0xFD, 0xF5, 0x67, 0x3E} },
    { 97, 0xA7, 0, {0x2F, 0xD1, 0x5F, 0x7F, 0xFD, 0xF5, 0x67, 0x3E} },
    { 8, 0xA8, 0, {0xD8, 0xD1, 0xBF, 0x07, 0x89, 0x64, 0x16, 0x0F} },
    { 85, 0x121, 0, {0x9F, 0x09, 0x00, 0x40, 0x36, 0x62, 0x7E, 0xFE} },
    { 3, 0xA7, 0, {0x5B, 0xD2, 0x5F, 0x7F, 0xFD, 0xF5, 0x67, 0x3E} },
    { 2, 0xA8, 0, {0x0C, 0xD2, 0xBF, 0x07, 0x89, 0x64, 0x12, 0x0F} },
    { 101, 0xA7, 0, {0xDA, 0xD3, 0x5F, 0x7F, 0xFD, 0xF5, 0x67, 0x3E} },
    { 2, 0xA8, 0, {0x4B, 0xD3, 0xBF, 0x07, 0x89, 0x64, 0x0E, 0x0F} },
    { 94, 0x121, 0, {0xFA, 0x0A, 0x00, 0x40, 0x36, 0x62, 0x7E, 0xFE} },
    { 5, 0xA7, 0, {0xE0, 0xD4, 0x5F, 0x7F, 0xFD, 0xF5, 0x67, 0x3E} },
    { 3, 0xA8, 0, {0xFB, 0xD4, 0xBF, 0x07, 0x89, 0x64, 0x0C, 0x0F} },
    { 98, 0xA7, 0, {0x9B, 0xD5, 0x5F, 0x7F, 0xFD, 0xF5, 0x67, 0x3E} },
    { 4, 0xA8, 0, {0xB5, 0xD5, 0xBF, 0x07, 0x89, 0x64, 0x0A, 0x0F} },
    { 89, 0x121, 0, {0x51, 0x0B, 0x00, 0x40, 0x36, 0x62, 0x7E, 0xFE} },
    { 3, 0xA7, 0, {0xB9, 0xD6, 0x5F, 0x7F, 0xFD, 0xF9, 0x67, 0x3E} },
    { 2, 0xA8, 0, {0x99, 0xD6, 0xBF, 0x07, 0x89, 0x64, 0x08, 0x0F} },
    { 101, 0xA7, 0, {0x30, 0xD7, 0x5F, 0x7F, 0xFD, 0xF9, 0x67, 0x3E} },
    { 2, 0xA8, 0, {0x8C, 0xD7, 0xBF, 0x07, 0x89, 0x64, 0x08, 0x0F} },
    { 89, 0x121, 0, {0x94, 0x0C, 0x00, 0x40, 0x36, 0x62, 0x7E, 0xFE} },
    { 3, 0xA8, 0, {0x35, 0xD8, 0x9F, 0x07, 0x89, 0x64, 0x08, 0x0F} },
    { 2, 0xA7, 0, {0x7D, 0xD8, 0x5F, 0x7F, 0xFD, 0xF9, 0x67, 0x3E} },
    { 101, 0xA7, 0, {0xAD, 0xD9, 0x5F, 0x7F, 0xFD, 0xF9, 0x67, 0x3E} },
    { 2, 0xA8, 0, {0x13, 0xD9, 0x9F, 0x07, 0x89, 0x64, 0x06, 0x0F} },
    { 92, 0x121, 0, {0x87, 0x0D, 0x00, 0x40, 0x36, 0x62, 0x7E, 0xFE} },
    { 2, 0x3BE, 0, {0x67, 0x12, 0x07, 0x01, 0xA8, 0xC0, 0x08, 0x80} },
    { 3, 0xA7, 0, {0xAB, 0xDA, 0x5F, 0x7F, 0xFD, 0xF9, 0x67, 0x3E} },
    { 2, 0xA8, 0, {0x4C, 0xDA, 0x9F, 0x07, 0x89, 0x64, 0x06, 0x0F} },
    { 68, 0x1B000076, 1, {0x76, 0x00, 0x04, 0x01, 0x01, 0x00, 0x00, 0x00} },
    { 31, 0xA7, 0, {0xC5, 0xDB, 0x5F, 0x7F, 0xFD, 0xF9, 0x67, 0x3E} },
    { 2, 0xA8, 0, {0x9D, 0xDB, 0x9F, 0x07, 0x89, 0x64, 0x04, 0x0F} },
    { 93, 0x121, 0, {0x14, 0x0E, 0x00, 0x40, 0x36, 0x62, 0x7E, 0xFE} },
    { 5, 0xA8, 0, {0x9F, 0xDC, 0x9F, 0x07, 0x89, 0x64, 0x06, 0x0F} },
    { 3, 0xA7, 0, {0x7A, 0xDC, 0x5F, 0x7F, 0xFD, 0xF9, 0x67, 0x3E} },
    { 93, 0xA7, 0, {0xA1, 0xDD, 0x9F, 0x7F, 0xFD, 0xF9, 0x67, 0x3E} },
    { 3, 0xA8, 0, {0xD8, 0xDD, 0x9F, 0x07, 0x89, 0x64, 0x08, 0x0F} },
    { 95, 0x121, 0, {0xA2, 0x0F, 0x00, 0x40, 0x36, 0x62, 0x7E, 0xFE} },
    { 3, 0xA7, 0, {0x2A, 0xDE, 0x9F, 0x7F, 0xFD, 0xF9, 0x67, 0x3E} },
    { 2, 0xA8, 0, {0x6A, 0xDE, 0x9F, 0x07, 0x89, 0x64, 0x08, 0x0F} },
    { 101, 0xA7, 0, {0xF4, 0xDF, 0x9F, 0x7F, 0xFD, 0xF9, 0x67, 0x3E} },
    { 3, 0xA8, 0, {0xE5, 0xDF, 0x9F, 0x07, 0x89, 0x64, 0x08, 0x0F} },
    { 92, 0x121, 0, {0x6C, 0x00, 0x00, 0x40, 0x36, 0x62, 0x7E, 0xFE} },
    { 3, 0xA8, 0, {0x91, 0xD0, 0x9F, 0x07, 0x89, 0x64, 0x0A, 0x0F} },
    { 3, 0xA7, 0, {0x3D, 0xD0, 0x9F, 0x7F, 0xFD, 0xF9, 0x67, 0x3E} },
    { 96, 0xA7, 0, {0xB5, 0xD1, 0x9F, 0x7F, 0xFD, 0xF9, 0x67, 0x3E} },
    { 2, 0xA8, 0, {0xCF, 0xD1, 0x9F, 0x07, 0x89, 0x64, 0x0C, 0x0F} },
    { 95, 0x121, 0, {0x00, 0x01, 0x00, 0x40, 0x36, 0x62, 0x7E, 0xFE} },
    { 2, 0xA7, 0, {0xC1, 0xD2, 0x9F, 0x7F, 0xFD, 0xF9, 0x67, 0x3E} },
    { 3, 0xA8, 0, {0x8B, 0xD2, 0x9F, 0x07, 0x89, 0x64, 0x10, 0x0F} },
    { 103, 0xA7, 0, {0x40, 0xD3, 0x9F, 0x7F, 0xFD, 0xF9, 0x67, 0x3E} },
    { 2, 0xA8, 0, {0x5C, 0xD3, 0x9F, 0x07, 0x89, 0x64, 0x14, 0x0F} },
    { 90, 0x121, 0, {0x8F, 0x02, 0x00, 0x40, 0x36, 0x62, 0x7E, 0xFE} },
    { 3, 0x3BE, 0, {0x94, 0x13, 0x07, 0x01, 0xA8, 0xC0, 0x08, 0x80} },
    { 2, 0xA7, 0, {0xB3, 0xE4, 0x9F, 0x7F, 0xFD, 0xF9, 0x67, 0x3E} },
    { 3, 0xA8, 0, {0xEC, 0xD4, 0x9F, 0x07, 0x89, 0x64, 0x16, 0x0F} },
    { 95, 0xA7, 0, {0xE3, 0xE5, 0x5F, 0x7F, 0xFD, 0xF9, 0x67, 0x3E} },
    { 3, 0xA8, 0, {0xD2, 0xD5, 0x9F, 0x07, 0x89, 0x64, 0x18, 0x0F} },
    { 95, 0x121, 0, {0x7D, 0x03, 0x00, 0x40, 0x36, 0x62, 0x7E, 0xFE} },
    { 2, 0xA7, 0, {0x70, 0xE6, 0x5F, 0x7F, 0xFD, 0xF9, 0x67, 0x3E} },
    { 2, 0xA8, 0, {0xB6, 0xD6, 0x9F, 0x07, 0x89, 0x64, 0x16, 0x0F} },
    { 99, 0xA7, 0, {0xF9, 0xE7, 0x5F, 0x7F, 0xFD, 0xF9, 0x67, 0x3E} },
    { 2, 0xA8, 0, {0xA3, 0xD7, 0x9F, 0x07, 0x89, 0x64, 0x16, 0x0F} },
    { 95, 0x121, 0, {0xC0, 0x04, 0x00, 0x40, 0x36, 0x62, 0x7E, 0xFE} },
    { 5, 0xA7, 0, {0xB4, 0xE8, 0x5F, 0x7F, 0xFD, 0xF9, 0x67, 0x3E} },
    { 2, 0xA8, 0, {0xC9, 0xD8, 0x9F, 0x07, 0x89, 0x64, 0x1A, 0x0F} },
    { 96, 0xA7, 0, {0x64, 0xE9, 0x5F, 0x7F, 0xFD, 0xF9, 0x67, 0x3E} },
    { 2, 0xA8, 0, {0x83, 0xD9, 0x9F, 0x07, 0x89, 0x64, 0x1E, 0x0F} },
    { 99, 0x121, 0, {0xF7, 0x05, 0x00, 0x40, 0x36, 0x62, 0x7E, 0xFE} },
    { 2, 0xA7, 0, {0xD3, 0xEA, 0x5F, 0x7F, 0xFD, 0xF5, 0x67, 0x3E} },
    { 2, 0xA8, 0, {0x9B, 0xDA, 0x9F, 0x07, 0x89, 0x64, 0x22, 0x0F} },
    { 93, 0xA7, 0, {0xBD, 0xEB, 0x5F, 0x7F, 0xFD, 0xF5, 0x67, 0x3E} },
    { 2, 0xA8, 0, {0x72, 0xDB, 0x9F, 0x07, 0x89, 0x64, 0x24, 0x0F} },
    { 98, 0x121, 0, {0xF0, 0x06, 0x00, 0x40, 0x36, 0x62, 0x7E, 0xFE} },
    { 3, 0xA8, 0, {0x6C, 0xDC, 0x9F, 0x07, 0x89, 0x64, 0x24, 0x0F} },
    { 2, 0xA7, 0, {0xCB, 0xDC, 0x5F, 0x7F, 0xFD, 0xF5, 0x67, 0x3E} },
    { 27, 0x641, 0, {0x13, 0x17, 0x21, 0x4F, 0x13, 0x0A, 0x55, 0x92} },
    { 74, 0xA7, 0, {0x3B, 0xDD, 0x5F, 0x7F, 0xFD, 0xF5, 0x67, 0x3E} },
    { 2, 0xA8, 0, {0x63, 0xDD, 0x9F, 0x07, 0x89, 0x64, 0x26, 0x0F} },
    { 96, 0x121, 0, {0xA3, 0x07, 0x00, 0x40, 0x36, 0x62, 0x7E, 0xFE} },
    { 2, 0x3BE, 0, {0x63, 0x14, 0x07, 0x01, 0xA8, 0xC0, 0x08, 0x80} },
    { 3, 0xA7, 0, {0xB0, 0xDE, 0x5F, 0x7F, 0xFD, 0xF5, 0x67, 0x3E} },
    { 2, 0xA8, 0, {0x85, 0xDE, 0x9F, 0x07, 0x89, 0x64, 0x28, 0x0F} },
    { 62, 0x1B000076, 1, {0x76, 0x00, 0x04, 0x01, 0x01, 0x00, 0x00, 0x00} },
    { 27, 0xA7, 0, {0x6E, 0xDF, 0x5F, 0x7F, 0xFD, 0xF5, 0x67, 0x3E} },
    { 3, 0xA8, 0, {0x32, 0xDF, 0x9F, 0x07, 0x89, 0x64, 0x2C, 0x0F} },
    { 99, 0x121, 0, {0x60, 0x08, 0x00, 0x40, 0x36, 0x62, 0x7E, 0xFE} },
    { 5, 0xA8, 0, {0xF2, 0xD0, 0x9F, 0x07, 0x89, 0x64, 0x30, 0x0F} },
    { 3, 0xA7, 0, {0xA7, 0xD0, 0x5F, 0x7F, 0xFD, 0xF5, 0x67, 0x3E} },
    { 93, 0xA7, 0, {0x2F, 0xD1, 0x5F, 0x7F, 0xFD, 0xF5, 0x67, 0x3E} },
    { 2, 0xA8, 0, {0x13, 0xD1, 0xBF, 0x07, 0x89, 0x64, 0x30, 0x0F} },
    { 99, 0x121, 0, {0x9F, 0x09, 0x00, 0x40, 0x36, 0x62, 0x7E, 0xFE} },
    { 2, 0xA7, 0, {0x5B, 0xD2, 0x5F, 0x7F, 0xFD, 0xF5, 0x67, 0x3E} }
 };
 uint32_t ARRAY_SIZE=sizeof(can_data)/sizeof(can_data[0]);


